analysis,dataset,width,method,comparison,metric,point_estimate,ci_95_lower,ci_95_upper,replicates,resampling
method_metric,mnist,8,PdrQC-Matched,,accuracy,0.7934,0.7859,0.8008025,10000,stratified_paired_image_bootstrap
method_metric,mnist,8,PdrQC-Matched,,macro_f1,0.7888744587710689,0.7812357773703251,0.7964511655366281,10000,stratified_paired_image_bootstrap
method_metric,mnist,8,C-RBF,,accuracy,0.8443,0.8376975,0.8511,10000,stratified_paired_image_bootstrap
method_metric,mnist,8,C-RBF,,macro_f1,0.8410626627962084,0.8342376836593247,0.8479706270805668,10000,stratified_paired_image_bootstrap
method_metric,mnist,8,C-RFF,,accuracy,0.8369,0.8301,0.8437666666666667,10000,stratified_paired_image_bootstrap_with_seed_resampling
method_metric,mnist,8,C-RFF,,macro_f1,0.833638498110815,0.8267085373505909,0.8406195781703772,10000,stratified_paired_image_bootstrap_with_seed_resampling
method_metric,mnist,8,C-Trig,,accuracy,0.8297,0.8228,0.8368,10000,stratified_paired_image_bootstrap
method_metric,mnist,8,C-Trig,,macro_f1,0.825984997882445,0.8190221582879492,0.8332016456688965,10000,stratified_paired_image_bootstrap
method_metric,mnist,12,PdrQC-Matched,,accuracy,0.8257,0.8185,0.8329,10000,stratified_paired_image_bootstrap
method_metric,mnist,12,PdrQC-Matched,,macro_f1,0.8225203359658495,0.8151332031470032,0.8297671048946922,10000,stratified_paired_image_bootstrap
method_metric,mnist,12,C-RBF,,accuracy,0.9026,0.8968,0.9083,10000,stratified_paired_image_bootstrap
method_metric,mnist,12,C-RBF,,macro_f1,0.9010503140814862,0.8952342144037533,0.90686368153158,10000,stratified_paired_image_bootstrap
method_metric,mnist,12,C-RFF,,accuracy,0.8779666666666667,0.8717,0.8842675,10000,stratified_paired_image_bootstrap_with_seed_resampling
method_metric,mnist,12,C-RFF,,macro_f1,0.8759394418008245,0.8695698129893312,0.8823308501051299,10000,stratified_paired_image_bootstrap_with_seed_resampling
method_metric,mnist,12,C-Trig,,accuracy,0.8881,0.882,0.8941,10000,stratified_paired_image_bootstrap
method_metric,mnist,12,C-Trig,,macro_f1,0.8861241665861648,0.8799014546268715,0.8922291118234735,10000,stratified_paired_image_bootstrap
method_metric,mnist,16,PdrQC-Matched,,accuracy,0.8018,0.7942,0.8094,10000,stratified_paired_image_bootstrap
method_metric,mnist,16,PdrQC-Matched,,macro_f1,0.7989768884500668,0.7912660312622274,0.8065197970198541,10000,stratified_paired_image_bootstrap
method_metric,mnist,16,C-RBF,,accuracy,0.9173,0.9119,0.9226,10000,stratified_paired_image_bootstrap
method_metric,mnist,16,C-RBF,,macro_f1,0.916093240119328,0.9106084535358819,0.9214716214417903,10000,stratified_paired_image_bootstrap
method_metric,mnist,16,C-RFF,,accuracy,0.8379333333333333,0.8254324999999999,0.8504008333333334,10000,stratified_paired_image_bootstrap_with_seed_resampling
method_metric,mnist,16,C-RFF,,macro_f1,0.8357103013242444,0.8228623912617958,0.848466381723277,10000,stratified_paired_image_bootstrap_with_seed_resampling
method_metric,mnist,16,C-Trig,,accuracy,0.9003,0.8944,0.9060025,10000,stratified_paired_image_bootstrap
method_metric,mnist,16,C-Trig,,macro_f1,0.8986499658356395,0.8926853539752047,0.9044703326693357,10000,stratified_paired_image_bootstrap
method_metric,mnist,512,C-ResNet,,accuracy,0.9637,0.96,0.9672,10000,stratified_paired_image_bootstrap
method_metric,mnist,512,C-ResNet,,macro_f1,0.9632109317675329,0.9594770763604497,0.9667996473525999,10000,stratified_paired_image_bootstrap
paired_accuracy_difference,mnist,,PdrQC-Matched,PdrQC PCA12-Q12 minus PCA8-Q8,accuracy_difference,0.032299999999999995,0.025600000000000064,0.039000000000000035,10000,stratified_paired_image_bootstrap
paired_accuracy_difference,mnist,,PdrQC-Matched,PdrQC PCA16-Q16 minus PCA8-Q8,accuracy_difference,0.008399999999999963,0.001200000000000087,0.015699999999999936,10000,stratified_paired_image_bootstrap
paired_accuracy_difference,mnist,,PdrQC-Matched,PdrQC PCA8-Q8 minus C-RBF,accuracy_difference,-0.050900000000000056,-0.05720000000000003,-0.04470000000000007,10000,stratified_paired_image_bootstrap
paired_accuracy_difference,mnist,,PdrQC-Matched,PdrQC PCA8-Q8 minus C-RFF,accuracy_difference,-0.04349999999999998,-0.04956666666666665,-0.03746666666666687,10000,stratified_paired_image_bootstrap
paired_accuracy_difference,mnist,,PdrQC-Matched,PdrQC PCA8-Q8 minus C-Trig,accuracy_difference,-0.0363,-0.042300000000000004,-0.03049999999999997,10000,stratified_paired_image_bootstrap
paired_accuracy_difference,mnist,,PdrQC-Matched,PdrQC PCA8-Q8 minus C-ResNet,accuracy_difference,-0.1703,-0.17780000000000007,-0.16280000000000006,10000,stratified_paired_image_bootstrap
paired_accuracy_difference,mnist,,PdrQC-Matched,PdrQC PCA12-Q12 minus C-RBF,accuracy_difference,-0.07689999999999997,-0.08339999999999992,-0.0706,10000,stratified_paired_image_bootstrap
paired_accuracy_difference,mnist,,PdrQC-Matched,PdrQC PCA12-Q12 minus C-RFF,accuracy_difference,-0.052266666666666683,-0.05866750000000009,-0.04593333333333349,10000,stratified_paired_image_bootstrap
paired_accuracy_difference,mnist,,PdrQC-Matched,PdrQC PCA12-Q12 minus C-Trig,accuracy_difference,-0.06240000000000001,-0.0685,-0.056400000000000006,10000,stratified_paired_image_bootstrap
paired_accuracy_difference,mnist,,PdrQC-Matched,PdrQC PCA12-Q12 minus C-ResNet,accuracy_difference,-0.138,-0.14490000000000003,-0.13090000000000002,10000,stratified_paired_image_bootstrap
paired_accuracy_difference,mnist,,PdrQC-Matched,PdrQC PCA16-Q16 minus C-RBF,accuracy_difference,-0.11550000000000005,-0.12250000000000005,-0.10850000000000004,10000,stratified_paired_image_bootstrap
paired_accuracy_difference,mnist,,PdrQC-Matched,PdrQC PCA16-Q16 minus C-RFF,accuracy_difference,-0.03613333333333335,-0.0494,-0.023100000000000117,10000,stratified_paired_image_bootstrap
paired_accuracy_difference,mnist,,PdrQC-Matched,PdrQC PCA16-Q16 minus C-Trig,accuracy_difference,-0.09850000000000003,-0.10570000000000002,-0.09149999999999991,10000,stratified_paired_image_bootstrap
paired_accuracy_difference,mnist,,PdrQC-Matched,PdrQC PCA16-Q16 minus C-ResNet,accuracy_difference,-0.16190000000000004,-0.1693,-0.15459999999999996,10000,stratified_paired_image_bootstrap
method_metric,fashion_mnist,8,PdrQC-Matched,,accuracy,0.7718,0.7644,0.7795,10000,stratified_paired_image_bootstrap
method_metric,fashion_mnist,8,PdrQC-Matched,,macro_f1,0.769633944448594,0.7621537871251317,0.7773506900867599,10000,stratified_paired_image_bootstrap
method_metric,fashion_mnist,8,C-RBF,,accuracy,0.7937,0.7864,0.801,10000,stratified_paired_image_bootstrap
method_metric,fashion_mnist,8,C-RBF,,macro_f1,0.7921757118415812,0.7849020240048561,0.79951393719684,10000,stratified_paired_image_bootstrap
method_metric,fashion_mnist,8,C-RFF,,accuracy,0.7902333333333335,0.7828333333333334,0.7977333333333334,10000,stratified_paired_image_bootstrap_with_seed_resampling
method_metric,fashion_mnist,8,C-RFF,,macro_f1,0.7890528911062256,0.7816291162214193,0.7964218032153579,10000,stratified_paired_image_bootstrap_with_seed_resampling
method_metric,fashion_mnist,8,C-Trig,,accuracy,0.787,0.7796,0.7946,10000,stratified_paired_image_bootstrap
method_metric,fashion_mnist,8,C-Trig,,macro_f1,0.7856438442753846,0.7781479375873979,0.7932298394388637,10000,stratified_paired_image_bootstrap
method_metric,fashion_mnist,12,PdrQC-Matched,,accuracy,0.7633,0.7558,0.7709,10000,stratified_paired_image_bootstrap
method_metric,fashion_mnist,12,PdrQC-Matched,,macro_f1,0.760806160182257,0.7532699483594281,0.7684146576327647,10000,stratified_paired_image_bootstrap
method_metric,fashion_mnist,12,C-RBF,,accuracy,0.8154,0.8082,0.8224,10000,stratified_paired_image_bootstrap
method_metric,fashion_mnist,12,C-RBF,,macro_f1,0.8159698465358914,0.8088121573431952,0.8228766694122168,10000,stratified_paired_image_bootstrap
method_metric,fashion_mnist,12,C-RFF,,accuracy,0.7991,0.7919666666666666,0.8062,10000,stratified_paired_image_bootstrap_with_seed_resampling
method_metric,fashion_mnist,12,C-RFF,,macro_f1,0.7988460331501885,0.7916764110030912,0.8059601187485141,10000,stratified_paired_image_bootstrap_with_seed_resampling
method_metric,fashion_mnist,12,C-Trig,,accuracy,0.8028,0.7955,0.8101,10000,stratified_paired_image_bootstrap
method_metric,fashion_mnist,12,C-Trig,,macro_f1,0.802599883744573,0.79542603337628,0.8098258452695043,10000,stratified_paired_image_bootstrap
method_metric,fashion_mnist,16,PdrQC-Matched,,accuracy,0.7654,0.758,0.773,10000,stratified_paired_image_bootstrap
method_metric,fashion_mnist,16,PdrQC-Matched,,macro_f1,0.7633948993291135,0.7560251644889366,0.7710856111676041,10000,stratified_paired_image_bootstrap
method_metric,fashion_mnist,16,C-RBF,,accuracy,0.8278,0.8208,0.8349,10000,stratified_paired_image_bootstrap
method_metric,fashion_mnist,16,C-RBF,,macro_f1,0.8272443891611262,0.820268972891475,0.8343025674886076,10000,stratified_paired_image_bootstrap
method_metric,fashion_mnist,16,C-RFF,,accuracy,0.7702,0.7606658333333334,0.7791,10000,stratified_paired_image_bootstrap_with_seed_resampling
method_metric,fashion_mnist,16,C-RFF,,macro_f1,0.769839546689603,0.76050567983533,0.7786267107921203,10000,stratified_paired_image_bootstrap_with_seed_resampling
method_metric,fashion_mnist,16,C-Trig,,accuracy,0.812,0.8049,0.8191,10000,stratified_paired_image_bootstrap
method_metric,fashion_mnist,16,C-Trig,,macro_f1,0.8116655255923073,0.8045395282515488,0.8187555794504829,10000,stratified_paired_image_bootstrap
method_metric,fashion_mnist,512,C-ResNet,,accuracy,0.8647,0.8583,0.871,10000,stratified_paired_image_bootstrap
method_metric,fashion_mnist,512,C-ResNet,,macro_f1,0.864544660540011,0.8581393302078526,0.8707457648018292,10000,stratified_paired_image_bootstrap
paired_accuracy_difference,fashion_mnist,,PdrQC-Matched,PdrQC PCA12-Q12 minus PCA8-Q8,accuracy_difference,-0.008500000000000063,-0.013899999999999912,-0.0030999999999999917,10000,stratified_paired_image_bootstrap
paired_accuracy_difference,fashion_mnist,,PdrQC-Matched,PdrQC PCA16-Q16 minus PCA8-Q8,accuracy_difference,-0.006400000000000072,-0.012199999999999989,-0.0007000000000000339,10000,stratified_paired_image_bootstrap
paired_accuracy_difference,fashion_mnist,,PdrQC-Matched,PdrQC PCA8-Q8 minus C-RBF,accuracy_difference,-0.02189999999999992,-0.027699999999999947,-0.016100000000000003,10000,stratified_paired_image_bootstrap
paired_accuracy_difference,fashion_mnist,,PdrQC-Matched,PdrQC PCA8-Q8 minus C-RFF,accuracy_difference,-0.018433333333333413,-0.02420083333333344,-0.012533333333333396,10000,stratified_paired_image_bootstrap
paired_accuracy_difference,fashion_mnist,,PdrQC-Matched,PdrQC PCA8-Q8 minus C-Trig,accuracy_difference,-0.015199999999999991,-0.020499999999999963,-0.00990000000000002,10000,stratified_paired_image_bootstrap
paired_accuracy_difference,fashion_mnist,,PdrQC-Matched,PdrQC PCA8-Q8 minus C-ResNet,accuracy_difference,-0.09289999999999998,-0.10050000000000003,-0.08510000000000006,10000,stratified_paired_image_bootstrap
paired_accuracy_difference,fashion_mnist,,PdrQC-Matched,PdrQC PCA12-Q12 minus C-RBF,accuracy_difference,-0.052100000000000035,-0.05910000000000004,-0.04509999999999992,10000,stratified_paired_image_bootstrap
paired_accuracy_difference,fashion_mnist,,PdrQC-Matched,PdrQC PCA12-Q12 minus C-RFF,accuracy_difference,-0.035800000000000054,-0.04289999999999994,-0.028866666666666596,10000,stratified_paired_image_bootstrap
paired_accuracy_difference,fashion_mnist,,PdrQC-Matched,PdrQC PCA12-Q12 minus C-Trig,accuracy_difference,-0.03949999999999998,-0.04630000000000001,-0.03279999999999994,10000,stratified_paired_image_bootstrap
paired_accuracy_difference,fashion_mnist,,PdrQC-Matched,PdrQC PCA12-Q12 minus C-ResNet,accuracy_difference,-0.10140000000000005,-0.10919999999999996,-0.0937,10000,stratified_paired_image_bootstrap
paired_accuracy_difference,fashion_mnist,,PdrQC-Matched,PdrQC PCA16-Q16 minus C-RBF,accuracy_difference,-0.06240000000000001,-0.06989999999999996,-0.05500000000000005,10000,stratified_paired_image_bootstrap
paired_accuracy_difference,fashion_mnist,,PdrQC-Matched,PdrQC PCA16-Q16 minus C-RFF,accuracy_difference,-0.0048000000000000265,-0.013867500000000131,0.004799999999999918,10000,stratified_paired_image_bootstrap
paired_accuracy_difference,fashion_mnist,,PdrQC-Matched,PdrQC PCA16-Q16 minus C-Trig,accuracy_difference,-0.046600000000000086,-0.05369999999999997,-0.03950000000000009,10000,stratified_paired_image_bootstrap
paired_accuracy_difference,fashion_mnist,,PdrQC-Matched,PdrQC PCA16-Q16 minus C-ResNet,accuracy_difference,-0.09930000000000005,-0.10709999999999997,-0.09160000000000001,10000,stratified_paired_image_bootstrap
