contrast,dataset,metric,method_A,method_B,setting,effect_A_minus_B,ci_95_lower,ci_95_upper,raw_p,permutations,status,holm_p,interpretation,family
H1_fashion_mnist,fashion_mnist,accuracy,PdrQC-Matched,C-RBF,exact,-0.0219,-0.027599990367889404,-0.015900015830993652,9.999000099990002e-05,10000,ESTIMATED,0.0011998800119988001,Statistically detectable paired difference.,primary_12
H2_fashion_mnist,fashion_mnist,accuracy,QF-Ring,QF-Product,finite_shot_total_128,-0.024113333333333334,-0.031539976596832275,-0.01653298139572144,9.999000099990002e-05,10000,ESTIMATED,0.0011998800119988001,Statistically detectable paired difference.,primary_12
H3_fashion_mnist,fashion_mnist,accuracy,Yomo-Matched,VQC-DR,finite_shot_total_8,-0.06701333333333334,-0.07304016053676606,-0.06092001497745514,9.999000099990002e-05,10000,ESTIMATED,0.0011998800119988001,Statistically detectable paired difference.,primary_12
H4_fashion_mnist,fashion_mnist,accuracy,PdrQC-Matched,QF-Ring,finite_shot_total_128,0.21812666666666664,0.2100064292550087,0.2261732831597328,9.999000099990002e-05,10000,ESTIMATED,0.0011998800119988001,Statistically detectable paired difference.,primary_12
H1_cifar10,cifar10,accuracy,PdrQC-Matched,C-RBF,exact,-0.035,-0.041400015354156494,-0.02869999408721924,9.999000099990002e-05,10000,ESTIMATED,0.0011998800119988001,Statistically detectable paired difference.,primary_12
H2_cifar10,cifar10,accuracy,QF-Ring,QF-Product,finite_shot_total_128,-0.08938666666666668,-0.09767997339367866,-0.08105317875742912,9.999000099990002e-05,10000,ESTIMATED,0.0011998800119988001,Statistically detectable paired difference.,primary_12
H3_cifar10,cifar10,accuracy,Yomo-Matched,VQC-DR,finite_shot_total_8,-0.05820666666666667,-0.06824734397232532,-0.04841983057558537,9.999000099990002e-05,10000,ESTIMATED,0.0011998800119988001,Statistically detectable paired difference.,primary_12
H4_cifar10,cifar10,accuracy,PdrQC-Matched,QF-Ring,finite_shot_total_128,0.3387,0.3297130115330219,0.34774697571992874,9.999000099990002e-05,10000,ESTIMATED,0.0011998800119988001,Statistically detectable paired difference.,primary_12
H1_breastmnist,breastmnist,auroc,PdrQC-Matched,C-RBF,exact,0.01065162907268169,-0.10214598997493739,0.1223945279866332,0.8619138086191381,10000,ESTIMATED,0.8619138086191381,No statistically detectable difference was observed.,primary_12
H2_breastmnist,breastmnist,auroc,QF-Ring,QF-Product,finite_shot_total_128,-0.04895572263993342,-0.15846595655806178,0.057700849345585864,0.34856514348565143,10000,ESTIMATED,0.6971302869713029,No statistically detectable difference was observed.,primary_12
H3_breastmnist,breastmnist,auroc,Yomo-Matched,VQC-DR,finite_shot_total_8,-0.1189919242550822,-0.19911601921470332,-0.03888836675020883,0.019198080191980802,10000,ESTIMATED,0.07679232076792321,No statistically detectable difference was observed.,primary_12
H4_breastmnist,breastmnist,auroc,PdrQC-Matched,QF-Ring,finite_shot_total_128,0.1063074352548038,-0.0034913673071567466,0.21157198551935402,0.04329567043295671,10000,ESTIMATED,0.12988701129887012,No statistically detectable difference was observed.,primary_12
U_brier_fashion_mnist,fashion_mnist,brier,PdrQC-Matched,C-RBF,,-0.036035215922014474,-0.042311643500271306,-0.029817278755372136,9.999000099990002e-05,10000,ESTIMATED,0.0005999400059994001,Statistically detectable paired difference.,uncertainty_6
U_aurc_fashion_mnist,fashion_mnist,aurc,PdrQC-Matched,C-RBF,,-0.04592291238068133,-0.05253277470800699,-0.039205254610171894,9.999000099990002e-05,10000,ESTIMATED,0.0005999400059994001,Statistically detectable paired difference.,uncertainty_6
U_brier_cifar10,cifar10,brier,PdrQC-Matched,C-RBF,,-0.021345747183706916,-0.027253330050911757,-0.015424299083702972,9.999000099990002e-05,10000,ESTIMATED,0.0005999400059994001,Statistically detectable paired difference.,uncertainty_6
U_aurc_cifar10,cifar10,aurc,PdrQC-Matched,C-RBF,,-0.05796988014304438,-0.06784949352992185,-0.04823803977036032,9.999000099990002e-05,10000,ESTIMATED,0.0005999400059994001,Statistically detectable paired difference.,uncertainty_6
U_brier_breastmnist,breastmnist,brier,PdrQC-Matched,C-RBF,,0.01066387515106854,-0.056420811817313,0.07853302468313782,0.776022397760224,10000,ESTIMATED,1.0,No statistically detectable difference was observed.,uncertainty_6
U_aurc_breastmnist,breastmnist,aurc,PdrQC-Matched,C-RBF,,-0.026998558698539926,-0.10692859794665888,0.051537450412287224,0.5192480751924807,10000,ESTIMATED,1.0,No statistically detectable difference was observed.,uncertainty_6
