dataset,width,method,validation_accuracy,test_accuracy,macro_f1,model_seeds,status,absolute_accuracy_change_from_width8,accuracy_ci_95_lower,accuracy_ci_95_upper,macro_f1_ci_95_lower,macro_f1_ci_95_upper,pca_explained_variance
mnist,8,PdrQC-Matched,0.7916,0.7934,0.7888744587710689,42,IMPORTED_VERIFIED,0.0,0.7859,0.8008025,0.7812357773703251,0.7964511655366281,0.4183736741542816
mnist,8,C-RBF,0.8468,0.8443,0.8410626627962084,42,IMPORTED_VERIFIED,0.0,0.8376975,0.8511,0.8342376836593247,0.8479706270805668,0.4183736741542816
mnist,8,C-RFF,0.8372,0.8369,0.833638498110815,42;2026;3407,IMPORTED_VERIFIED,0.0,0.8301,0.8437666666666667,0.8267085373505909,0.8406195781703772,0.4183736741542816
mnist,8,C-Trig,0.824,0.8297,0.825984997882445,42,IMPORTED_VERIFIED,0.0,0.8228,0.8368,0.8190221582879492,0.8332016456688965,0.4183736741542816
mnist,12,PdrQC-Matched,0.8336,0.8257,0.8225203359658495,42,COMPLETED,0.032299999999999995,0.8185,0.8329,0.8151332031470032,0.8297671048946922,0.4959619343280792
mnist,12,C-RBF,0.9074,0.9026,0.9010503140814862,42,COMPLETED,0.05829999999999991,0.8968,0.9083,0.8952342144037533,0.90686368153158,0.4959619343280792
mnist,12,C-RFF,0.8765999999999999,0.8779666666666667,0.8759394418008245,42;2026;3407,COMPLETED,0.041066666666666696,0.8717,0.8842675,0.8695698129893312,0.8823308501051299,0.4959619343280792
mnist,12,C-Trig,0.891,0.8881,0.8861241665861648,42,COMPLETED,0.05840000000000001,0.882,0.8941,0.8799014546268715,0.8922291118234735,0.4959619343280792
mnist,16,PdrQC-Matched,0.8122,0.8018,0.7989768884500668,42,COMPLETED,0.008399999999999963,0.7942,0.8094,0.7912660312622274,0.8065197970198541,0.5466791391372681
mnist,16,C-RBF,0.9232,0.9173,0.916093240119328,42,COMPLETED,0.07299999999999995,0.9119,0.9226,0.9106084535358819,0.9214716214417903,0.5466791391372681
mnist,16,C-RFF,0.8345333333333333,0.8379333333333333,0.8357103013242444,42;2026;3407,COMPLETED,0.0010333333333333306,0.8254324999999999,0.8504008333333334,0.8228623912617958,0.848466381723277,0.5466791391372681
mnist,16,C-Trig,0.909,0.9003,0.8986499658356395,42,COMPLETED,0.0706,0.8944,0.9060025,0.8926853539752047,0.9044703326693357,0.5466791391372681
mnist,512,C-ResNet,0.9696,0.9637,0.9632109317675329,42,IMPORTED_VERIFIED_REFERENCE,0.0,0.96,0.9672,0.9594770763604497,0.9667996473525999,N/A
fashion_mnist,8,PdrQC-Matched,0.7736,0.7718,0.769633944448594,42,IMPORTED_VERIFIED,0.0,0.7644,0.7795,0.7621537871251317,0.7773506900867599,0.38782835006713867
fashion_mnist,8,C-RBF,0.7972,0.7937,0.7921757118415812,42,IMPORTED_VERIFIED,0.0,0.7864,0.801,0.7849020240048561,0.79951393719684,0.38782835006713867
fashion_mnist,8,C-RFF,0.7936000000000001,0.7902333333333335,0.7890528911062256,42;2026;3407,IMPORTED_VERIFIED,0.0,0.7828333333333334,0.7977333333333334,0.7816291162214193,0.7964218032153579,0.38782835006713867
fashion_mnist,8,C-Trig,0.792,0.787,0.7856438442753846,42,IMPORTED_VERIFIED,0.0,0.7796,0.7946,0.7781479375873979,0.7932298394388637,0.38782835006713867
fashion_mnist,12,PdrQC-Matched,0.7616,0.7633,0.760806160182257,42,COMPLETED,-0.008500000000000063,0.7558,0.7709,0.7532699483594281,0.7684146576327647,0.46108052134513855
fashion_mnist,12,C-RBF,0.8216,0.8154,0.8159698465358914,42,COMPLETED,0.021700000000000053,0.8082,0.8224,0.8088121573431952,0.8228766694122168,0.46108052134513855
fashion_mnist,12,C-RFF,0.8041999999999999,0.7991,0.7988460331501885,42;2026;3407,COMPLETED,0.008866666666666578,0.7919666666666666,0.8062,0.7916764110030912,0.8059601187485141,0.46108052134513855
fashion_mnist,12,C-Trig,0.8152,0.8028,0.802599883744573,42,COMPLETED,0.015799999999999925,0.7955,0.8101,0.79542603337628,0.8098258452695043,0.46108052134513855
fashion_mnist,16,PdrQC-Matched,0.7642,0.7654,0.7633948993291135,42,COMPLETED,-0.006400000000000072,0.758,0.773,0.7560251644889366,0.7710856111676041,0.512531042098999
fashion_mnist,16,C-RBF,0.8396,0.8278,0.8272443891611262,42,COMPLETED,0.03410000000000002,0.8208,0.8349,0.820268972891475,0.8343025674886076,0.512531042098999
fashion_mnist,16,C-RFF,0.778,0.7702,0.769839546689603,42;2026;3407,COMPLETED,-0.02003333333333346,0.7606658333333334,0.7791,0.76050567983533,0.7786267107921203,0.512531042098999
fashion_mnist,16,C-Trig,0.8262,0.812,0.8116655255923073,42,COMPLETED,0.025000000000000022,0.8049,0.8191,0.8045395282515488,0.8187555794504829,0.512531042098999
fashion_mnist,512,C-ResNet,0.8706,0.8647,0.864544660540011,42,IMPORTED_VERIFIED_REFERENCE,0.0,0.8583,0.871,0.8581393302078526,0.8707457648018292,N/A
