dataset,method,setting,shot_budget,coverage,risk,samples_retained
breastmnist,C-RBF,exact,exact,0.0064102564102564,0.0,1
breastmnist,C-RBF,exact,exact,0.0128205128205128,0.0,2
breastmnist,C-RBF,exact,exact,0.0256410256410256,0.0,4
breastmnist,C-RBF,exact,exact,0.032051282051282,0.2,5
breastmnist,C-RBF,exact,exact,0.0448717948717948,0.1428571428571428,7
breastmnist,C-RBF,exact,exact,0.0512820512820512,0.25,8
breastmnist,C-RBF,exact,exact,0.0641025641025641,0.2,10
breastmnist,C-RBF,exact,exact,0.0705128205128205,0.1818181818181818,11
breastmnist,C-RBF,exact,exact,0.0833333333333333,0.1538461538461538,13
breastmnist,C-RBF,exact,exact,0.0897435897435897,0.1428571428571428,14
breastmnist,C-RBF,exact,exact,0.1025641025641025,0.125,16
breastmnist,C-RBF,exact,exact,0.1153846153846153,0.1666666666666666,18
breastmnist,C-RBF,exact,exact,0.1217948717948717,0.1578947368421052,19
breastmnist,C-RBF,exact,exact,0.1346153846153846,0.1428571428571428,21
breastmnist,C-RBF,exact,exact,0.141025641025641,0.1363636363636363,22
breastmnist,C-RBF,exact,exact,0.1538461538461538,0.125,24
breastmnist,C-RBF,exact,exact,0.1602564102564102,0.12,25
breastmnist,C-RBF,exact,exact,0.173076923076923,0.1111111111111111,27
breastmnist,C-RBF,exact,exact,0.1794871794871795,0.1071428571428571,28
breastmnist,C-RBF,exact,exact,0.1923076923076923,0.1,30
breastmnist,C-RBF,exact,exact,0.2051282051282051,0.09375,32
breastmnist,C-RBF,exact,exact,0.2115384615384615,0.1212121212121212,33
breastmnist,C-RBF,exact,exact,0.2243589743589743,0.1142857142857142,35
breastmnist,C-RBF,exact,exact,0.2307692307692307,0.1111111111111111,36
breastmnist,C-RBF,exact,exact,0.2435897435897435,0.131578947368421,38
breastmnist,C-RBF,exact,exact,0.25,0.1538461538461538,39
breastmnist,C-RBF,exact,exact,0.2628205128205128,0.1463414634146341,41
breastmnist,C-RBF,exact,exact,0.2692307692307692,0.1428571428571428,42
breastmnist,C-RBF,exact,exact,0.282051282051282,0.1363636363636363,44
breastmnist,C-RBF,exact,exact,0.2884615384615384,0.1333333333333333,45
breastmnist,C-RBF,exact,exact,0.3012820512820512,0.1276595744680851,47
breastmnist,C-RBF,exact,exact,0.3141025641025641,0.1224489795918367,49
breastmnist,C-RBF,exact,exact,0.3205128205128205,0.12,50
breastmnist,C-RBF,exact,exact,0.3333333333333333,0.1538461538461538,52
breastmnist,C-RBF,exact,exact,0.3397435897435897,0.1698113207547169,53
breastmnist,C-RBF,exact,exact,0.3525641025641026,0.1636363636363636,55
breastmnist,C-RBF,exact,exact,0.358974358974359,0.1607142857142857,56
breastmnist,C-RBF,exact,exact,0.3717948717948718,0.1724137931034483,58
breastmnist,C-RBF,exact,exact,0.3782051282051282,0.1694915254237288,59
breastmnist,C-RBF,exact,exact,0.391025641025641,0.1639344262295081,61
breastmnist,C-RBF,exact,exact,0.4038461538461538,0.1587301587301587,63
breastmnist,C-RBF,exact,exact,0.4102564102564102,0.15625,64
breastmnist,C-RBF,exact,exact,0.4230769230769231,0.1515151515151515,66
breastmnist,C-RBF,exact,exact,0.4294871794871794,0.1492537313432835,67
breastmnist,C-RBF,exact,exact,0.4423076923076923,0.1594202898550724,69
breastmnist,C-RBF,exact,exact,0.4487179487179487,0.1714285714285714,70
breastmnist,C-RBF,exact,exact,0.4615384615384615,0.1666666666666666,72
breastmnist,C-RBF,exact,exact,0.4679487179487179,0.1643835616438356,73
breastmnist,C-RBF,exact,exact,0.4807692307692308,0.16,75
breastmnist,C-RBF,exact,exact,0.4871794871794871,0.1578947368421052,76
breastmnist,C-RBF,exact,exact,0.5,0.1538461538461538,78
breastmnist,C-RBF,exact,exact,0.5128205128205128,0.15,80
breastmnist,C-RBF,exact,exact,0.5192307692307693,0.1481481481481481,81
breastmnist,C-RBF,exact,exact,0.532051282051282,0.144578313253012,83
breastmnist,C-RBF,exact,exact,0.5384615384615384,0.1428571428571428,84
breastmnist,C-RBF,exact,exact,0.5512820512820513,0.1395348837209302,86
breastmnist,C-RBF,exact,exact,0.5576923076923077,0.1379310344827586,87
breastmnist,C-RBF,exact,exact,0.5705128205128205,0.1348314606741573,89
breastmnist,C-RBF,exact,exact,0.5769230769230769,0.1333333333333333,90
breastmnist,C-RBF,exact,exact,0.5897435897435898,0.1304347826086956,92
breastmnist,C-RBF,exact,exact,0.6025641025641025,0.1276595744680851,94
breastmnist,C-RBF,exact,exact,0.6089743589743589,0.1263157894736842,95
breastmnist,C-RBF,exact,exact,0.6217948717948718,0.1237113402061855,97
breastmnist,C-RBF,exact,exact,0.6282051282051282,0.1224489795918367,98
breastmnist,C-RBF,exact,exact,0.6410256410256411,0.12,100
breastmnist,C-RBF,exact,exact,0.6474358974358975,0.1287128712871287,101
breastmnist,C-RBF,exact,exact,0.6602564102564102,0.1262135922330097,103
breastmnist,C-RBF,exact,exact,0.6666666666666666,0.125,104
breastmnist,C-RBF,exact,exact,0.6794871794871795,0.1226415094339622,106
breastmnist,C-RBF,exact,exact,0.6858974358974359,0.1214953271028037,107
breastmnist,C-RBF,exact,exact,0.6987179487179487,0.1192660550458715,109
breastmnist,C-RBF,exact,exact,0.7115384615384616,0.1171171171171171,111
breastmnist,C-RBF,exact,exact,0.717948717948718,0.1160714285714285,112
breastmnist,C-RBF,exact,exact,0.7307692307692307,0.1140350877192982,114
breastmnist,C-RBF,exact,exact,0.7371794871794872,0.1217391304347826,115
breastmnist,C-RBF,exact,exact,0.75,0.1282051282051282,117
breastmnist,C-RBF,exact,exact,0.7564102564102564,0.1271186440677966,118
breastmnist,C-RBF,exact,exact,0.7692307692307693,0.125,120
breastmnist,C-RBF,exact,exact,0.7756410256410257,0.1239669421487603,121
breastmnist,C-RBF,exact,exact,0.7884615384615384,0.1300813008130081,123
breastmnist,C-RBF,exact,exact,0.8012820512820513,0.136,125
breastmnist,C-RBF,exact,exact,0.8076923076923077,0.1428571428571428,126
breastmnist,C-RBF,exact,exact,0.8205128205128205,0.1484375,128
breastmnist,C-RBF,exact,exact,0.8269230769230769,0.1550387596899224,129
breastmnist,C-RBF,exact,exact,0.8397435897435898,0.1679389312977099,131
breastmnist,C-RBF,exact,exact,0.8461538461538461,0.1742424242424242,132
breastmnist,C-RBF,exact,exact,0.8589743589743589,0.1791044776119403,134
breastmnist,C-RBF,exact,exact,0.8653846153846154,0.1777777777777777,135
breastmnist,C-RBF,exact,exact,0.8782051282051282,0.1751824817518248,137
breastmnist,C-RBF,exact,exact,0.8846153846153846,0.181159420289855,138
breastmnist,C-RBF,exact,exact,0.8974358974358975,0.1928571428571428,140
breastmnist,C-RBF,exact,exact,0.9102564102564102,0.1901408450704225,142
breastmnist,C-RBF,exact,exact,0.9166666666666666,0.1888111888111888,143
breastmnist,C-RBF,exact,exact,0.9294871794871796,0.2,145
breastmnist,C-RBF,exact,exact,0.935897435897436,0.2054794520547945,146
breastmnist,C-RBF,exact,exact,0.9487179487179488,0.2162162162162162,148
breastmnist,C-RBF,exact,exact,0.9551282051282052,0.2214765100671141,149
breastmnist,C-RBF,exact,exact,0.967948717948718,0.2317880794701986,151
breastmnist,C-RBF,exact,exact,0.9743589743589745,0.2302631578947368,152
breastmnist,C-RBF,exact,exact,0.9871794871794872,0.2337662337662337,154
breastmnist,C-RBF,exact,exact,1.0,0.2371794871794871,156
breastmnist,C-ResNet,exact,exact,0.0064102564102564,0.0,1
breastmnist,C-ResNet,exact,exact,0.0128205128205128,0.0,2
breastmnist,C-ResNet,exact,exact,0.0256410256410256,0.25,4
breastmnist,C-ResNet,exact,exact,0.032051282051282,0.2,5
breastmnist,C-ResNet,exact,exact,0.0448717948717948,0.1428571428571428,7
breastmnist,C-ResNet,exact,exact,0.0512820512820512,0.125,8
breastmnist,C-ResNet,exact,exact,0.0641025641025641,0.1,10
breastmnist,C-ResNet,exact,exact,0.0705128205128205,0.1818181818181818,11
breastmnist,C-ResNet,exact,exact,0.0833333333333333,0.1538461538461538,13
breastmnist,C-ResNet,exact,exact,0.0897435897435897,0.1428571428571428,14
breastmnist,C-ResNet,exact,exact,0.1025641025641025,0.125,16
breastmnist,C-ResNet,exact,exact,0.1153846153846153,0.1111111111111111,18
breastmnist,C-ResNet,exact,exact,0.1217948717948717,0.1052631578947368,19
breastmnist,C-ResNet,exact,exact,0.1346153846153846,0.0952380952380952,21
breastmnist,C-ResNet,exact,exact,0.141025641025641,0.0909090909090909,22
breastmnist,C-ResNet,exact,exact,0.1538461538461538,0.0833333333333333,24
breastmnist,C-ResNet,exact,exact,0.1602564102564102,0.08,25
breastmnist,C-ResNet,exact,exact,0.173076923076923,0.074074074074074,27
breastmnist,C-ResNet,exact,exact,0.1794871794871795,0.0714285714285714,28
breastmnist,C-ResNet,exact,exact,0.1923076923076923,0.1,30
breastmnist,C-ResNet,exact,exact,0.2051282051282051,0.09375,32
breastmnist,C-ResNet,exact,exact,0.2115384615384615,0.0909090909090909,33
breastmnist,C-ResNet,exact,exact,0.2243589743589743,0.0857142857142857,35
breastmnist,C-ResNet,exact,exact,0.2307692307692307,0.0833333333333333,36
breastmnist,C-ResNet,exact,exact,0.2435897435897435,0.0789473684210526,38
breastmnist,C-ResNet,exact,exact,0.25,0.0769230769230769,39
breastmnist,C-ResNet,exact,exact,0.2628205128205128,0.073170731707317,41
breastmnist,C-ResNet,exact,exact,0.2692307692307692,0.0714285714285714,42
breastmnist,C-ResNet,exact,exact,0.282051282051282,0.0681818181818181,44
breastmnist,C-ResNet,exact,exact,0.2884615384615384,0.0666666666666666,45
breastmnist,C-ResNet,exact,exact,0.3012820512820512,0.0638297872340425,47
breastmnist,C-ResNet,exact,exact,0.3141025641025641,0.0612244897959183,49
breastmnist,C-ResNet,exact,exact,0.3205128205128205,0.06,50
breastmnist,C-ResNet,exact,exact,0.3333333333333333,0.0576923076923076,52
breastmnist,C-ResNet,exact,exact,0.3397435897435897,0.0566037735849056,53
breastmnist,C-ResNet,exact,exact,0.3525641025641026,0.0545454545454545,55
breastmnist,C-ResNet,exact,exact,0.358974358974359,0.0535714285714285,56
breastmnist,C-ResNet,exact,exact,0.3717948717948718,0.0689655172413793,58
breastmnist,C-ResNet,exact,exact,0.3782051282051282,0.0847457627118644,59
breastmnist,C-ResNet,exact,exact,0.391025641025641,0.081967213114754,61
breastmnist,C-ResNet,exact,exact,0.4038461538461538,0.0793650793650793,63
breastmnist,C-ResNet,exact,exact,0.4102564102564102,0.078125,64
breastmnist,C-ResNet,exact,exact,0.4230769230769231,0.0909090909090909,66
breastmnist,C-ResNet,exact,exact,0.4294871794871794,0.0895522388059701,67
breastmnist,C-ResNet,exact,exact,0.4423076923076923,0.1159420289855072,69
breastmnist,C-ResNet,exact,exact,0.4487179487179487,0.1142857142857142,70
breastmnist,C-ResNet,exact,exact,0.4615384615384615,0.125,72
breastmnist,C-ResNet,exact,exact,0.4679487179487179,0.1232876712328767,73
breastmnist,C-ResNet,exact,exact,0.4807692307692308,0.12,75
breastmnist,C-ResNet,exact,exact,0.4871794871794871,0.1184210526315789,76
breastmnist,C-ResNet,exact,exact,0.5,0.1153846153846153,78
breastmnist,C-ResNet,exact,exact,0.5128205128205128,0.1125,80
breastmnist,C-ResNet,exact,exact,0.5192307692307693,0.1111111111111111,81
breastmnist,C-ResNet,exact,exact,0.532051282051282,0.108433734939759,83
breastmnist,C-ResNet,exact,exact,0.5384615384615384,0.119047619047619,84
breastmnist,C-ResNet,exact,exact,0.5512820512820513,0.127906976744186,86
breastmnist,C-ResNet,exact,exact,0.5576923076923077,0.1264367816091954,87
breastmnist,C-ResNet,exact,exact,0.5705128205128205,0.1235955056179775,89
breastmnist,C-ResNet,exact,exact,0.5769230769230769,0.1222222222222222,90
breastmnist,C-ResNet,exact,exact,0.5897435897435898,0.1195652173913043,92
breastmnist,C-ResNet,exact,exact,0.6025641025641025,0.1276595744680851,94
breastmnist,C-ResNet,exact,exact,0.6089743589743589,0.1263157894736842,95
breastmnist,C-ResNet,exact,exact,0.6217948717948718,0.134020618556701,97
breastmnist,C-ResNet,exact,exact,0.6282051282051282,0.1326530612244898,98
breastmnist,C-ResNet,exact,exact,0.6410256410256411,0.14,100
breastmnist,C-ResNet,exact,exact,0.6474358974358975,0.1386138613861386,101
breastmnist,C-ResNet,exact,exact,0.6602564102564102,0.145631067961165,103
breastmnist,C-ResNet,exact,exact,0.6666666666666666,0.1442307692307692,104
breastmnist,C-ResNet,exact,exact,0.6794871794871795,0.1415094339622641,106
breastmnist,C-ResNet,exact,exact,0.6858974358974359,0.1401869158878504,107
breastmnist,C-ResNet,exact,exact,0.6987179487179487,0.1559633027522936,109
breastmnist,C-ResNet,exact,exact,0.7115384615384616,0.1531531531531531,111
breastmnist,C-ResNet,exact,exact,0.717948717948718,0.1517857142857142,112
breastmnist,C-ResNet,exact,exact,0.7307692307692307,0.1491228070175438,114
breastmnist,C-ResNet,exact,exact,0.7371794871794872,0.1478260869565217,115
breastmnist,C-ResNet,exact,exact,0.75,0.1452991452991453,117
breastmnist,C-ResNet,exact,exact,0.7564102564102564,0.1440677966101695,118
breastmnist,C-ResNet,exact,exact,0.7692307692307693,0.1416666666666666,120
breastmnist,C-ResNet,exact,exact,0.7756410256410257,0.140495867768595,121
breastmnist,C-ResNet,exact,exact,0.7884615384615384,0.1463414634146341,123
breastmnist,C-ResNet,exact,exact,0.8012820512820513,0.144,125
breastmnist,C-ResNet,exact,exact,0.8076923076923077,0.1428571428571428,126
breastmnist,C-ResNet,exact,exact,0.8205128205128205,0.1484375,128
breastmnist,C-ResNet,exact,exact,0.8269230769230769,0.1472868217054263,129
breastmnist,C-ResNet,exact,exact,0.8397435897435898,0.1450381679389313,131
breastmnist,C-ResNet,exact,exact,0.8461538461538461,0.1439393939393939,132
breastmnist,C-ResNet,exact,exact,0.8589743589743589,0.1492537313432835,134
breastmnist,C-ResNet,exact,exact,0.8653846153846154,0.1481481481481481,135
breastmnist,C-ResNet,exact,exact,0.8782051282051282,0.145985401459854,137
breastmnist,C-ResNet,exact,exact,0.8846153846153846,0.144927536231884,138
breastmnist,C-ResNet,exact,exact,0.8974358974358975,0.1428571428571428,140
breastmnist,C-ResNet,exact,exact,0.9102564102564102,0.1408450704225352,142
breastmnist,C-ResNet,exact,exact,0.9166666666666666,0.1468531468531468,143
breastmnist,C-ResNet,exact,exact,0.9294871794871796,0.1586206896551724,145
breastmnist,C-ResNet,exact,exact,0.935897435897436,0.1643835616438356,146
breastmnist,C-ResNet,exact,exact,0.9487179487179488,0.1621621621621621,148
breastmnist,C-ResNet,exact,exact,0.9551282051282052,0.1677852348993288,149
breastmnist,C-ResNet,exact,exact,0.967948717948718,0.1721854304635761,151
breastmnist,C-ResNet,exact,exact,0.9743589743589745,0.1710526315789473,152
breastmnist,C-ResNet,exact,exact,0.9871794871794872,0.1818181818181818,154
breastmnist,C-ResNet,exact,exact,1.0,0.1858974358974359,156
breastmnist,PdrQC-Matched,exact,exact,0.0064102564102564,0.0,1
breastmnist,PdrQC-Matched,exact,exact,0.0128205128205128,0.0,2
breastmnist,PdrQC-Matched,exact,exact,0.0256410256410256,0.0,4
breastmnist,PdrQC-Matched,exact,exact,0.032051282051282,0.0,5
breastmnist,PdrQC-Matched,exact,exact,0.0448717948717948,0.1428571428571428,7
breastmnist,PdrQC-Matched,exact,exact,0.0512820512820512,0.125,8
breastmnist,PdrQC-Matched,exact,exact,0.0641025641025641,0.1,10
breastmnist,PdrQC-Matched,exact,exact,0.0705128205128205,0.0909090909090909,11
breastmnist,PdrQC-Matched,exact,exact,0.0833333333333333,0.0769230769230769,13
breastmnist,PdrQC-Matched,exact,exact,0.0897435897435897,0.0714285714285714,14
breastmnist,PdrQC-Matched,exact,exact,0.1025641025641025,0.0625,16
breastmnist,PdrQC-Matched,exact,exact,0.1153846153846153,0.0555555555555555,18
breastmnist,PdrQC-Matched,exact,exact,0.1217948717948717,0.0526315789473684,19
breastmnist,PdrQC-Matched,exact,exact,0.1346153846153846,0.0476190476190476,21
breastmnist,PdrQC-Matched,exact,exact,0.141025641025641,0.0454545454545454,22
breastmnist,PdrQC-Matched,exact,exact,0.1538461538461538,0.0416666666666666,24
breastmnist,PdrQC-Matched,exact,exact,0.1602564102564102,0.04,25
breastmnist,PdrQC-Matched,exact,exact,0.173076923076923,0.037037037037037,27
breastmnist,PdrQC-Matched,exact,exact,0.1794871794871795,0.0357142857142857,28
breastmnist,PdrQC-Matched,exact,exact,0.1923076923076923,0.0333333333333333,30
breastmnist,PdrQC-Matched,exact,exact,0.2051282051282051,0.03125,32
breastmnist,PdrQC-Matched,exact,exact,0.2115384615384615,0.0303030303030303,33
breastmnist,PdrQC-Matched,exact,exact,0.2243589743589743,0.0285714285714285,35
breastmnist,PdrQC-Matched,exact,exact,0.2307692307692307,0.0277777777777777,36
breastmnist,PdrQC-Matched,exact,exact,0.2435897435897435,0.0263157894736842,38
breastmnist,PdrQC-Matched,exact,exact,0.25,0.0512820512820512,39
breastmnist,PdrQC-Matched,exact,exact,0.2628205128205128,0.073170731707317,41
breastmnist,PdrQC-Matched,exact,exact,0.2692307692307692,0.0952380952380952,42
breastmnist,PdrQC-Matched,exact,exact,0.282051282051282,0.0909090909090909,44
breastmnist,PdrQC-Matched,exact,exact,0.2884615384615384,0.0888888888888888,45
breastmnist,PdrQC-Matched,exact,exact,0.3012820512820512,0.0851063829787234,47
breastmnist,PdrQC-Matched,exact,exact,0.3141025641025641,0.1020408163265306,49
breastmnist,PdrQC-Matched,exact,exact,0.3205128205128205,0.12,50
breastmnist,PdrQC-Matched,exact,exact,0.3333333333333333,0.1153846153846153,52
breastmnist,PdrQC-Matched,exact,exact,0.3397435897435897,0.1132075471698113,53
breastmnist,PdrQC-Matched,exact,exact,0.3525641025641026,0.1272727272727272,55
breastmnist,PdrQC-Matched,exact,exact,0.358974358974359,0.125,56
breastmnist,PdrQC-Matched,exact,exact,0.3717948717948718,0.1206896551724138,58
breastmnist,PdrQC-Matched,exact,exact,0.3782051282051282,0.1186440677966101,59
breastmnist,PdrQC-Matched,exact,exact,0.391025641025641,0.1147540983606557,61
breastmnist,PdrQC-Matched,exact,exact,0.4038461538461538,0.1111111111111111,63
breastmnist,PdrQC-Matched,exact,exact,0.4102564102564102,0.109375,64
breastmnist,PdrQC-Matched,exact,exact,0.4230769230769231,0.106060606060606,66
breastmnist,PdrQC-Matched,exact,exact,0.4294871794871794,0.1044776119402985,67
breastmnist,PdrQC-Matched,exact,exact,0.4423076923076923,0.1159420289855072,69
breastmnist,PdrQC-Matched,exact,exact,0.4487179487179487,0.1142857142857142,70
breastmnist,PdrQC-Matched,exact,exact,0.4615384615384615,0.1111111111111111,72
breastmnist,PdrQC-Matched,exact,exact,0.4679487179487179,0.1095890410958904,73
breastmnist,PdrQC-Matched,exact,exact,0.4807692307692308,0.12,75
breastmnist,PdrQC-Matched,exact,exact,0.4871794871794871,0.1184210526315789,76
breastmnist,PdrQC-Matched,exact,exact,0.5,0.1153846153846153,78
breastmnist,PdrQC-Matched,exact,exact,0.5128205128205128,0.1125,80
breastmnist,PdrQC-Matched,exact,exact,0.5192307692307693,0.1111111111111111,81
breastmnist,PdrQC-Matched,exact,exact,0.532051282051282,0.108433734939759,83
breastmnist,PdrQC-Matched,exact,exact,0.5384615384615384,0.1071428571428571,84
breastmnist,PdrQC-Matched,exact,exact,0.5512820512820513,0.1046511627906976,86
breastmnist,PdrQC-Matched,exact,exact,0.5576923076923077,0.1034482758620689,87
breastmnist,PdrQC-Matched,exact,exact,0.5705128205128205,0.1123595505617977,89
breastmnist,PdrQC-Matched,exact,exact,0.5769230769230769,0.1111111111111111,90
breastmnist,PdrQC-Matched,exact,exact,0.5897435897435898,0.1195652173913043,92
breastmnist,PdrQC-Matched,exact,exact,0.6025641025641025,0.1170212765957446,94
breastmnist,PdrQC-Matched,exact,exact,0.6089743589743589,0.1157894736842105,95
breastmnist,PdrQC-Matched,exact,exact,0.6217948717948718,0.1134020618556701,97
breastmnist,PdrQC-Matched,exact,exact,0.6282051282051282,0.1122448979591836,98
breastmnist,PdrQC-Matched,exact,exact,0.6410256410256411,0.12,100
breastmnist,PdrQC-Matched,exact,exact,0.6474358974358975,0.1188118811881188,101
breastmnist,PdrQC-Matched,exact,exact,0.6602564102564102,0.1262135922330097,103
breastmnist,PdrQC-Matched,exact,exact,0.6666666666666666,0.1346153846153846,104
breastmnist,PdrQC-Matched,exact,exact,0.6794871794871795,0.1320754716981132,106
breastmnist,PdrQC-Matched,exact,exact,0.6858974358974359,0.1401869158878504,107
breastmnist,PdrQC-Matched,exact,exact,0.6987179487179487,0.146788990825688,109
breastmnist,PdrQC-Matched,exact,exact,0.7115384615384616,0.1531531531531531,111
breastmnist,PdrQC-Matched,exact,exact,0.717948717948718,0.1607142857142857,112
breastmnist,PdrQC-Matched,exact,exact,0.7307692307692307,0.1666666666666666,114
breastmnist,PdrQC-Matched,exact,exact,0.7371794871794872,0.1652173913043478,115
breastmnist,PdrQC-Matched,exact,exact,0.75,0.1623931623931624,117
breastmnist,PdrQC-Matched,exact,exact,0.7564102564102564,0.1610169491525423,118
breastmnist,PdrQC-Matched,exact,exact,0.7692307692307693,0.1666666666666666,120
breastmnist,PdrQC-Matched,exact,exact,0.7756410256410257,0.1652892561983471,121
breastmnist,PdrQC-Matched,exact,exact,0.7884615384615384,0.1626016260162601,123
breastmnist,PdrQC-Matched,exact,exact,0.8012820512820513,0.168,125
breastmnist,PdrQC-Matched,exact,exact,0.8076923076923077,0.1746031746031746,126
breastmnist,PdrQC-Matched,exact,exact,0.8205128205128205,0.171875,128
breastmnist,PdrQC-Matched,exact,exact,0.8269230769230769,0.1782945736434108,129
breastmnist,PdrQC-Matched,exact,exact,0.8397435897435898,0.183206106870229,131
breastmnist,PdrQC-Matched,exact,exact,0.8461538461538461,0.1818181818181818,132
breastmnist,PdrQC-Matched,exact,exact,0.8589743589743589,0.1865671641791045,134
breastmnist,PdrQC-Matched,exact,exact,0.8653846153846154,0.1851851851851851,135
breastmnist,PdrQC-Matched,exact,exact,0.8782051282051282,0.1824817518248175,137
breastmnist,PdrQC-Matched,exact,exact,0.8846153846153846,0.1884057971014492,138
breastmnist,PdrQC-Matched,exact,exact,0.8974358974358975,0.1857142857142857,140
breastmnist,PdrQC-Matched,exact,exact,0.9102564102564102,0.1830985915492957,142
breastmnist,PdrQC-Matched,exact,exact,0.9166666666666666,0.1888111888111888,143
breastmnist,PdrQC-Matched,exact,exact,0.9294871794871796,0.193103448275862,145
breastmnist,PdrQC-Matched,exact,exact,0.935897435897436,0.1917808219178082,146
breastmnist,PdrQC-Matched,exact,exact,0.9487179487179488,0.1959459459459459,148
breastmnist,PdrQC-Matched,exact,exact,0.9551282051282052,0.2013422818791946,149
breastmnist,PdrQC-Matched,exact,exact,0.967948717948718,0.2052980132450331,151
breastmnist,PdrQC-Matched,exact,exact,0.9743589743589745,0.2039473684210526,152
breastmnist,PdrQC-Matched,exact,exact,0.9871794871794872,0.2077922077922078,154
breastmnist,PdrQC-Matched,exact,exact,1.0,0.2115384615384615,156
cifar10,C-RBF,exact,exact,0.0001,0.0,1
cifar10,C-RBF,exact,exact,0.01,0.22,100
cifar10,C-RBF,exact,exact,0.02,0.185,200
cifar10,C-RBF,exact,exact,0.03,0.18,300
cifar10,C-RBF,exact,exact,0.04,0.19,400
cifar10,C-RBF,exact,exact,0.05,0.186,500
cifar10,C-RBF,exact,exact,0.06,0.185,600
cifar10,C-RBF,exact,exact,0.07,0.1828571428571428,700
cifar10,C-RBF,exact,exact,0.08,0.1775,800
cifar10,C-RBF,exact,exact,0.09,0.1755555555555555,900
cifar10,C-RBF,exact,exact,0.1,0.177,1000
cifar10,C-RBF,exact,exact,0.11,0.1745454545454545,1100
cifar10,C-RBF,exact,exact,0.12,0.1716666666666666,1200
cifar10,C-RBF,exact,exact,0.13,0.17,1300
cifar10,C-RBF,exact,exact,0.14,0.1657142857142857,1400
cifar10,C-RBF,exact,exact,0.15,0.1686666666666666,1500
cifar10,C-RBF,exact,exact,0.16,0.16875,1600
cifar10,C-RBF,exact,exact,0.17,0.1723529411764706,1700
cifar10,C-RBF,exact,exact,0.18,0.1716666666666666,1800
cifar10,C-RBF,exact,exact,0.19,0.1736842105263158,1900
cifar10,C-RBF,exact,exact,0.2,0.1755,2000
cifar10,C-RBF,exact,exact,0.21,0.1752380952380952,2100
cifar10,C-RBF,exact,exact,0.22,0.179090909090909,2200
cifar10,C-RBF,exact,exact,0.23,0.1826086956521739,2300
cifar10,C-RBF,exact,exact,0.24,0.18125,2400
cifar10,C-RBF,exact,exact,0.25,0.1832,2500
cifar10,C-RBF,exact,exact,0.26,0.1834615384615384,2600
cifar10,C-RBF,exact,exact,0.27,0.1885185185185185,2700
cifar10,C-RBF,exact,exact,0.28,0.1914285714285714,2800
cifar10,C-RBF,exact,exact,0.29,0.1910344827586207,2900
cifar10,C-RBF,exact,exact,0.3,0.1906666666666666,3000
cifar10,C-RBF,exact,exact,0.31,0.1912903225806451,3100
cifar10,C-RBF,exact,exact,0.32,0.1909375,3200
cifar10,C-RBF,exact,exact,0.33,0.1933333333333333,3300
cifar10,C-RBF,exact,exact,0.34,0.1941176470588235,3400
cifar10,C-RBF,exact,exact,0.35,0.1937142857142857,3500
cifar10,C-RBF,exact,exact,0.36,0.1930555555555555,3600
cifar10,C-RBF,exact,exact,0.37,0.1918918918918919,3700
cifar10,C-RBF,exact,exact,0.38,0.191578947368421,3800
cifar10,C-RBF,exact,exact,0.39,0.1930769230769231,3900
cifar10,C-RBF,exact,exact,0.4,0.19475,4000
cifar10,C-RBF,exact,exact,0.41,0.1941463414634146,4100
cifar10,C-RBF,exact,exact,0.42,0.1942857142857142,4200
cifar10,C-RBF,exact,exact,0.43,0.1934883720930232,4300
cifar10,C-RBF,exact,exact,0.44,0.1927272727272727,4400
cifar10,C-RBF,exact,exact,0.45,0.1931111111111111,4500
cifar10,C-RBF,exact,exact,0.46,0.1945652173913043,4600
cifar10,C-RBF,exact,exact,0.47,0.1963829787234042,4700
cifar10,C-RBF,exact,exact,0.48,0.1954166666666666,4800
cifar10,C-RBF,exact,exact,0.49,0.1971428571428571,4900
cifar10,C-RBF,exact,exact,0.5,0.1964,5000
cifar10,C-RBF,exact,exact,0.51,0.1984313725490196,5100
cifar10,C-RBF,exact,exact,0.52,0.2001923076923077,5200
cifar10,C-RBF,exact,exact,0.53,0.2011320754716981,5300
cifar10,C-RBF,exact,exact,0.54,0.2016666666666666,5400
cifar10,C-RBF,exact,exact,0.55,0.2029090909090909,5500
cifar10,C-RBF,exact,exact,0.56,0.2039285714285714,5600
cifar10,C-RBF,exact,exact,0.57,0.2050877192982456,5700
cifar10,C-RBF,exact,exact,0.58,0.2056896551724138,5800
cifar10,C-RBF,exact,exact,0.59,0.2077966101694915,5900
cifar10,C-RBF,exact,exact,0.6,0.2116666666666666,6000
cifar10,C-RBF,exact,exact,0.61,0.2129508196721311,6100
cifar10,C-RBF,exact,exact,0.62,0.2140322580645161,6200
cifar10,C-RBF,exact,exact,0.63,0.216031746031746,6300
cifar10,C-RBF,exact,exact,0.64,0.21796875,6400
cifar10,C-RBF,exact,exact,0.65,0.2198461538461538,6500
cifar10,C-RBF,exact,exact,0.66,0.2221212121212121,6600
cifar10,C-RBF,exact,exact,0.67,0.2255223880597014,6700
cifar10,C-RBF,exact,exact,0.68,0.2277941176470588,6800
cifar10,C-RBF,exact,exact,0.69,0.2291304347826087,6900
cifar10,C-RBF,exact,exact,0.7,0.2305714285714285,7000
cifar10,C-RBF,exact,exact,0.71,0.2323943661971831,7100
cifar10,C-RBF,exact,exact,0.72,0.2334722222222222,7200
cifar10,C-RBF,exact,exact,0.73,0.2346575342465753,7300
cifar10,C-RBF,exact,exact,0.74,0.236081081081081,7400
cifar10,C-RBF,exact,exact,0.75,0.2381333333333333,7500
cifar10,C-RBF,exact,exact,0.76,0.239078947368421,7600
cifar10,C-RBF,exact,exact,0.77,0.241038961038961,7700
cifar10,C-RBF,exact,exact,0.78,0.2423076923076923,7800
cifar10,C-RBF,exact,exact,0.79,0.2434177215189873,7900
cifar10,C-RBF,exact,exact,0.8,0.2445,8000
cifar10,C-RBF,exact,exact,0.81,0.2464197530864197,8100
cifar10,C-RBF,exact,exact,0.82,0.2469512195121951,8200
cifar10,C-RBF,exact,exact,0.83,0.2475903614457831,8300
cifar10,C-RBF,exact,exact,0.84,0.2483333333333333,8400
cifar10,C-RBF,exact,exact,0.85,0.2503529411764706,8500
cifar10,C-RBF,exact,exact,0.86,0.2520930232558139,8600
cifar10,C-RBF,exact,exact,0.87,0.253103448275862,8700
cifar10,C-RBF,exact,exact,0.88,0.2551136363636364,8800
cifar10,C-RBF,exact,exact,0.89,0.2562921348314607,8900
cifar10,C-RBF,exact,exact,0.9,0.2597777777777778,9000
cifar10,C-RBF,exact,exact,0.91,0.2613186813186813,9100
cifar10,C-RBF,exact,exact,0.92,0.2635869565217391,9200
cifar10,C-RBF,exact,exact,0.93,0.2648387096774193,9300
cifar10,C-RBF,exact,exact,0.94,0.2671276595744681,9400
cifar10,C-RBF,exact,exact,0.95,0.2689473684210526,9500
cifar10,C-RBF,exact,exact,0.96,0.2707291666666667,9600
cifar10,C-RBF,exact,exact,0.97,0.2732989690721649,9700
cifar10,C-RBF,exact,exact,0.98,0.2759183673469387,9800
cifar10,C-RBF,exact,exact,0.99,0.2795959595959596,9900
cifar10,C-RBF,exact,exact,1.0,0.284,10000
cifar10,C-ResNet,exact,exact,0.0001,0.0,1
cifar10,C-ResNet,exact,exact,0.01,0.01,100
cifar10,C-ResNet,exact,exact,0.02,0.005,200
cifar10,C-ResNet,exact,exact,0.03,0.0033333333333333,300
cifar10,C-ResNet,exact,exact,0.04,0.0025,400
cifar10,C-ResNet,exact,exact,0.05,0.004,500
cifar10,C-ResNet,exact,exact,0.06,0.0033333333333333,600
cifar10,C-ResNet,exact,exact,0.07,0.0028571428571428,700
cifar10,C-ResNet,exact,exact,0.08,0.0025,800
cifar10,C-ResNet,exact,exact,0.09,0.0022222222222222,900
cifar10,C-ResNet,exact,exact,0.1,0.002,1000
cifar10,C-ResNet,exact,exact,0.11,0.0018181818181818,1100
cifar10,C-ResNet,exact,exact,0.12,0.0016666666666666,1200
cifar10,C-ResNet,exact,exact,0.13,0.0023076923076923,1300
cifar10,C-ResNet,exact,exact,0.14,0.0028571428571428,1400
cifar10,C-ResNet,exact,exact,0.15,0.0033333333333333,1500
cifar10,C-ResNet,exact,exact,0.16,0.003125,1600
cifar10,C-ResNet,exact,exact,0.17,0.0035294117647058,1700
cifar10,C-ResNet,exact,exact,0.18,0.0033333333333333,1800
cifar10,C-ResNet,exact,exact,0.19,0.0036842105263157,1900
cifar10,C-ResNet,exact,exact,0.2,0.0035,2000
cifar10,C-ResNet,exact,exact,0.21,0.0033333333333333,2100
cifar10,C-ResNet,exact,exact,0.22,0.0036363636363636,2200
cifar10,C-ResNet,exact,exact,0.23,0.0043478260869565,2300
cifar10,C-ResNet,exact,exact,0.24,0.0041666666666666,2400
cifar10,C-ResNet,exact,exact,0.25,0.0048,2500
cifar10,C-ResNet,exact,exact,0.26,0.0046153846153846,2600
cifar10,C-ResNet,exact,exact,0.27,0.0044444444444444,2700
cifar10,C-ResNet,exact,exact,0.28,0.0042857142857142,2800
cifar10,C-ResNet,exact,exact,0.29,0.0044827586206896,2900
cifar10,C-ResNet,exact,exact,0.3,0.005,3000
cifar10,C-ResNet,exact,exact,0.31,0.0054838709677419,3100
cifar10,C-ResNet,exact,exact,0.32,0.005625,3200
cifar10,C-ResNet,exact,exact,0.33,0.0072727272727272,3300
cifar10,C-ResNet,exact,exact,0.34,0.0073529411764705,3400
cifar10,C-ResNet,exact,exact,0.35,0.0074285714285714,3500
cifar10,C-ResNet,exact,exact,0.36,0.0080555555555555,3600
cifar10,C-ResNet,exact,exact,0.37,0.0083783783783783,3700
cifar10,C-ResNet,exact,exact,0.38,0.0081578947368421,3800
cifar10,C-ResNet,exact,exact,0.39,0.0082051282051282,3900
cifar10,C-ResNet,exact,exact,0.4,0.0085,4000
cifar10,C-ResNet,exact,exact,0.41,0.0090243902439024,4100
cifar10,C-ResNet,exact,exact,0.42,0.0092857142857142,4200
cifar10,C-ResNet,exact,exact,0.43,0.0102325581395348,4300
cifar10,C-ResNet,exact,exact,0.44,0.0106818181818181,4400
cifar10,C-ResNet,exact,exact,0.45,0.012,4500
cifar10,C-ResNet,exact,exact,0.46,0.012391304347826,4600
cifar10,C-ResNet,exact,exact,0.47,0.0131914893617021,4700
cifar10,C-ResNet,exact,exact,0.48,0.0133333333333333,4800
cifar10,C-ResNet,exact,exact,0.49,0.0140816326530612,4900
cifar10,C-ResNet,exact,exact,0.5,0.015,5000
cifar10,C-ResNet,exact,exact,0.51,0.0170588235294117,5100
cifar10,C-ResNet,exact,exact,0.52,0.0182692307692307,5200
cifar10,C-ResNet,exact,exact,0.53,0.0186792452830188,5300
cifar10,C-ResNet,exact,exact,0.54,0.0205555555555555,5400
cifar10,C-ResNet,exact,exact,0.55,0.0221818181818181,5500
cifar10,C-ResNet,exact,exact,0.56,0.0226785714285714,5600
cifar10,C-ResNet,exact,exact,0.57,0.023859649122807,5700
cifar10,C-ResNet,exact,exact,0.58,0.0251724137931034,5800
cifar10,C-ResNet,exact,exact,0.59,0.0262711864406779,5900
cifar10,C-ResNet,exact,exact,0.6,0.0273333333333333,6000
cifar10,C-ResNet,exact,exact,0.61,0.0278688524590163,6100
cifar10,C-ResNet,exact,exact,0.62,0.0296774193548387,6200
cifar10,C-ResNet,exact,exact,0.63,0.0309523809523809,6300
cifar10,C-ResNet,exact,exact,0.64,0.03296875,6400
cifar10,C-ResNet,exact,exact,0.65,0.0346153846153846,6500
cifar10,C-ResNet,exact,exact,0.66,0.0365151515151515,6600
cifar10,C-ResNet,exact,exact,0.67,0.0388059701492537,6700
cifar10,C-ResNet,exact,exact,0.68,0.0413235294117647,6800
cifar10,C-ResNet,exact,exact,0.69,0.0439130434782608,6900
cifar10,C-ResNet,exact,exact,0.7,0.0457142857142857,7000
cifar10,C-ResNet,exact,exact,0.71,0.0478873239436619,7100
cifar10,C-ResNet,exact,exact,0.72,0.0498611111111111,7200
cifar10,C-ResNet,exact,exact,0.73,0.0524657534246575,7300
cifar10,C-ResNet,exact,exact,0.74,0.0539189189189189,7400
cifar10,C-ResNet,exact,exact,0.75,0.0577333333333333,7500
cifar10,C-ResNet,exact,exact,0.76,0.0618421052631578,7600
cifar10,C-ResNet,exact,exact,0.77,0.0653246753246753,7700
cifar10,C-ResNet,exact,exact,0.78,0.0683333333333333,7800
cifar10,C-ResNet,exact,exact,0.79,0.0716455696202531,7900
cifar10,C-ResNet,exact,exact,0.8,0.075,8000
cifar10,C-ResNet,exact,exact,0.81,0.0785185185185185,8100
cifar10,C-ResNet,exact,exact,0.82,0.0824390243902439,8200
cifar10,C-ResNet,exact,exact,0.83,0.0865060240963855,8300
cifar10,C-ResNet,exact,exact,0.84,0.0889285714285714,8400
cifar10,C-ResNet,exact,exact,0.85,0.0918823529411764,8500
cifar10,C-ResNet,exact,exact,0.86,0.0955813953488372,8600
cifar10,C-ResNet,exact,exact,0.87,0.0982758620689655,8700
cifar10,C-ResNet,exact,exact,0.88,0.1023863636363636,8800
cifar10,C-ResNet,exact,exact,0.89,0.1061797752808988,8900
cifar10,C-ResNet,exact,exact,0.9,0.1094444444444444,9000
cifar10,C-ResNet,exact,exact,0.91,0.1132967032967033,9100
cifar10,C-ResNet,exact,exact,0.92,0.1176086956521739,9200
cifar10,C-ResNet,exact,exact,0.93,0.1213978494623655,9300
cifar10,C-ResNet,exact,exact,0.94,0.1257446808510638,9400
cifar10,C-ResNet,exact,exact,0.95,0.1296842105263158,9500
cifar10,C-ResNet,exact,exact,0.96,0.1340625,9600
cifar10,C-ResNet,exact,exact,0.97,0.1391752577319587,9700
cifar10,C-ResNet,exact,exact,0.98,0.1436734693877551,9800
cifar10,C-ResNet,exact,exact,0.99,0.1478787878787879,9900
cifar10,C-ResNet,exact,exact,1.0,0.1529,10000
cifar10,PdrQC-Matched,exact,exact,0.0001,0.0,1
cifar10,PdrQC-Matched,exact,exact,0.01,0.02,100
cifar10,PdrQC-Matched,exact,exact,0.02,0.02,200
cifar10,PdrQC-Matched,exact,exact,0.03,0.0233333333333333,300
cifar10,PdrQC-Matched,exact,exact,0.04,0.02,400
cifar10,PdrQC-Matched,exact,exact,0.05,0.022,500
cifar10,PdrQC-Matched,exact,exact,0.06,0.0266666666666666,600
cifar10,PdrQC-Matched,exact,exact,0.07,0.0328571428571428,700
cifar10,PdrQC-Matched,exact,exact,0.08,0.0375,800
cifar10,PdrQC-Matched,exact,exact,0.09,0.0422222222222222,900
cifar10,PdrQC-Matched,exact,exact,0.1,0.044,1000
cifar10,PdrQC-Matched,exact,exact,0.11,0.0445454545454545,1100
cifar10,PdrQC-Matched,exact,exact,0.12,0.0466666666666666,1200
cifar10,PdrQC-Matched,exact,exact,0.13,0.0515384615384615,1300
cifar10,PdrQC-Matched,exact,exact,0.14,0.0521428571428571,1400
cifar10,PdrQC-Matched,exact,exact,0.15,0.0533333333333333,1500
cifar10,PdrQC-Matched,exact,exact,0.16,0.053125,1600
cifar10,PdrQC-Matched,exact,exact,0.17,0.0570588235294117,1700
cifar10,PdrQC-Matched,exact,exact,0.18,0.0583333333333333,1800
cifar10,PdrQC-Matched,exact,exact,0.19,0.0621052631578947,1900
cifar10,PdrQC-Matched,exact,exact,0.2,0.065,2000
cifar10,PdrQC-Matched,exact,exact,0.21,0.0666666666666666,2100
cifar10,PdrQC-Matched,exact,exact,0.22,0.065,2200
cifar10,PdrQC-Matched,exact,exact,0.23,0.0682608695652173,2300
cifar10,PdrQC-Matched,exact,exact,0.24,0.0704166666666666,2400
cifar10,PdrQC-Matched,exact,exact,0.25,0.0744,2500
cifar10,PdrQC-Matched,exact,exact,0.26,0.0773076923076923,2600
cifar10,PdrQC-Matched,exact,exact,0.27,0.0777777777777777,2700
cifar10,PdrQC-Matched,exact,exact,0.28,0.0796428571428571,2800
cifar10,PdrQC-Matched,exact,exact,0.29,0.0820689655172413,2900
cifar10,PdrQC-Matched,exact,exact,0.3,0.083,3000
cifar10,PdrQC-Matched,exact,exact,0.31,0.084516129032258,3100
cifar10,PdrQC-Matched,exact,exact,0.32,0.0884375,3200
cifar10,PdrQC-Matched,exact,exact,0.33,0.0893939393939394,3300
cifar10,PdrQC-Matched,exact,exact,0.34,0.0938235294117647,3400
cifar10,PdrQC-Matched,exact,exact,0.35,0.0962857142857142,3500
cifar10,PdrQC-Matched,exact,exact,0.36,0.1013888888888888,3600
cifar10,PdrQC-Matched,exact,exact,0.37,0.104054054054054,3700
cifar10,PdrQC-Matched,exact,exact,0.38,0.1102631578947368,3800
cifar10,PdrQC-Matched,exact,exact,0.39,0.1156410256410256,3900
cifar10,PdrQC-Matched,exact,exact,0.4,0.11975,4000
cifar10,PdrQC-Matched,exact,exact,0.41,0.1214634146341463,4100
cifar10,PdrQC-Matched,exact,exact,0.42,0.1245238095238095,4200
cifar10,PdrQC-Matched,exact,exact,0.43,0.1281395348837209,4300
cifar10,PdrQC-Matched,exact,exact,0.44,0.1329545454545454,4400
cifar10,PdrQC-Matched,exact,exact,0.45,0.1362222222222222,4500
cifar10,PdrQC-Matched,exact,exact,0.46,0.14,4600
cifar10,PdrQC-Matched,exact,exact,0.47,0.1453191489361702,4700
cifar10,PdrQC-Matched,exact,exact,0.48,0.1497916666666666,4800
cifar10,PdrQC-Matched,exact,exact,0.49,0.1524489795918367,4900
cifar10,PdrQC-Matched,exact,exact,0.5,0.156,5000
cifar10,PdrQC-Matched,exact,exact,0.51,0.1594117647058823,5100
cifar10,PdrQC-Matched,exact,exact,0.52,0.1632692307692307,5200
cifar10,PdrQC-Matched,exact,exact,0.53,0.1660377358490566,5300
cifar10,PdrQC-Matched,exact,exact,0.54,0.1705555555555555,5400
cifar10,PdrQC-Matched,exact,exact,0.55,0.1750909090909091,5500
cifar10,PdrQC-Matched,exact,exact,0.56,0.1783928571428571,5600
cifar10,PdrQC-Matched,exact,exact,0.57,0.1808771929824561,5700
cifar10,PdrQC-Matched,exact,exact,0.58,0.1836206896551724,5800
cifar10,PdrQC-Matched,exact,exact,0.59,0.1884745762711864,5900
cifar10,PdrQC-Matched,exact,exact,0.6,0.192,6000
cifar10,PdrQC-Matched,exact,exact,0.61,0.1950819672131147,6100
cifar10,PdrQC-Matched,exact,exact,0.62,0.1987096774193548,6200
cifar10,PdrQC-Matched,exact,exact,0.63,0.2011111111111111,6300
cifar10,PdrQC-Matched,exact,exact,0.64,0.203125,6400
cifar10,PdrQC-Matched,exact,exact,0.65,0.2069230769230769,6500
cifar10,PdrQC-Matched,exact,exact,0.66,0.211060606060606,6600
cifar10,PdrQC-Matched,exact,exact,0.67,0.2135820895522388,6700
cifar10,PdrQC-Matched,exact,exact,0.68,0.2170588235294117,6800
cifar10,PdrQC-Matched,exact,exact,0.69,0.2195652173913043,6900
cifar10,PdrQC-Matched,exact,exact,0.7,0.222,7000
cifar10,PdrQC-Matched,exact,exact,0.71,0.2253521126760563,7100
cifar10,PdrQC-Matched,exact,exact,0.72,0.2281944444444444,7200
cifar10,PdrQC-Matched,exact,exact,0.73,0.2321917808219178,7300
cifar10,PdrQC-Matched,exact,exact,0.74,0.236081081081081,7400
cifar10,PdrQC-Matched,exact,exact,0.75,0.2392,7500
cifar10,PdrQC-Matched,exact,exact,0.76,0.2421052631578947,7600
cifar10,PdrQC-Matched,exact,exact,0.77,0.2458441558441558,7700
cifar10,PdrQC-Matched,exact,exact,0.78,0.2497435897435897,7800
cifar10,PdrQC-Matched,exact,exact,0.79,0.2531645569620253,7900
cifar10,PdrQC-Matched,exact,exact,0.8,0.25525,8000
cifar10,PdrQC-Matched,exact,exact,0.81,0.2577777777777778,8100
cifar10,PdrQC-Matched,exact,exact,0.82,0.2615853658536585,8200
cifar10,PdrQC-Matched,exact,exact,0.83,0.2640963855421687,8300
cifar10,PdrQC-Matched,exact,exact,0.84,0.2667857142857143,8400
cifar10,PdrQC-Matched,exact,exact,0.85,0.2697647058823529,8500
cifar10,PdrQC-Matched,exact,exact,0.86,0.2724418604651162,8600
cifar10,PdrQC-Matched,exact,exact,0.87,0.2740229885057471,8700
cifar10,PdrQC-Matched,exact,exact,0.88,0.2777272727272727,8800
cifar10,PdrQC-Matched,exact,exact,0.89,0.28,8900
cifar10,PdrQC-Matched,exact,exact,0.9,0.2835555555555555,9000
cifar10,PdrQC-Matched,exact,exact,0.91,0.286043956043956,9100
cifar10,PdrQC-Matched,exact,exact,0.92,0.2890217391304348,9200
cifar10,PdrQC-Matched,exact,exact,0.93,0.2939784946236559,9300
cifar10,PdrQC-Matched,exact,exact,0.94,0.2979787234042553,9400
cifar10,PdrQC-Matched,exact,exact,0.95,0.3009473684210526,9500
cifar10,PdrQC-Matched,exact,exact,0.96,0.3045833333333333,9600
cifar10,PdrQC-Matched,exact,exact,0.97,0.3081443298969072,9700
cifar10,PdrQC-Matched,exact,exact,0.98,0.3114285714285714,9800
cifar10,PdrQC-Matched,exact,exact,0.99,0.3145454545454546,9900
cifar10,PdrQC-Matched,exact,exact,1.0,0.319,10000
fashion_mnist,C-RBF,exact,exact,0.0001,0.0,1
fashion_mnist,C-RBF,exact,exact,0.01,0.04,100
fashion_mnist,C-RBF,exact,exact,0.02,0.06,200
fashion_mnist,C-RBF,exact,exact,0.03,0.11,300
fashion_mnist,C-RBF,exact,exact,0.04,0.0975,400
fashion_mnist,C-RBF,exact,exact,0.05,0.088,500
fashion_mnist,C-RBF,exact,exact,0.06,0.105,600
fashion_mnist,C-RBF,exact,exact,0.07,0.1057142857142857,700
fashion_mnist,C-RBF,exact,exact,0.08,0.11375,800
fashion_mnist,C-RBF,exact,exact,0.09,0.1055555555555555,900
fashion_mnist,C-RBF,exact,exact,0.1,0.117,1000
fashion_mnist,C-RBF,exact,exact,0.11,0.1172727272727272,1100
fashion_mnist,C-RBF,exact,exact,0.12,0.1141666666666666,1200
fashion_mnist,C-RBF,exact,exact,0.13,0.1123076923076923,1300
fashion_mnist,C-RBF,exact,exact,0.14,0.1114285714285714,1400
fashion_mnist,C-RBF,exact,exact,0.15,0.1073333333333333,1500
fashion_mnist,C-RBF,exact,exact,0.16,0.10875,1600
fashion_mnist,C-RBF,exact,exact,0.17,0.1058823529411764,1700
fashion_mnist,C-RBF,exact,exact,0.18,0.1072222222222222,1800
fashion_mnist,C-RBF,exact,exact,0.19,0.1052631578947368,1900
fashion_mnist,C-RBF,exact,exact,0.2,0.102,2000
fashion_mnist,C-RBF,exact,exact,0.21,0.1028571428571428,2100
fashion_mnist,C-RBF,exact,exact,0.22,0.1022727272727272,2200
fashion_mnist,C-RBF,exact,exact,0.23,0.1034782608695652,2300
fashion_mnist,C-RBF,exact,exact,0.24,0.10375,2400
fashion_mnist,C-RBF,exact,exact,0.25,0.1032,2500
fashion_mnist,C-RBF,exact,exact,0.26,0.103076923076923,2600
fashion_mnist,C-RBF,exact,exact,0.27,0.1033333333333333,2700
fashion_mnist,C-RBF,exact,exact,0.28,0.1064285714285714,2800
fashion_mnist,C-RBF,exact,exact,0.29,0.1075862068965517,2900
fashion_mnist,C-RBF,exact,exact,0.3,0.1096666666666666,3000
fashion_mnist,C-RBF,exact,exact,0.31,0.1109677419354838,3100
fashion_mnist,C-RBF,exact,exact,0.32,0.1096875,3200
fashion_mnist,C-RBF,exact,exact,0.33,0.1103030303030303,3300
fashion_mnist,C-RBF,exact,exact,0.34,0.1102941176470588,3400
fashion_mnist,C-RBF,exact,exact,0.35,0.1085714285714285,3500
fashion_mnist,C-RBF,exact,exact,0.36,0.1086111111111111,3600
fashion_mnist,C-RBF,exact,exact,0.37,0.1075675675675675,3700
fashion_mnist,C-RBF,exact,exact,0.38,0.1060526315789473,3800
fashion_mnist,C-RBF,exact,exact,0.39,0.1053846153846153,3900
fashion_mnist,C-RBF,exact,exact,0.4,0.10425,4000
fashion_mnist,C-RBF,exact,exact,0.41,0.1041463414634146,4100
fashion_mnist,C-RBF,exact,exact,0.42,0.1035714285714285,4200
fashion_mnist,C-RBF,exact,exact,0.43,0.1032558139534883,4300
fashion_mnist,C-RBF,exact,exact,0.44,0.101590909090909,4400
fashion_mnist,C-RBF,exact,exact,0.45,0.1015555555555555,4500
fashion_mnist,C-RBF,exact,exact,0.46,0.1028260869565217,4600
fashion_mnist,C-RBF,exact,exact,0.47,0.1034042553191489,4700
fashion_mnist,C-RBF,exact,exact,0.48,0.103125,4800
fashion_mnist,C-RBF,exact,exact,0.49,0.1024489795918367,4900
fashion_mnist,C-RBF,exact,exact,0.5,0.1026,5000
fashion_mnist,C-RBF,exact,exact,0.51,0.1027450980392157,5100
fashion_mnist,C-RBF,exact,exact,0.52,0.1028846153846153,5200
fashion_mnist,C-RBF,exact,exact,0.53,0.1041509433962264,5300
fashion_mnist,C-RBF,exact,exact,0.54,0.1064814814814814,5400
fashion_mnist,C-RBF,exact,exact,0.55,0.1067272727272727,5500
fashion_mnist,C-RBF,exact,exact,0.56,0.1076785714285714,5600
fashion_mnist,C-RBF,exact,exact,0.57,0.1096491228070175,5700
fashion_mnist,C-RBF,exact,exact,0.58,0.1101724137931034,5800
fashion_mnist,C-RBF,exact,exact,0.59,0.1108474576271186,5900
fashion_mnist,C-RBF,exact,exact,0.6,0.1125,6000
fashion_mnist,C-RBF,exact,exact,0.61,0.1140983606557377,6100
fashion_mnist,C-RBF,exact,exact,0.62,0.1154838709677419,6200
fashion_mnist,C-RBF,exact,exact,0.63,0.1185714285714285,6300
fashion_mnist,C-RBF,exact,exact,0.64,0.1209375,6400
fashion_mnist,C-RBF,exact,exact,0.65,0.1227692307692307,6500
fashion_mnist,C-RBF,exact,exact,0.66,0.1242424242424242,6600
fashion_mnist,C-RBF,exact,exact,0.67,0.1274626865671641,6700
fashion_mnist,C-RBF,exact,exact,0.68,0.1301470588235294,6800
fashion_mnist,C-RBF,exact,exact,0.69,0.1314492753623188,6900
fashion_mnist,C-RBF,exact,exact,0.7,0.134,7000
fashion_mnist,C-RBF,exact,exact,0.71,0.1357746478873239,7100
fashion_mnist,C-RBF,exact,exact,0.72,0.1379166666666666,7200
fashion_mnist,C-RBF,exact,exact,0.73,0.1397260273972602,7300
fashion_mnist,C-RBF,exact,exact,0.74,0.1417567567567567,7400
fashion_mnist,C-RBF,exact,exact,0.75,0.1446666666666666,7500
fashion_mnist,C-RBF,exact,exact,0.76,0.1467105263157894,7600
fashion_mnist,C-RBF,exact,exact,0.77,0.1485714285714285,7700
fashion_mnist,C-RBF,exact,exact,0.78,0.15,7800
fashion_mnist,C-RBF,exact,exact,0.79,0.1534177215189873,7900
fashion_mnist,C-RBF,exact,exact,0.8,0.1555,8000
fashion_mnist,C-RBF,exact,exact,0.81,0.1572839506172839,8100
fashion_mnist,C-RBF,exact,exact,0.82,0.159390243902439,8200
fashion_mnist,C-RBF,exact,exact,0.83,0.162289156626506,8300
fashion_mnist,C-RBF,exact,exact,0.84,0.1657142857142857,8400
fashion_mnist,C-RBF,exact,exact,0.85,0.1676470588235294,8500
fashion_mnist,C-RBF,exact,exact,0.86,0.1694186046511628,8600
fashion_mnist,C-RBF,exact,exact,0.87,0.172183908045977,8700
fashion_mnist,C-RBF,exact,exact,0.88,0.1738636363636363,8800
fashion_mnist,C-RBF,exact,exact,0.89,0.1767415730337078,8900
fashion_mnist,C-RBF,exact,exact,0.9,0.1794444444444444,9000
fashion_mnist,C-RBF,exact,exact,0.91,0.1816483516483516,9100
fashion_mnist,C-RBF,exact,exact,0.92,0.1838043478260869,9200
fashion_mnist,C-RBF,exact,exact,0.93,0.1867741935483871,9300
fashion_mnist,C-RBF,exact,exact,0.94,0.1888297872340425,9400
fashion_mnist,C-RBF,exact,exact,0.95,0.1905263157894736,9500
fashion_mnist,C-RBF,exact,exact,0.96,0.1932291666666666,9600
fashion_mnist,C-RBF,exact,exact,0.97,0.1959793814432989,9700
fashion_mnist,C-RBF,exact,exact,0.98,0.1981632653061224,9800
fashion_mnist,C-RBF,exact,exact,0.99,0.2021212121212121,9900
fashion_mnist,C-RBF,exact,exact,1.0,0.2063,10000
fashion_mnist,C-ResNet,exact,exact,0.0001,0.0,1
fashion_mnist,C-ResNet,exact,exact,0.01,0.0,100
fashion_mnist,C-ResNet,exact,exact,0.02,0.0,200
fashion_mnist,C-ResNet,exact,exact,0.03,0.0,300
fashion_mnist,C-ResNet,exact,exact,0.04,0.0,400
fashion_mnist,C-ResNet,exact,exact,0.05,0.0,500
fashion_mnist,C-ResNet,exact,exact,0.06,0.0,600
fashion_mnist,C-ResNet,exact,exact,0.07,0.0,700
fashion_mnist,C-ResNet,exact,exact,0.08,0.0,800
fashion_mnist,C-ResNet,exact,exact,0.09,0.0,900
fashion_mnist,C-ResNet,exact,exact,0.1,0.0,1000
fashion_mnist,C-ResNet,exact,exact,0.11,0.0,1100
fashion_mnist,C-ResNet,exact,exact,0.12,0.0,1200
fashion_mnist,C-ResNet,exact,exact,0.13,0.0,1300
fashion_mnist,C-ResNet,exact,exact,0.14,0.0,1400
fashion_mnist,C-ResNet,exact,exact,0.15,0.0,1500
fashion_mnist,C-ResNet,exact,exact,0.16,0.0,1600
fashion_mnist,C-ResNet,exact,exact,0.17,0.0,1700
fashion_mnist,C-ResNet,exact,exact,0.18,0.0,1800
fashion_mnist,C-ResNet,exact,exact,0.19,0.0010526315789473,1900
fashion_mnist,C-ResNet,exact,exact,0.2,0.0015,2000
fashion_mnist,C-ResNet,exact,exact,0.21,0.0014285714285714,2100
fashion_mnist,C-ResNet,exact,exact,0.22,0.0013636363636363,2200
fashion_mnist,C-ResNet,exact,exact,0.23,0.0013043478260869,2300
fashion_mnist,C-ResNet,exact,exact,0.24,0.00125,2400
fashion_mnist,C-ResNet,exact,exact,0.25,0.0012,2500
fashion_mnist,C-ResNet,exact,exact,0.26,0.0011538461538461,2600
fashion_mnist,C-ResNet,exact,exact,0.27,0.0018518518518518,2700
fashion_mnist,C-ResNet,exact,exact,0.28,0.0017857142857142,2800
fashion_mnist,C-ResNet,exact,exact,0.29,0.0017241379310344,2900
fashion_mnist,C-ResNet,exact,exact,0.3,0.002,3000
fashion_mnist,C-ResNet,exact,exact,0.31,0.002258064516129,3100
fashion_mnist,C-ResNet,exact,exact,0.32,0.0021875,3200
fashion_mnist,C-ResNet,exact,exact,0.33,0.0021212121212121,3300
fashion_mnist,C-ResNet,exact,exact,0.34,0.0023529411764705,3400
fashion_mnist,C-ResNet,exact,exact,0.35,0.0031428571428571,3500
fashion_mnist,C-ResNet,exact,exact,0.36,0.0033333333333333,3600
fashion_mnist,C-ResNet,exact,exact,0.37,0.0035135135135135,3700
fashion_mnist,C-ResNet,exact,exact,0.38,0.0042105263157894,3800
fashion_mnist,C-ResNet,exact,exact,0.39,0.0046153846153846,3900
fashion_mnist,C-ResNet,exact,exact,0.4,0.0045,4000
fashion_mnist,C-ResNet,exact,exact,0.41,0.004390243902439,4100
fashion_mnist,C-ResNet,exact,exact,0.42,0.0052380952380952,4200
fashion_mnist,C-ResNet,exact,exact,0.43,0.0067441860465116,4300
fashion_mnist,C-ResNet,exact,exact,0.44,0.0070454545454545,4400
fashion_mnist,C-ResNet,exact,exact,0.45,0.0073333333333333,4500
fashion_mnist,C-ResNet,exact,exact,0.46,0.0078260869565217,4600
fashion_mnist,C-ResNet,exact,exact,0.47,0.0085106382978723,4700
fashion_mnist,C-ResNet,exact,exact,0.48,0.009375,4800
fashion_mnist,C-ResNet,exact,exact,0.49,0.0097959183673469,4900
fashion_mnist,C-ResNet,exact,exact,0.5,0.0106,5000
fashion_mnist,C-ResNet,exact,exact,0.51,0.0111764705882352,5100
fashion_mnist,C-ResNet,exact,exact,0.52,0.0121153846153846,5200
fashion_mnist,C-ResNet,exact,exact,0.53,0.0126415094339622,5300
fashion_mnist,C-ResNet,exact,exact,0.54,0.0133333333333333,5400
fashion_mnist,C-ResNet,exact,exact,0.55,0.014,5500
fashion_mnist,C-ResNet,exact,exact,0.56,0.0157142857142857,5600
fashion_mnist,C-ResNet,exact,exact,0.57,0.017719298245614,5700
fashion_mnist,C-ResNet,exact,exact,0.58,0.0191379310344827,5800
fashion_mnist,C-ResNet,exact,exact,0.59,0.02,5900
fashion_mnist,C-ResNet,exact,exact,0.6,0.0216666666666666,6000
fashion_mnist,C-ResNet,exact,exact,0.61,0.0234426229508196,6100
fashion_mnist,C-ResNet,exact,exact,0.62,0.0253225806451612,6200
fashion_mnist,C-ResNet,exact,exact,0.63,0.0269841269841269,6300
fashion_mnist,C-ResNet,exact,exact,0.64,0.0284375,6400
fashion_mnist,C-ResNet,exact,exact,0.65,0.0292307692307692,6500
fashion_mnist,C-ResNet,exact,exact,0.66,0.0307575757575757,6600
fashion_mnist,C-ResNet,exact,exact,0.67,0.0316417910447761,6700
fashion_mnist,C-ResNet,exact,exact,0.68,0.0341176470588235,6800
fashion_mnist,C-ResNet,exact,exact,0.69,0.0357971014492753,6900
fashion_mnist,C-ResNet,exact,exact,0.7,0.0374285714285714,7000
fashion_mnist,C-ResNet,exact,exact,0.71,0.0391549295774647,7100
fashion_mnist,C-ResNet,exact,exact,0.72,0.0406944444444444,7200
fashion_mnist,C-ResNet,exact,exact,0.73,0.0424657534246575,7300
fashion_mnist,C-ResNet,exact,exact,0.74,0.0447297297297297,7400
fashion_mnist,C-ResNet,exact,exact,0.75,0.048,7500
fashion_mnist,C-ResNet,exact,exact,0.76,0.0505263157894736,7600
fashion_mnist,C-ResNet,exact,exact,0.77,0.0532467532467532,7700
fashion_mnist,C-ResNet,exact,exact,0.78,0.0566666666666666,7800
fashion_mnist,C-ResNet,exact,exact,0.79,0.06,7900
fashion_mnist,C-ResNet,exact,exact,0.8,0.06275,8000
fashion_mnist,C-ResNet,exact,exact,0.81,0.0658024691358024,8100
fashion_mnist,C-ResNet,exact,exact,0.82,0.0695121951219512,8200
fashion_mnist,C-ResNet,exact,exact,0.83,0.0724096385542168,8300
fashion_mnist,C-ResNet,exact,exact,0.84,0.076547619047619,8400
fashion_mnist,C-ResNet,exact,exact,0.85,0.0791764705882352,8500
fashion_mnist,C-ResNet,exact,exact,0.86,0.0823255813953488,8600
fashion_mnist,C-ResNet,exact,exact,0.87,0.0845977011494252,8700
fashion_mnist,C-ResNet,exact,exact,0.88,0.0875,8800
fashion_mnist,C-ResNet,exact,exact,0.89,0.090561797752809,8900
fashion_mnist,C-ResNet,exact,exact,0.9,0.0948888888888888,9000
fashion_mnist,C-ResNet,exact,exact,0.91,0.0989010989010989,9100
fashion_mnist,C-ResNet,exact,exact,0.92,0.102391304347826,9200
fashion_mnist,C-ResNet,exact,exact,0.93,0.1063440860215053,9300
fashion_mnist,C-ResNet,exact,exact,0.94,0.1095744680851063,9400
fashion_mnist,C-ResNet,exact,exact,0.95,0.1134736842105263,9500
fashion_mnist,C-ResNet,exact,exact,0.96,0.1172916666666666,9600
fashion_mnist,C-ResNet,exact,exact,0.97,0.1215463917525773,9700
fashion_mnist,C-ResNet,exact,exact,0.98,0.1262244897959183,9800
fashion_mnist,C-ResNet,exact,exact,0.99,0.1304040404040404,9900
fashion_mnist,C-ResNet,exact,exact,1.0,0.1353,10000
fashion_mnist,PdrQC-Matched,exact,exact,0.0001,0.0,1
fashion_mnist,PdrQC-Matched,exact,exact,0.01,0.0,100
fashion_mnist,PdrQC-Matched,exact,exact,0.02,0.005,200
fashion_mnist,PdrQC-Matched,exact,exact,0.03,0.0033333333333333,300
fashion_mnist,PdrQC-Matched,exact,exact,0.04,0.0025,400
fashion_mnist,PdrQC-Matched,exact,exact,0.05,0.002,500
fashion_mnist,PdrQC-Matched,exact,exact,0.06,0.0016666666666666,600
fashion_mnist,PdrQC-Matched,exact,exact,0.07,0.0014285714285714,700
fashion_mnist,PdrQC-Matched,exact,exact,0.08,0.00125,800
fashion_mnist,PdrQC-Matched,exact,exact,0.09,0.0011111111111111,900
fashion_mnist,PdrQC-Matched,exact,exact,0.1,0.001,1000
fashion_mnist,PdrQC-Matched,exact,exact,0.11,0.0009090909090909,1100
fashion_mnist,PdrQC-Matched,exact,exact,0.12,0.0008333333333333,1200
fashion_mnist,PdrQC-Matched,exact,exact,0.13,0.0007692307692307,1300
fashion_mnist,PdrQC-Matched,exact,exact,0.14,0.0007142857142857,1400
fashion_mnist,PdrQC-Matched,exact,exact,0.15,0.0006666666666666,1500
fashion_mnist,PdrQC-Matched,exact,exact,0.16,0.000625,1600
fashion_mnist,PdrQC-Matched,exact,exact,0.17,0.0011764705882352,1700
fashion_mnist,PdrQC-Matched,exact,exact,0.18,0.0022222222222222,1800
fashion_mnist,PdrQC-Matched,exact,exact,0.19,0.0026315789473684,1900
fashion_mnist,PdrQC-Matched,exact,exact,0.2,0.0025,2000
fashion_mnist,PdrQC-Matched,exact,exact,0.21,0.0028571428571428,2100
fashion_mnist,PdrQC-Matched,exact,exact,0.22,0.004090909090909,2200
fashion_mnist,PdrQC-Matched,exact,exact,0.23,0.0043478260869565,2300
fashion_mnist,PdrQC-Matched,exact,exact,0.24,0.0058333333333333,2400
fashion_mnist,PdrQC-Matched,exact,exact,0.25,0.0064,2500
fashion_mnist,PdrQC-Matched,exact,exact,0.26,0.0065384615384615,2600
fashion_mnist,PdrQC-Matched,exact,exact,0.27,0.0066666666666666,2700
fashion_mnist,PdrQC-Matched,exact,exact,0.28,0.0075,2800
fashion_mnist,PdrQC-Matched,exact,exact,0.29,0.0079310344827586,2900
fashion_mnist,PdrQC-Matched,exact,exact,0.3,0.009,3000
fashion_mnist,PdrQC-Matched,exact,exact,0.31,0.0093548387096774,3100
fashion_mnist,PdrQC-Matched,exact,exact,0.32,0.0090625,3200
fashion_mnist,PdrQC-Matched,exact,exact,0.33,0.0112121212121212,3300
fashion_mnist,PdrQC-Matched,exact,exact,0.34,0.0117647058823529,3400
fashion_mnist,PdrQC-Matched,exact,exact,0.35,0.0134285714285714,3500
fashion_mnist,PdrQC-Matched,exact,exact,0.36,0.0144444444444444,3600
fashion_mnist,PdrQC-Matched,exact,exact,0.37,0.0156756756756756,3700
fashion_mnist,PdrQC-Matched,exact,exact,0.38,0.0173684210526315,3800
fashion_mnist,PdrQC-Matched,exact,exact,0.39,0.0184615384615384,3900
fashion_mnist,PdrQC-Matched,exact,exact,0.4,0.0205,4000
fashion_mnist,PdrQC-Matched,exact,exact,0.41,0.0229268292682926,4100
fashion_mnist,PdrQC-Matched,exact,exact,0.42,0.023095238095238,4200
fashion_mnist,PdrQC-Matched,exact,exact,0.43,0.025813953488372,4300
fashion_mnist,PdrQC-Matched,exact,exact,0.44,0.0284090909090909,4400
fashion_mnist,PdrQC-Matched,exact,exact,0.45,0.0306666666666666,4500
fashion_mnist,PdrQC-Matched,exact,exact,0.46,0.0332608695652173,4600
fashion_mnist,PdrQC-Matched,exact,exact,0.47,0.0363829787234042,4700
fashion_mnist,PdrQC-Matched,exact,exact,0.48,0.03875,4800
fashion_mnist,PdrQC-Matched,exact,exact,0.49,0.0414285714285714,4900
fashion_mnist,PdrQC-Matched,exact,exact,0.5,0.0442,5000
fashion_mnist,PdrQC-Matched,exact,exact,0.51,0.0474509803921568,5100
fashion_mnist,PdrQC-Matched,exact,exact,0.52,0.0507692307692307,5200
fashion_mnist,PdrQC-Matched,exact,exact,0.53,0.0535849056603773,5300
fashion_mnist,PdrQC-Matched,exact,exact,0.54,0.0572222222222222,5400
fashion_mnist,PdrQC-Matched,exact,exact,0.55,0.06,5500
fashion_mnist,PdrQC-Matched,exact,exact,0.56,0.0639285714285714,5600
fashion_mnist,PdrQC-Matched,exact,exact,0.57,0.0687719298245614,5700
fashion_mnist,PdrQC-Matched,exact,exact,0.58,0.0739655172413793,5800
fashion_mnist,PdrQC-Matched,exact,exact,0.59,0.0781355932203389,5900
fashion_mnist,PdrQC-Matched,exact,exact,0.6,0.0825,6000
fashion_mnist,PdrQC-Matched,exact,exact,0.61,0.0849180327868852,6100
fashion_mnist,PdrQC-Matched,exact,exact,0.62,0.0890322580645161,6200
fashion_mnist,PdrQC-Matched,exact,exact,0.63,0.0915873015873015,6300
fashion_mnist,PdrQC-Matched,exact,exact,0.64,0.09640625,6400
fashion_mnist,PdrQC-Matched,exact,exact,0.65,0.1003076923076923,6500
fashion_mnist,PdrQC-Matched,exact,exact,0.66,0.1039393939393939,6600
fashion_mnist,PdrQC-Matched,exact,exact,0.67,0.1073134328358209,6700
fashion_mnist,PdrQC-Matched,exact,exact,0.68,0.1104411764705882,6800
fashion_mnist,PdrQC-Matched,exact,exact,0.69,0.1131884057971014,6900
fashion_mnist,PdrQC-Matched,exact,exact,0.7,0.1165714285714285,7000
fashion_mnist,PdrQC-Matched,exact,exact,0.71,0.1185915492957746,7100
fashion_mnist,PdrQC-Matched,exact,exact,0.72,0.1222222222222222,7200
fashion_mnist,PdrQC-Matched,exact,exact,0.73,0.1252054794520548,7300
fashion_mnist,PdrQC-Matched,exact,exact,0.74,0.1289189189189189,7400
fashion_mnist,PdrQC-Matched,exact,exact,0.75,0.1308,7500
fashion_mnist,PdrQC-Matched,exact,exact,0.76,0.1338157894736842,7600
fashion_mnist,PdrQC-Matched,exact,exact,0.77,0.1374025974025974,7700
fashion_mnist,PdrQC-Matched,exact,exact,0.78,0.1415384615384615,7800
fashion_mnist,PdrQC-Matched,exact,exact,0.79,0.1460759493670886,7900
fashion_mnist,PdrQC-Matched,exact,exact,0.8,0.15025,8000
fashion_mnist,PdrQC-Matched,exact,exact,0.81,0.1538271604938271,8100
fashion_mnist,PdrQC-Matched,exact,exact,0.82,0.1580487804878048,8200
fashion_mnist,PdrQC-Matched,exact,exact,0.83,0.1620481927710843,8300
fashion_mnist,PdrQC-Matched,exact,exact,0.84,0.1659523809523809,8400
fashion_mnist,PdrQC-Matched,exact,exact,0.85,0.1695294117647058,8500
fashion_mnist,PdrQC-Matched,exact,exact,0.86,0.1738372093023255,8600
fashion_mnist,PdrQC-Matched,exact,exact,0.87,0.1771264367816092,8700
fashion_mnist,PdrQC-Matched,exact,exact,0.88,0.1817045454545454,8800
fashion_mnist,PdrQC-Matched,exact,exact,0.89,0.1844943820224719,8900
fashion_mnist,PdrQC-Matched,exact,exact,0.9,0.1883333333333333,9000
fashion_mnist,PdrQC-Matched,exact,exact,0.91,0.1920879120879121,9100
fashion_mnist,PdrQC-Matched,exact,exact,0.92,0.1952173913043478,9200
fashion_mnist,PdrQC-Matched,exact,exact,0.93,0.1981720430107527,9300
fashion_mnist,PdrQC-Matched,exact,exact,0.94,0.2017021276595744,9400
fashion_mnist,PdrQC-Matched,exact,exact,0.95,0.2067368421052631,9500
fashion_mnist,PdrQC-Matched,exact,exact,0.96,0.2098958333333333,9600
fashion_mnist,PdrQC-Matched,exact,exact,0.97,0.2146391752577319,9700
fashion_mnist,PdrQC-Matched,exact,exact,0.98,0.2188775510204081,9800
fashion_mnist,PdrQC-Matched,exact,exact,0.99,0.2232323232323232,9900
fashion_mnist,PdrQC-Matched,exact,exact,1.0,0.2282,10000
