dataset,method,budget_definition,nominal_budget,actual_state_preparations_per_image_mean,measurement_settings,measurement_groups,runs,primary_metric_mean,primary_metric_sd,delta_versus_exact,Brier,shot_uncertainty,status,offline_shot_draws
breastmnist,PdrQC-Matched,total_state_preparations_per_image,8,8.0,7,7,15,0.6418128654970761,0.0367628009686957,-0.1428571428571428,0.3932214434480594,0.0343943627221034,COMPLETED,18720
breastmnist,PdrQC-Matched,total_state_preparations_per_image,32,32.0,7,7,15,0.7141186299081035,0.0172116605692708,-0.0705513784461153,0.3527295523317799,0.0168196196142625,COMPLETED,74880
breastmnist,PdrQC-Matched,total_state_preparations_per_image,128,128.0,7,7,15,0.7718880534670008,0.0117477920947113,-0.012781954887218,0.3197023642204963,0.0124141353159206,COMPLETED,299520
breastmnist,PdrQC-Matched,total_state_preparations_per_image,512,512.0,7,7,15,0.7849902534113061,0.0088465118402371,0.0003202450570872,0.3102779397447354,0.0090625652531136,COMPLETED,1198080
breastmnist,QF-Product,total_state_preparations_per_image,1,1.0,1,1,15,0.5415204678362573,0.0329421285241258,-0.1606516290726817,0.3949971062366824,0.0256790198889462,COMPLETED,2340
breastmnist,QF-Product,total_state_preparations_per_image,8,8.0,3,3,15,0.6272347535505429,0.0398057145739193,-0.074937343358396,0.377083229570112,0.0336963937483135,COMPLETED,18720
breastmnist,QF-Product,total_state_preparations_per_image,32,32.0,3,3,15,0.6732386521860206,0.0271043352479838,-0.0289334447229183,0.3514608216573054,0.025283377818061,COMPLETED,74880
breastmnist,QF-Product,total_state_preparations_per_image,128,128.0,3,3,15,0.7145363408521305,0.0178809351350632,0.0123642439431914,0.3339309840890488,0.0174528210249646,COMPLETED,299520
breastmnist,QF-Product,total_state_preparations_per_image,512,512.0,3,3,15,0.6991645781119463,0.0073790064201658,-0.0030075187969926,0.3351444294752151,0.0072883617802959,COMPLETED,1198080
breastmnist,QF-Ring,total_state_preparations_per_image,1,1.0,1,1,15,0.5588345864661655,0.0382833683522215,-0.1255847953216373,0.3995361842181746,0.0325684082561671,COMPLETED,2340
breastmnist,QF-Ring,total_state_preparations_per_image,8,8.0,3,3,15,0.5852548036758564,0.0527579481910072,-0.0991645781119464,0.4104333370458917,0.0521498682987014,COMPLETED,18720
breastmnist,QF-Ring,total_state_preparations_per_image,32,32.0,3,3,15,0.6447646895015317,0.0347000894248205,-0.0396546922862711,0.3820843913909384,0.0318239790996068,COMPLETED,74880
breastmnist,QF-Ring,total_state_preparations_per_image,128,128.0,3,3,15,0.665580618212197,0.0294389072199545,-0.0188387635756057,0.3627427105812756,0.0261098600970079,COMPLETED,299520
breastmnist,QF-Ring,total_state_preparations_per_image,512,512.0,3,3,15,0.6908939014202173,0.0123017215397588,0.0064745196324145,0.3517599875099185,0.0119874039210363,COMPLETED,1198080
breastmnist,QK-IQP,shots_per_kernel_entry,32,17318.4,1,1,5,0.555889724310777,0.0146783946680998,0.0093149540517961,0.4119238459900768,0.0146783946680998,COMPLETED,68140800
breastmnist,QK-IQP,shots_per_kernel_entry,128,69888.0,1,1,5,0.5507101086048455,0.0235994669258973,0.0041353383458646,0.4010706585215297,0.0235994669258972,COMPLETED,272563200
breastmnist,QK-IQP,shots_per_kernel_entry,512,279552.0,1,1,5,0.5428153717627402,0.0439976743732273,-0.0037593984962406,0.4008729096824018,0.0439976743732273,COMPLETED,1090252800
breastmnist,VQC-DR,total_state_preparations_per_image,1,1.0,1,1,15,0.5585143414090783,0.0365379558167874,-0.158068783068783,0.5051609717251411,0.0323346311523136,COMPLETED,2340
breastmnist,VQC-DR,total_state_preparations_per_image,8,8.0,1,1,15,0.6103104984683931,0.0372120787306215,-0.1062726260094681,0.4404627729957297,0.034058103143201,COMPLETED,18720
breastmnist,VQC-DR,total_state_preparations_per_image,32,32.0,1,1,15,0.6568226120857701,0.0279659033094736,-0.0597605123920912,0.3820322459350969,0.0208858209773548,COMPLETED,74880
breastmnist,VQC-DR,total_state_preparations_per_image,128,128.0,1,1,15,0.6972431077694237,0.0442864226787256,-0.0193400167084376,0.3519891075148207,0.0351947294946343,COMPLETED,299520
breastmnist,VQC-DR,total_state_preparations_per_image,512,512.0,1,1,15,0.7077137287663603,0.0205339280073383,-0.008869395711501,0.3463862488215339,0.0118668082554553,COMPLETED,1198080
breastmnist,Yomo-Matched,total_state_preparations_per_image,1,1.0,1,1,15,0.5192982456140351,0.0432247795801164,0.0526455026455027,0.5047597013839751,0.0432234798538801,COMPLETED,2340
breastmnist,Yomo-Matched,total_state_preparations_per_image,8,8.0,1,1,15,0.491318574213311,0.0404274641265155,0.0246658312447786,0.5038796662190403,0.040945119904123,COMPLETED,18720
breastmnist,Yomo-Matched,total_state_preparations_per_image,32,32.0,1,1,15,0.4843358395989974,0.058730141222966,0.017683096630465,0.5055007949657266,0.0594256930954112,COMPLETED,74880
breastmnist,Yomo-Matched,total_state_preparations_per_image,128,128.0,1,1,15,0.4521929824561403,0.0528248534616575,-0.014459760512392,0.5012968791514959,0.0518727039607323,COMPLETED,299520
breastmnist,Yomo-Matched,total_state_preparations_per_image,512,512.0,1,1,15,0.4643622946254525,0.0319786565699756,-0.0022904483430798,0.50273366028081,0.0300769658376261,COMPLETED,1198080
cifar10,PdrQC-Matched,total_state_preparations_per_image,8,8.0,7,7,15,0.4901333333333333,0.0087023532668441,-0.1908666666666667,0.6825602972550514,0.008092643630459,COMPLETED,1200000
cifar10,PdrQC-Matched,total_state_preparations_per_image,32,32.0,7,7,15,0.6192333333333334,0.0041835847012318,-0.0617666666666666,0.5128629639932102,0.0044696788738999,COMPLETED,4800000
cifar10,PdrQC-Matched,total_state_preparations_per_image,128,128.0,7,7,15,0.6625133333333332,0.0039238950522347,-0.0184866666666668,0.4574475185054142,0.0041528916482338,COMPLETED,19200000
cifar10,PdrQC-Matched,total_state_preparations_per_image,512,512.0,7,7,15,0.6758799999999998,0.0016371578159376,-0.0051200000000002,0.439146015497169,0.0015302971804087,COMPLETED,76800000
cifar10,QF-Product,total_state_preparations_per_image,1,1.0,1,1,15,0.1303133333333333,0.003419871899578,-0.2999866666666667,0.910896828337474,0.0032868013425555,COMPLETED,150000
cifar10,QF-Product,total_state_preparations_per_image,8,8.0,3,3,15,0.2953733333333333,0.0046359567769873,-0.1349266666666667,0.8468967429120238,0.0048615229939274,COMPLETED,1200000
cifar10,QF-Product,total_state_preparations_per_image,32,32.0,3,3,15,0.37316,0.0047202905479581,-0.0571399999999999,0.7623208823604172,0.0048656083980666,COMPLETED,4800000
cifar10,QF-Product,total_state_preparations_per_image,128,128.0,3,3,15,0.4131999999999999,0.0023700512351303,-0.0171,0.7271111278814666,0.00248797095863,COMPLETED,19200000
cifar10,QF-Product,total_state_preparations_per_image,512,512.0,3,3,15,0.4241133333333333,0.002058385867847,-0.0061866666666666,0.7176831005927918,0.0020819690509829,COMPLETED,76800000
cifar10,QF-Ring,total_state_preparations_per_image,1,1.0,1,1,15,0.14606,0.0034692115201337,-0.21764,0.9200351730738172,0.0035652725820127,COMPLETED,150000
cifar10,QF-Ring,total_state_preparations_per_image,8,8.0,3,3,15,0.1944733333333333,0.0051755561007857,-0.1692266666666667,0.9106850026618172,0.0036904111384383,COMPLETED,1200000
cifar10,QF-Ring,total_state_preparations_per_image,32,32.0,3,3,15,0.2676666666666667,0.0039143812987981,-0.0960333333333333,0.8448971989186768,0.0038415838333461,COMPLETED,4800000
cifar10,QF-Ring,total_state_preparations_per_image,128,128.0,3,3,15,0.3238133333333334,0.0018882594656253,-0.0398866666666666,0.8014775032326198,0.0019677329068911,COMPLETED,19200000
cifar10,QF-Ring,total_state_preparations_per_image,512,512.0,3,3,15,0.3494333333333334,0.0024537629023506,-0.0142666666666665,0.7830260545876251,0.0019320085858971,COMPLETED,76800000
cifar10,QK-IQP,shots_per_kernel_entry,32,160000.0,1,1,5,0.1078,0.0019621416870348,-0.0069999999999999,0.9000457683210236,0.0019621416870348,COMPLETED,16000000000
cifar10,QK-IQP,shots_per_kernel_entry,128,640000.0,1,1,5,0.1095,0.0020832666655999,-0.0052999999999999,0.8999136157350227,0.0020832666655999,COMPLETED,64000000000
cifar10,QK-IQP,shots_per_kernel_entry,512,2560000.0,1,1,5,0.1125,0.0011999999999999,-0.0022999999999999,0.8998191076863848,0.0012,COMPLETED,256000000000
cifar10,VQC-DR,total_state_preparations_per_image,1,1.0,1,1,15,0.1741466666666666,0.0061432735185574,-0.2456866666666666,0.966390103961918,0.0030276969923672,COMPLETED,150000
cifar10,VQC-DR,total_state_preparations_per_image,8,8.0,1,1,15,0.2374799999999999,0.0034550584034757,-0.1823533333333333,0.917674730308493,0.0028469316278041,COMPLETED,1200000
cifar10,VQC-DR,total_state_preparations_per_image,32,32.0,1,1,15,0.3063333333333333,0.0050227577323712,-0.1134999999999999,0.8144513150419598,0.004093989287927,COMPLETED,4800000
cifar10,VQC-DR,total_state_preparations_per_image,128,128.0,1,1,15,0.3689666666666668,0.0077356934001388,-0.0508666666666665,0.7382607140290051,0.0045195302528506,COMPLETED,19200000
cifar10,VQC-DR,total_state_preparations_per_image,512,512.0,1,1,15,0.4044266666666666,0.008673067233574,-0.0154066666666666,0.7078419302712435,0.0032029901090976,COMPLETED,76800000
cifar10,Yomo-Matched,total_state_preparations_per_image,1,1.0,1,1,15,0.14314,0.0044687486263734,-0.1377266666666666,0.9608403824738562,0.0032085834848361,COMPLETED,150000
cifar10,Yomo-Matched,total_state_preparations_per_image,8,8.0,1,1,15,0.1792733333333333,0.0097626450358106,-0.1015933333333332,0.908251625319537,0.0048745937126039,COMPLETED,1200000
cifar10,Yomo-Matched,total_state_preparations_per_image,32,32.0,1,1,15,0.2216933333333333,0.0106622475965212,-0.0591733333333332,0.8896608047560367,0.0031907670109512,COMPLETED,4800000
cifar10,Yomo-Matched,total_state_preparations_per_image,128,128.0,1,1,15,0.2556266666666666,0.0129414873657588,-0.0252399999999999,0.8507683695241229,0.0025121009090688,COMPLETED,19200000
cifar10,Yomo-Matched,total_state_preparations_per_image,512,512.0,1,1,15,0.2716599999999999,0.0118355276302205,-0.0092066666666666,0.840398336275325,0.002776797071652,COMPLETED,76800000
fashion_mnist,PdrQC-Matched,total_state_preparations_per_image,8,8.0,6,6,15,0.5982333333333333,0.0118536110632201,-0.1735666666666667,0.5460332165434963,0.0104393880765961,COMPLETED,1200000
fashion_mnist,PdrQC-Matched,total_state_preparations_per_image,32,32.0,6,6,15,0.7132733333333333,0.00270910282109,-0.0585266666666667,0.3883025464442811,0.0024341442088099,COMPLETED,4800000
fashion_mnist,PdrQC-Matched,total_state_preparations_per_image,128,128.0,6,6,15,0.7502800000000001,0.002832263103194,-0.0215199999999999,0.340856482083049,0.0025972887737735,COMPLETED,19200000
fashion_mnist,PdrQC-Matched,total_state_preparations_per_image,512,512.0,6,6,15,0.7652133333333334,0.002155679099716,-0.0065866666666666,0.3233023240864247,0.0020994155900999,COMPLETED,76800000
fashion_mnist,QF-Product,total_state_preparations_per_image,1,1.0,1,1,15,0.16884,0.0033429670311608,-0.41366,0.9430631130675072,0.0033546115718446,COMPLETED,150000
fashion_mnist,QF-Product,total_state_preparations_per_image,8,8.0,3,3,15,0.3861933333333333,0.0062873417806467,-0.1963066666666666,0.7792200213641025,0.0060475066992915,COMPLETED,1200000
fashion_mnist,QF-Product,total_state_preparations_per_image,32,32.0,3,3,15,0.5019066666666666,0.0030762840911599,-0.0805933333333334,0.6368043974272003,0.0028018370313729,COMPLETED,4800000
fashion_mnist,QF-Product,total_state_preparations_per_image,128,128.0,3,3,15,0.5562666666666666,0.0022610574854215,-0.0262333333333334,0.5743615723215235,0.0021632437074051,COMPLETED,19200000
fashion_mnist,QF-Product,total_state_preparations_per_image,512,512.0,3,3,15,0.5749000000000001,0.0015815905195178,-0.0075999999999999,0.5525322426305895,0.001641883983241,COMPLETED,76800000
fashion_mnist,QF-Ring,total_state_preparations_per_image,1,1.0,1,1,15,0.2053533333333333,0.0032908675943905,-0.3837466666666665,0.9646794918362313,0.0030807278591334,COMPLETED,150000
fashion_mnist,QF-Ring,total_state_preparations_per_image,8,8.0,3,3,15,0.3189999999999999,0.0068326945113706,-0.2701,0.8637032362149683,0.0048608997006692,COMPLETED,1200000
fashion_mnist,QF-Ring,total_state_preparations_per_image,32,32.0,3,3,15,0.4536733333333333,0.0029072487403205,-0.1354266666666666,0.6955835328824993,0.0027523317361831,COMPLETED,4800000
fashion_mnist,QF-Ring,total_state_preparations_per_image,128,128.0,3,3,15,0.5321533333333334,0.0029555919558565,-0.0569466666666665,0.6061137979374591,0.0026116763941573,COMPLETED,19200000
fashion_mnist,QF-Ring,total_state_preparations_per_image,512,512.0,3,3,15,0.5666599999999999,0.0021480223462524,-0.02244,0.564868077800258,0.0021170378332857,COMPLETED,76800000
fashion_mnist,QK-IQP,shots_per_kernel_entry,32,159980.8,1,1,5,0.1208799999999999,0.0046986168177454,-0.0138199999999999,0.9018689070992976,0.0046986168177454,COMPLETED,16000000000
fashion_mnist,QK-IQP,shots_per_kernel_entry,128,639923.2,1,1,5,0.1292,0.0021166010488516,-0.0054999999999999,0.8996477207843464,0.0021166010488516,COMPLETED,64000000000
fashion_mnist,QK-IQP,shots_per_kernel_entry,512,2559897.6,1,1,5,0.13456,0.0022831995094603,-0.0001399999999999,0.8982964432803497,0.0022831995094603,COMPLETED,256000000000
fashion_mnist,VQC-DR,total_state_preparations_per_image,1,1.0,1,1,15,0.1672266666666666,0.0088563509630633,-0.35234,0.9648826054357612,0.0037421828139802,COMPLETED,150000
fashion_mnist,VQC-DR,total_state_preparations_per_image,8,8.0,1,1,15,0.2505066666666666,0.0114055416772892,-0.2690599999999999,0.9394330254677516,0.0042381101453768,COMPLETED,1200000
fashion_mnist,VQC-DR,total_state_preparations_per_image,32,32.0,1,1,15,0.3462133333333334,0.0184703572038576,-0.1733533333333332,0.8089564959997573,0.003418580195239,COMPLETED,4800000
fashion_mnist,VQC-DR,total_state_preparations_per_image,128,128.0,1,1,15,0.4406333333333333,0.0207221643473382,-0.0789333333333333,0.6876895068849075,0.003412193596511,COMPLETED,19200000
fashion_mnist,VQC-DR,total_state_preparations_per_image,512,512.0,1,1,15,0.4949799999999999,0.0172534137408886,-0.0245866666666667,0.6335551599152719,0.0024281544410653,COMPLETED,76800000
fashion_mnist,Yomo-Matched,total_state_preparations_per_image,1,1.0,1,1,15,0.1476466666666666,0.0062567525427295,-0.1607199999999999,0.973732056794552,0.0024688290013182,COMPLETED,150000
fashion_mnist,Yomo-Matched,total_state_preparations_per_image,8,8.0,1,1,15,0.1834933333333333,0.0098943321919071,-0.1248733333333332,0.9062336831013428,0.0027011867201033,COMPLETED,1200000
fashion_mnist,Yomo-Matched,total_state_preparations_per_image,32,32.0,1,1,15,0.2282199999999999,0.0166042679539242,-0.0801466666666666,0.8844706493376885,0.0035326553840611,COMPLETED,4800000
fashion_mnist,Yomo-Matched,total_state_preparations_per_image,128,128.0,1,1,15,0.2710733333333333,0.016748836491217,-0.0372933333333332,0.8388920107742501,0.0031505239357558,COMPLETED,19200000
fashion_mnist,Yomo-Matched,total_state_preparations_per_image,512,512.0,1,1,15,0.2933,0.0195388989308141,-0.0150666666666666,0.8273674651195276,0.0020310196716839,COMPLETED,76800000
mnist,PdrQC-Matched,total_state_preparations_per_image,8,8.0,6,6,15,0.5901666666666667,0.0114243265926372,-0.2032333333333332,0.561997015198862,0.0096483856838916,COMPLETED,1200000
mnist,PdrQC-Matched,total_state_preparations_per_image,32,32.0,6,6,15,0.7315133333333333,0.0031997470138092,-0.0618866666666666,0.3692891545205243,0.0033470264311993,COMPLETED,4800000
mnist,PdrQC-Matched,total_state_preparations_per_image,128,128.0,6,6,15,0.7747533333333333,0.0011891573647315,-0.0186466666666667,0.3106580715939533,0.0011360727467038,COMPLETED,19200000
mnist,PdrQC-Matched,total_state_preparations_per_image,512,512.0,6,6,15,0.78842,0.0011014276449875,-0.0049799999999999,0.288985750400921,0.0010610009839555,COMPLETED,76800000
mnist,QF-Product,total_state_preparations_per_image,1,1.0,1,1,15,0.1340933333333333,0.0041859401856805,-0.3628066666666666,0.9039215607316382,0.0031980418145332,COMPLETED,150000
mnist,QF-Product,total_state_preparations_per_image,8,8.0,3,3,15,0.3374400000000001,0.0065345018391392,-0.1594599999999999,0.8151058566318363,0.0060748042740312,COMPLETED,1200000
mnist,QF-Product,total_state_preparations_per_image,32,32.0,3,3,15,0.4345466666666666,0.0027294339200298,-0.0623533333333333,0.6979932780783352,0.0025274736468517,COMPLETED,4800000
mnist,QF-Product,total_state_preparations_per_image,128,128.0,3,3,15,0.4772933333333334,0.0019922946808236,-0.0196066666666666,0.6493798812649104,0.0015086264858805,COMPLETED,19200000
mnist,QF-Product,total_state_preparations_per_image,512,512.0,3,3,15,0.49224,0.0019260618592647,-0.0046599999999999,0.6322979927860969,0.0019866194787329,COMPLETED,76800000
mnist,QF-Ring,total_state_preparations_per_image,1,1.0,1,1,15,0.1526133333333333,0.0038646505417079,-0.2694866666666666,0.915879184075081,0.0039844352255454,COMPLETED,150000
mnist,QF-Ring,total_state_preparations_per_image,8,8.0,3,3,15,0.2213399999999999,0.0049474091343709,-0.20076,0.9157891414309028,0.0050893953729599,COMPLETED,1200000
mnist,QF-Ring,total_state_preparations_per_image,32,32.0,3,3,15,0.31038,0.003166837088146,-0.1117199999999999,0.8179451592924316,0.0027567686482097,COMPLETED,4800000
mnist,QF-Ring,total_state_preparations_per_image,128,128.0,3,3,15,0.3762133333333333,0.0022765470930043,-0.0458866666666666,0.7529733915572625,0.0020332966894861,COMPLETED,19200000
mnist,QF-Ring,total_state_preparations_per_image,512,512.0,3,3,15,0.40782,0.0017656241308468,-0.0142799999999999,0.7246110251665648,0.0015416760618451,COMPLETED,76800000
mnist,QK-IQP,shots_per_kernel_entry,32,160000.0,1,1,5,0.1028999999999999,0.0025913317039699,-0.0056,0.9003465854467969,0.0025913317039699,COMPLETED,16000000000
mnist,QK-IQP,shots_per_kernel_entry,128,640000.0,1,1,5,0.1053599999999999,0.0014724129855444,-0.00314,0.8999603486950278,0.0014724129855444,COMPLETED,64000000000
mnist,QK-IQP,shots_per_kernel_entry,512,2560000.0,1,1,5,0.10736,0.0030639843341636,-0.0011399999999999,0.8998754651720139,0.0030639843341636,COMPLETED,256000000000
mnist,VQC-DR,total_state_preparations_per_image,1,1.0,1,1,15,0.1787199999999999,0.0045245678562393,-0.2345466666666666,0.9492958817620812,0.0036844242422095,COMPLETED,150000
mnist,VQC-DR,total_state_preparations_per_image,8,8.0,1,1,15,0.2289199999999999,0.0043379060122861,-0.1843466666666666,0.9200309722472116,0.0042004880672833,COMPLETED,1200000
mnist,VQC-DR,total_state_preparations_per_image,32,32.0,1,1,15,0.29548,0.0047821393897352,-0.1177866666666666,0.8220945234889238,0.0027550318978631,COMPLETED,4800000
mnist,VQC-DR,total_state_preparations_per_image,128,128.0,1,1,15,0.3548266666666667,0.005105944248292,-0.0584399999999998,0.7422192173265062,0.0030538931540615,COMPLETED,19200000
mnist,VQC-DR,total_state_preparations_per_image,512,512.0,1,1,15,0.3892,0.0046086874487211,-0.0240666666666666,0.709602561294108,0.0019221103952991,COMPLETED,76800000
mnist,Yomo-Matched,total_state_preparations_per_image,1,1.0,1,1,15,0.1291199999999999,0.0020386269889315,-0.1090799999999999,0.925645555638164,0.0015533480237346,COMPLETED,150000
mnist,Yomo-Matched,total_state_preparations_per_image,8,8.0,1,1,15,0.1525533333333333,0.0056026609324328,-0.0856466666666666,0.9088822231395522,0.0048576075520607,COMPLETED,1200000
mnist,Yomo-Matched,total_state_preparations_per_image,32,32.0,1,1,15,0.18312,0.0065036473283403,-0.0550799999999998,0.8944054387306638,0.0031686168533131,COMPLETED,4800000
mnist,Yomo-Matched,total_state_preparations_per_image,128,128.0,1,1,15,0.2114066666666666,0.0076123458620723,-0.0267933333333332,0.8696007026101965,0.0033627859243485,COMPLETED,19200000
mnist,Yomo-Matched,total_state_preparations_per_image,512,512.0,1,1,15,0.22746,0.0075959387645165,-0.0107399999999998,0.8620766946346526,0.0018763189253033,COMPLETED,76800000
