dataset,method,setting,shot_budget,nll,brier,ece_15,predictive_entropy,model_uncertainty,shot_uncertainty,error_detection_auroc,aurc,risk_100,risk_90,risk_80,correct_sample_uncertainty,incorrect_sample_uncertainty,runs,uncertainty_score
breastmnist,PdrQC-Matched,finite_shot,8,0.5351093966639764,0.3530238507086602,0.0654484966695422,0.5276451727529072,0.0058431324013431,0.0343544603380561,0.6924708377518557,0.1762287400445349,0.2628205128205128,0.2411347517730496,0.208,0.5062848299210215,0.5875583294764892,15,predictive_entropy
breastmnist,PdrQC-Matched,finite_shot,32,0.5110085361477533,0.3336694726479705,0.0624037912728933,0.4581192733871694,0.0025872580334978,0.0164728216503116,0.7060660124888493,0.1404598947031861,0.2435897435897435,0.2127659574468085,0.184,0.4295071307818651,0.5469675056878508,15,predictive_entropy
breastmnist,PdrQC-Matched,finite_shot,128,0.4838609780064469,0.3144575627592698,0.1057101495907135,0.4301619028572827,0.0006319969948692,0.0046128044663572,0.7224537037037037,0.1191950250577497,0.2307692307692307,0.2056737588652482,0.184,0.3989389100420438,0.5342385455747457,15,predictive_entropy
breastmnist,PdrQC-Matched,finite_shot,512,0.4801583708705677,0.3080585771158121,0.0687111591125959,0.4079701413400309,0.0002867468451398,0.0019326157837834,0.690524193548387,0.1173174572100937,0.2051282051282051,0.1843971631205673,0.168,0.3830337450961673,0.5045986767850025,15,predictive_entropy
breastmnist,QF-Product,finite_shot,1,0.5746997570907977,0.3874651382594158,0.0915866603314143,0.5756979369611176,0.0010971994996449,0.0064347684776217,0.7352890422778258,0.2367906684557623,0.391025641025641,0.3687943262411347,0.32,0.5671939787673168,0.5889418062793318,15,predictive_entropy
breastmnist,QF-Product,finite_shot,8,0.542976448384818,0.3597089175753366,0.1442533262398801,0.5810795795756517,0.0033276471703629,0.0140466648244124,0.6833928571428571,0.2205892006905787,0.358974358974359,0.375886524822695,0.352,0.5651256226427536,0.6095687883843987,15,predictive_entropy
breastmnist,QF-Product,finite_shot,32,0.5250327240426106,0.3429484747646037,0.1159224924352389,0.5564533423925363,0.002142933282972,0.0063694136097298,0.6734182098765432,0.1989680073843557,0.3076923076923077,0.3191489361702128,0.272,0.5388912165507667,0.5959681255365179,15,predictive_entropy
breastmnist,QF-Product,finite_shot,128,0.5102008079811193,0.3311693100758041,0.0989928038228739,0.5305090153304732,0.000627629614384,0.0021340443988606,0.6706896551724139,0.1628122358745136,0.2564102564102564,0.2553191489361702,0.208,0.5126841866037554,0.5822010186379549,15,predictive_entropy
breastmnist,QF-Product,finite_shot,512,0.5157332952000115,0.3344408789971557,0.1617486945638508,0.5435582444552646,0.000186512086219,0.0005170383918404,0.64049955396967,0.1708181112155238,0.2435897435897435,0.2411347517730496,0.192,0.53086516595408,0.5829735934852589,15,predictive_entropy
breastmnist,QF-Ring,finite_shot,1,0.5687718192640537,0.3836777127120694,0.0986656210189862,0.5688291352783852,0.0023558231399841,0.013502648366121,0.778125,0.1925184771848538,0.3846153846153846,0.3617021276595745,0.304,0.5522852743154477,0.5952993128190851,15,predictive_entropy
breastmnist,QF-Ring,finite_shot,8,0.5548599952435982,0.3700453601131007,0.1327349919982295,0.5703027542807446,0.0064503672256616,0.0339376097071293,0.6566416040100251,0.1955979684627983,0.2692307692307692,0.2340425531914893,0.216,0.559751213495731,0.59894265069721,15,predictive_entropy
breastmnist,QF-Ring,finite_shot,32,0.5374621581279124,0.3535230846298446,0.1331978132473945,0.549869590598611,0.0063620691564651,0.0221992376046286,0.7368827160493827,0.1913479451474072,0.3076923076923077,0.2765957446808511,0.232,0.5263420675876117,0.6028065173733596,15,predictive_entropy
breastmnist,QF-Ring,finite_shot,128,0.533203222815431,0.3489827435985442,0.1047224864968533,0.5349019078333386,0.0039921660417331,0.0097678009409983,0.701542065196174,0.1928393680362217,0.3012820512820512,0.2836879432624113,0.232,0.5101500571068769,0.5923051361138564,15,predictive_entropy
breastmnist,QF-Ring,finite_shot,512,0.5284045744485851,0.3462139896147232,0.1107763948067753,0.5106600672730681,0.0023037943539646,0.0032422035412306,0.7307224025974026,0.1675376971236422,0.282051282051282,0.2482269503546099,0.2,0.4815437481687475,0.5847743340840657,15,predictive_entropy
breastmnist,QK-IQP,finite_shot,32,0.586007261865917,0.3962246365386265,0.1005268734560981,0.6110897413628527,0.0,0.0156992094514503,0.7032098765432099,0.3387570984017989,0.4807692307692308,0.475177304964539,0.44,0.5911528812709455,0.6326215502621124,5,predictive_entropy
breastmnist,QK-IQP,finite_shot,128,0.5888726260928323,0.3963573853317702,0.1399289165328141,0.5905797202724695,0.0,0.0047132731897596,0.6703296703296704,0.3302566028304239,0.4166666666666667,0.4184397163120567,0.368,0.5804506339764738,0.6047604410868636,5,predictive_entropy
breastmnist,QK-IQP,finite_shot,512,0.5916138747224879,0.3997711292194116,0.1359353809973774,0.6030046970984586,0.0,0.0011017804629901,0.6734156378600823,0.4017176999621882,0.5192307692307693,0.5177304964539007,0.496,0.5916278952355246,0.6135387728974716,5,predictive_entropy
breastmnist,VQC-DR,finite_shot,1,0.5984945442578853,0.4079809543076222,0.1771112540846872,0.6678548787546299,0.0193025597892382,0.0778774576282805,0.6605761316872428,0.3470183396645592,0.5192307692307693,0.5319148936170213,0.512,0.6566112656161308,0.6782656316606476,15,predictive_entropy
breastmnist,VQC-DR,finite_shot,8,0.5335882000138579,0.3516905852548082,0.1026592410330987,0.5914418513257212,0.0209429430319916,0.0678292447089297,0.6354166666666667,0.15954743968104,0.2307692307692307,0.2198581560283688,0.184,0.5823285859934632,0.6218194024332477,15,predictive_entropy
breastmnist,VQC-DR,finite_shot,32,0.5091943307436291,0.3338865194979266,0.0856785393246035,0.5310501788027066,0.0188539716004826,0.0292917548366876,0.657175925925926,0.1446100076571058,0.2307692307692307,0.2127659574468085,0.176,0.5159371911906641,0.5814268041761821,15,predictive_entropy
breastmnist,VQC-DR,finite_shot,128,0.499882302363756,0.325799817537152,0.0579904129544227,0.5067948990492932,0.0182595538435677,0.007929736134101,0.6763570292982056,0.1403641404017565,0.2371794871794871,0.226950354609929,0.192,0.488972412051814,0.5641158707438887,15,predictive_entropy
breastmnist,VQC-DR,finite_shot,512,0.5018085655012641,0.3264682036892903,0.0973490860685026,0.4995606908956467,0.0178732598668392,0.0020447852654044,0.676129911424029,0.1447060147597182,0.2371794871794871,0.2340425531914893,0.184,0.4811815084761908,0.5586721154338972,15,predictive_entropy
breastmnist,Yomo-Matched,finite_shot,1,0.693406352954303,0.5002576578558772,0.0800219877870443,0.6926904819829208,0.000699443696932,0.0038025998311657,0.6034714070098944,0.5212888007970746,0.5705128205128205,0.5319148936170213,0.504,0.6926440532018496,0.6927254339866483,15,predictive_entropy
breastmnist,Yomo-Matched,finite_shot,8,0.6921097357488863,0.4989687332226247,0.1407166781395965,0.6927763467786411,0.0007204294006341,0.0041905035957816,0.4016784283806981,0.3644281166105957,0.3141025641025641,0.3120567375886525,0.328,0.6927806421195553,0.6927669671566448,15,predictive_entropy
breastmnist,Yomo-Matched,finite_shot,32,0.6955843596357868,0.5024336745483386,0.1400738305532129,0.6928151187017343,0.000649285912365,0.0024178345050229,0.4307085319743547,0.5610090748628802,0.4935897435897436,0.4964539007092198,0.544,0.6928891487356711,0.6927391658097731,15,predictive_entropy
breastmnist,Yomo-Matched,finite_shot,128,0.6942833951561005,0.5011359982854351,0.1291843356609811,0.6931153953705359,5.736394881807203e-05,0.0001035169172427,0.5302699983229918,0.5939349300317462,0.5705128205128205,0.5460992907801419,0.528,0.6931253615339171,0.6931078927531589,15,predictive_entropy
breastmnist,Yomo-Matched,finite_shot,512,0.6957003384466953,0.502550380862808,0.0985358513662448,0.6929923489016664,9.929491518035111e-05,8.398450282170112e-05,0.3007892930679479,0.5520824360027166,0.3974358974358974,0.425531914893617,0.448,0.6930717893547831,0.6928719069243604,15,predictive_entropy
cifar10,PdrQC-Matched,finite_shot,8,1.126839256154169,0.5284630635992353,0.1171933070141389,1.3804385745738432,0.0075822014644305,0.1465150321913855,0.6997496585817256,0.2321116960432035,0.3755,0.3422222222222222,0.316625,1.2775798926916275,1.5515044782634402,15,predictive_entropy
cifar10,PdrQC-Matched,finite_shot,32,0.9391163866113,0.4574597771774707,0.0445990285395235,1.0691513255613132,0.0029655910863391,0.0524375957294002,0.729047632389824,0.1818463887969734,0.3348,0.3013333333333333,0.27,0.9499413618553912,1.306004574836042,15,predictive_entropy
cifar10,PdrQC-Matched,finite_shot,128,0.8868514159276925,0.4385558446966578,0.0144878790342269,0.9381483448973352,0.0014992458589405,0.0173924279498159,0.7411371783821443,0.1646241981823073,0.3233,0.2903333333333333,0.26075,0.8168582976051748,1.1920208317597072,15,predictive_entropy
cifar10,PdrQC-Matched,finite_shot,512,0.876788354933287,0.4338258389360266,0.0165038556085916,0.8972465869431376,0.0005183603223718,0.0048018162387704,0.7483380068119772,0.159174363669026,0.3192,0.2841111111111111,0.255,0.774258903861512,1.1595586628891617,15,predictive_entropy
cifar10,QF-Product,finite_shot,1,2.249578523506542,0.8890113015444493,0.013913884125096,2.263247379097536,0.0020946392956216,0.0197908874974032,0.5551562642366326,0.8117857791827348,0.8388,0.8352222222222222,0.83075,2.2578834675162502,2.264278211890697,15,predictive_entropy
cifar10,QF-Product,finite_shot,8,1.7958914451728445,0.7621180379687487,0.0554730244789359,1.8936869411497972,0.005519908548065,0.07925879639521,0.661642421453468,0.4862696453184496,0.6216,0.6025555555555555,0.58225,1.813354404085136,1.942589502323008,15,predictive_entropy
cifar10,QF-Product,finite_shot,32,1.6888321205592736,0.7279137492905499,0.0417475375862291,1.7558915271747886,0.0025899539962091,0.0318171790736582,0.6744439764029708,0.4402677597143045,0.5841,0.562,0.54175,1.6496368480835562,1.831548642453069,15,predictive_entropy
cifar10,QF-Product,finite_shot,128,1.6541767266888103,0.7153068274482228,0.0366274514091778,1.696415408271438,0.0013801094465064,0.0104241909867374,0.6823619503065554,0.4201490552453195,0.5724,0.5491111111111111,0.52825,1.575903668928352,1.7864412988079572,15,predictive_entropy
cifar10,QF-Product,finite_shot,512,1.649250431167231,0.7142750733378765,0.0287174482648484,1.6749663138506563,0.0004655008509187,0.0029425264039965,0.6821295015997465,0.4195896077662021,0.5709,0.5485555555555556,0.526375,1.5509840760257836,1.768153874282698,15,predictive_entropy
cifar10,QF-Ring,finite_shot,1,2.216804269285704,0.8804759071033692,0.0137359313308861,2.229970777223309,0.0026834207528531,0.0368758452175949,0.5929848277117268,0.7518010590892157,0.8108,0.8047777777777778,0.79675,2.211106491381415,2.2343727541365883,15,predictive_entropy
cifar10,QF-Ring,finite_shot,8,2.067496387193917,0.8406780420511303,0.039333708417469,2.1229412311517044,0.0058987965236092,0.0641081640870777,0.6192317484467802,0.6336615452117567,0.7312,0.7217777777777777,0.710625,2.0697506022391785,2.1424948977978846,15,predictive_entropy
cifar10,QF-Ring,finite_shot,32,1.9426404847070204,0.8037606249888144,0.0379819416334004,2.005922857638589,0.0031744267357467,0.0379621471941157,0.6579766424321157,0.5549485066745647,0.6809,0.6644444444444444,0.647375,1.916390603619991,2.047881650790791,15,predictive_entropy
cifar10,QF-Ring,finite_shot,128,1.8742313771265653,0.7826857283802489,0.0382227988737697,1.918239617978099,0.0015407844018484,0.0172509904505225,0.6659220615269221,0.5145230627664995,0.6499,0.6305555555555555,0.611875,1.814959435516266,1.9738764726940363,15,predictive_entropy
cifar10,QF-Ring,finite_shot,512,1.8561035663666905,0.776376148725943,0.0340586398517765,1.8862414606380296,0.0007400721779759,0.005909833683706,0.6639800881864588,0.501962979178632,0.6385,0.6184444444444445,0.59725,1.7792075468032216,1.9468409279070715,15,predictive_entropy
cifar10,QK-IQP,finite_shot,32,2.301291230775768,0.8997386532486187,0.0116410338529309,2.301509454494771,0.0,0.0003071150724048,0.5160220806133331,0.8888545906515022,0.8929,0.8926666666666667,0.891125,2.301493057200509,2.3015114212886063,5,predictive_entropy
cifar10,QK-IQP,finite_shot,128,2.301530251368317,0.8997847508862229,0.0075235787925242,2.3013650795570006,0.0,0.0001288648487998,0.4929151584620335,0.8880788100935423,0.888,0.8892222222222222,0.889125,2.3013722408471864,2.3013641763312123,5,predictive_entropy
cifar10,QK-IQP,finite_shot,512,2.301430117278435,0.8997660818150156,0.0109987684669328,2.3010624948074763,0.0,5.302587136929984e-05,0.5073296709576591,0.8828028030396086,0.8865,0.8872222222222222,0.887375,2.301061379594599,2.301062637589948,5,predictive_entropy
cifar10,VQC-DR,finite_shot,1,2.0718356780672087,0.8441056976291973,0.0557488577876552,2.1984228454577,0.0180556931691624,0.1042287131635581,0.6825274514098093,0.6215566104702162,0.7523,0.7393333333333333,0.7215,2.156565836027589,2.212204556524878,15,predictive_entropy
cifar10,VQC-DR,finite_shot,8,1.792063756179885,0.7683131261495421,0.0757454325813736,1.99991981181648,0.0230980442426757,0.1262635599162753,0.7312193664108437,0.4841195343559021,0.6592,0.6363333333333333,0.609875,1.8540756851317444,2.075319809350093,15,predictive_entropy
cifar10,VQC-DR,finite_shot,32,1.6111773687255937,0.7178867007814664,0.0830631648936734,1.8038380987070897,0.0178355103351075,0.0787291039253857,0.6974139932826069,0.4413605840879575,0.5976,0.574,0.54675,1.6264884218874245,1.9232582960836515,15,predictive_entropy
cifar10,VQC-DR,finite_shot,128,1.5286585699447144,0.6942179999750862,0.077416194606981,1.6606530177678749,0.0129391761257909,0.0311035379281281,0.6811165798436508,0.4091104416207612,0.5613,0.5386666666666666,0.515,1.477712609947609,1.8036353033740584,15,predictive_entropy
cifar10,VQC-DR,finite_shot,512,1.5066739227023396,0.687930849200082,0.0646199204915086,1.6024152004375214,0.0108790269163518,0.0090320541548097,0.6859814430266339,0.4018390620267621,0.5571,0.534,0.510625,1.409421752448883,1.7558468969267838,15,predictive_entropy
cifar10,Yomo-Matched,finite_shot,1,2.218450788937516,0.8810383433353111,0.0519622441222993,2.2645720072507034,0.0118475062461054,0.0679545328924396,0.5878617788429276,0.7425573932824343,0.7934,0.7861111111111111,0.778125,2.260261890656213,2.265694354223758,15,predictive_entropy
cifar10,Yomo-Matched,finite_shot,8,2.155707234171054,0.8680403663756854,0.1172039984723342,2.254569300250227,0.0071637325554093,0.0330475263884421,0.605498389610985,0.6631386686968392,0.7336,0.7204444444444444,0.70975,2.2469191970123803,2.2573473639123893,15,predictive_entropy
cifar10,Yomo-Matched,finite_shot,32,2.207848684123457,0.8806983104429124,0.17229631266247,2.283119632458972,0.0019859764166869,0.0069765178964372,0.5994732101251378,0.6418339118255662,0.7058,0.6928888888888889,0.68275,2.279185882385435,2.2847593452269432,15,predictive_entropy
cifar10,Yomo-Matched,finite_shot,128,2.044654050246449,0.8376234005564118,0.1161027764948159,2.1793330735307364,0.0075328643190082,0.0056121046487042,0.6115730412081865,0.616732143145948,0.6919,0.6762222222222222,0.664,2.1562847092891437,2.189596407860603,15,predictive_entropy
cifar10,Yomo-Matched,finite_shot,512,2.0145608362714773,0.8275042662407329,0.0928193313141197,2.118984407532668,0.0106592372193616,0.0022348328152305,0.6101951138079532,0.6165207005224503,0.6887,0.6728888888888889,0.660375,2.086365362636659,2.133728575786083,15,predictive_entropy
fashion_mnist,PdrQC-Matched,finite_shot,8,0.8729924208942655,0.4113342129106105,0.1117936973297071,1.1336435459140115,0.0070008605329046,0.1276981430999812,0.7631621081348777,0.1288410053939694,0.2852,0.2501111111111111,0.21675,1.0150972130788072,1.4307575666384305,15,predictive_entropy
fashion_mnist,PdrQC-Matched,finite_shot,32,0.6784158321294249,0.3395350148315163,0.0468326843616718,0.7989405148349314,0.0038620950281741,0.0449054365845908,0.8075608405715792,0.0876559635091339,0.2457,0.2094444444444444,0.175,0.6718722989207784,1.1890404548595368,15,predictive_entropy
fashion_mnist,PdrQC-Matched,finite_shot,128,0.6312193832334928,0.3201726502162449,0.0229942344324018,0.6853613749463284,0.0026051595342686,0.0180786723325353,0.8236737297841157,0.0758661766656679,0.2315,0.1907777777777777,0.155,0.5611578180882199,1.0976742623997036,15,predictive_entropy
fashion_mnist,PdrQC-Matched,finite_shot,512,0.6209267290924941,0.3155376884600581,0.0118948935867637,0.636099505612363,0.0013745527367139,0.0063900828896528,0.8283042630174513,0.0731007310459923,0.2289,0.1891111111111111,0.15075,0.5127107337107887,1.0517617249802258,15,predictive_entropy
fashion_mnist,QF-Product,finite_shot,1,2.15280228544053,0.8635820993284299,0.0238693374144381,2.1336508283661573,0.0035538584896021,0.0759271552494752,0.6153071084915779,0.6990734156668765,0.7805,0.7698888888888888,0.762875,2.0908083937757587,2.14569940542265,15,predictive_entropy
fashion_mnist,QF-Product,finite_shot,8,1.509384734785087,0.6502324592401703,0.0954340958045166,1.6681476298251603,0.0063291127314308,0.1226584493925015,0.7435385158646501,0.2976380600266091,0.5004,0.47,0.439375,1.5179070294059092,1.8181480374379868,15,predictive_entropy
fashion_mnist,QF-Product,finite_shot,32,1.325791117454728,0.5793401921436006,0.0531335419825623,1.408479396580432,0.002906798710332,0.0545574065732675,0.7662252253654387,0.2360917091143878,0.4428,0.4067777777777778,0.373375,1.217300750698829,1.6490501768090433,15,predictive_entropy
fashion_mnist,QF-Product,finite_shot,128,1.251179694635003,0.5524406200880925,0.0339603112744688,1.2846428514199753,0.00176629442351,0.020154657809921,0.7713387257161949,0.2164163924680169,0.4218,0.3874444444444444,0.3505,1.0806636062248378,1.564255937175852,15,predictive_entropy
fashion_mnist,QF-Product,finite_shot,512,1.233856670587535,0.5459749289073856,0.026420931589521,1.2403918196057429,0.0006387462891838,0.0059185674340201,0.7739593902373901,0.2124895411943021,0.419,0.3832222222222222,0.349375,1.03064256048138,1.5312374509929856,15,predictive_entropy
fashion_mnist,QF-Ring,finite_shot,1,2.054560895826541,0.8305843332646091,0.0308813983290294,2.022624544653401,0.0038242389026732,0.1302709196689488,0.6605224743996907,0.5866594915399319,0.7159,0.7022222222222222,0.686625,1.941621957179241,2.0547698653705533,15,predictive_entropy
fashion_mnist,QF-Ring,finite_shot,8,1.677425722829737,0.7068166700813796,0.0907027958863492,1.8141806908262883,0.0082641710259574,0.1486223951076312,0.7161033032258346,0.3595245645016486,0.5503,0.5253333333333333,0.49975,1.6770792977332505,1.926218663702791,15,predictive_entropy
fashion_mnist,QF-Ring,finite_shot,32,1.416653317754957,0.6128857350572553,0.0729488943592005,1.5387808790065542,0.0036231667934038,0.0790746310318401,0.7440420833030155,0.2686069051968449,0.4667,0.4336666666666666,0.4015,1.3598614902408803,1.743232796788285,15,predictive_entropy
fashion_mnist,QF-Ring,finite_shot,128,1.2959169959658163,0.5671317708187774,0.050361933036452,1.3678013695399915,0.002742486127696,0.0362395409909857,0.755867966380447,0.2291149249157316,0.4279,0.3932222222222222,0.359,1.176597472467198,1.6234399521886131,15,predictive_entropy
fashion_mnist,QF-Ring,finite_shot,512,1.2500742637724265,0.5496042976336086,0.0365159036313087,1.2776215307038057,0.0013393572864445,0.0139244228802049,0.7683885324524228,0.216512712452528,0.4203,0.3815555555555555,0.344125,1.0751711522620466,1.5568518052284015,15,predictive_entropy
fashion_mnist,QK-IQP,finite_shot,32,2.294433393696911,0.8982603650531539,0.016274304306226,2.2913520962443665,0.0,0.0036085420461437,0.5385610265773418,0.8544748848216276,0.8696,0.8677777777777778,0.867,2.290900358001482,2.291419836201671,5,predictive_entropy
fashion_mnist,QK-IQP,finite_shot,128,2.291133046786881,0.89758678034088,0.0230413451666997,2.286710658324209,0.0,0.0020609404434664,0.5520016062058708,0.8462903159580235,0.8664,0.8621111111111112,0.859,2.286140566462595,2.286798567226231,5,predictive_entropy
fashion_mnist,QK-IQP,finite_shot,512,2.291299425282861,0.8976126089602927,0.0247605073998062,2.287038402630191,0.0,0.0006838343200569,0.5402775422821666,0.8496049143774803,0.865,0.8616666666666667,0.860125,2.286799634296904,2.2870756670521493,5,predictive_entropy
fashion_mnist,VQC-DR,finite_shot,1,2.06815687255102,0.8429739466995078,0.1011132174245303,2.2185859997369435,0.0189232804224106,0.1029853783138429,0.6529020063544435,0.5889801063097753,0.7097,0.6936666666666667,0.67975,2.195055575694708,2.2282110273534874,15,predictive_entropy
fashion_mnist,VQC-DR,finite_shot,8,1.730847507851614,0.7400831850377283,0.1554156898621178,2.0176861419475163,0.0354697594444659,0.1638800809855572,0.7348600422911679,0.3920263290144024,0.5707,0.5397777777777778,0.507625,1.9206241852440904,2.090699455444592,15,predictive_entropy
fashion_mnist,VQC-DR,finite_shot,32,1.4769656514737133,0.6512967138239873,0.1748099356545848,1.8042396743892424,0.0379989007780944,0.1196608813976755,0.722782164321203,0.3059296080109115,0.4772,0.4455555555555555,0.40925,1.6635576841517554,1.958364872411368,15,predictive_entropy
fashion_mnist,VQC-DR,finite_shot,128,1.3396248852677886,0.6002890914565407,0.1643704210483782,1.6210298367377334,0.0364568190105445,0.0509435964178221,0.7003584388801773,0.2636718732483523,0.4237,0.3966666666666666,0.370625,1.470083230748219,1.82634144644214,15,predictive_entropy
fashion_mnist,VQC-DR,finite_shot,512,1.2908094581325449,0.5823235442663294,0.1427192400868767,1.5317862578006178,0.0361608775964521,0.0150707380524904,0.7051172043186292,0.2499671115108332,0.4138,0.3857777777777778,0.3605,1.3678237722556703,1.7640598417214683,15,predictive_entropy
fashion_mnist,Yomo-Matched,finite_shot,1,2.197697132315651,0.8762470116053999,0.0640349591702177,2.259507831806414,0.0150444148355821,0.0824406303535702,0.5909618411069764,0.7141564210858177,0.7775,0.7693333333333333,0.7635,2.2541653987626296,2.261036695281967,15,predictive_entropy
fashion_mnist,Yomo-Matched,finite_shot,8,2.1212657917140443,0.8609983185404173,0.1680245999853162,2.257930444856363,0.009355905402641,0.0358794591582842,0.6045559904508107,0.6147269097694386,0.684,0.6696666666666666,0.655875,2.252023252592069,2.2606594985924984,15,predictive_entropy
fashion_mnist,Yomo-Matched,finite_shot,32,2.1756379520012845,0.8739380270254169,0.2514155732334452,2.283886920548013,0.0030716970432121,0.0074609252690593,0.6163322540437541,0.5484721645488178,0.6244,0.6053333333333333,0.588875,2.2806487699395204,2.2858347894918785,15,predictive_entropy
fashion_mnist,Yomo-Matched,finite_shot,128,1.9382149423521364,0.8084249668596716,0.1974083711475895,2.1508119189158847,0.0207180022422931,0.0097490416722869,0.6668574379876884,0.4649151968457488,0.5964,0.5741111111111111,0.549125,2.116063973573945,2.17432679272542,15,predictive_entropy
fashion_mnist,Yomo-Matched,finite_shot,512,1.9112200879836247,0.7991045698990891,0.1929001551635889,2.116337621919693,0.0250802169615905,0.003182678258848,0.661760922654115,0.4568955453222817,0.5865,0.5654444444444444,0.541125,2.0755527774444875,2.1450921542138075,15,predictive_entropy
mnist,PdrQC-Matched,finite_shot,8,0.8794905380250603,0.4058758034210951,0.1295844602263132,1.1572294023349563,0.0066089847619189,0.1495122270158479,0.768656180055488,0.122376473189585,0.2775,0.2416666666666666,0.206875,1.0378396347819427,1.4680730313693795,15,predictive_entropy
mnist,PdrQC-Matched,finite_shot,32,0.6526767251783712,0.3133191027055717,0.0514770271935016,0.7731370881933046,0.0030126518684506,0.052957399946502,0.8053198859759385,0.0768815145673263,0.2206,0.1822222222222222,0.147875,0.6526958254152505,1.19866709820788,15,predictive_entropy
mnist,PdrQC-Matched,finite_shot,128,0.5933365386232603,0.2911765335477532,0.0141112764983315,0.6300091625720692,0.0012311982417383,0.0182503398044618,0.8275843726824308,0.065651406643865,0.2105,0.1682222222222222,0.135625,0.5083732008644202,1.0862162493568148,15,predictive_entropy
mnist,PdrQC-Matched,finite_shot,512,0.5784774415586412,0.2833721964073596,0.0105692071209805,0.5820606422935344,0.000419414866743,0.0051941391268182,0.8365212716178169,0.0620099176059209,0.2074,0.1638888888888889,0.130625,0.4604953379784847,1.0466347030462264,15,predictive_entropy
mnist,QF-Product,finite_shot,1,2.2631856444481047,0.8909131485249343,0.0284788120891029,2.281800206744411,0.0013304046385141,0.0116780075681896,0.6022881485664873,0.7789280627092171,0.8386,0.8326666666666667,0.827,2.27605248172954,2.282906434764206,15,predictive_entropy
mnist,QF-Product,finite_shot,8,1.6515894477555824,0.7052691640750333,0.0745595537950038,1.787721481124949,0.0057084658847177,0.1041282266720853,0.7209351490068467,0.3767731265753042,0.5702,0.5444444444444444,0.516,1.6488032250300853,1.8924339793178155,15,predictive_entropy
mnist,QF-Product,finite_shot,32,1.5044907474464193,0.650503491952731,0.0458104246633602,1.5878088228067877,0.0030390347857853,0.0444507513398188,0.7370152663864651,0.3194443809648563,0.5227,0.4956666666666666,0.464375,1.4067870556167703,1.7531076356627182,15,predictive_entropy
mnist,QF-Product,finite_shot,128,1.4567580568952656,0.6323323870757824,0.033730538890455,1.5094202697699703,0.0017025909208014,0.0153449032683265,0.7447210239442718,0.2963208432587162,0.5057,0.477,0.4465,1.3069735101758493,1.7073032701009458,15,predictive_entropy
mnist,QF-Product,finite_shot,512,1.4447803556583327,0.62721565939293,0.0332557252959711,1.4738383888718567,0.000516226043846,0.0045661073493209,0.7481310762946818,0.2923523772652651,0.5039,0.4762222222222222,0.44525,1.2613243030642294,1.6830629135179451,15,predictive_entropy
mnist,QF-Ring,finite_shot,1,2.200160376943699,0.8762839193002372,0.0252578642764541,2.2307485115886934,0.0025786006459524,0.0370166641288913,0.5873517189312796,0.7344187984998674,0.7963,0.791,0.784875,2.2152774463041456,2.234706135597814,15,predictive_entropy
mnist,QF-Ring,finite_shot,8,1.980598887464159,0.8111048181592643,0.0497654496382399,2.059029672896078,0.0074315038957517,0.0972528193758867,0.6625534359203734,0.5472482355955222,0.6909,0.6761111111111111,0.66025,1.9750900484098124,2.0965832087604657,15,predictive_entropy
mnist,QF-Ring,finite_shot,32,1.8066239861125024,0.7550355177397159,0.0485894022987031,1.8902002930447688,0.0038914836774351,0.0590181578752808,0.6894289286610045,0.4495039053144994,0.6233,0.6026666666666667,0.5835,1.756883631817445,1.9707720663230184,15,predictive_entropy
mnist,QF-Ring,finite_shot,128,1.7198038582634216,0.7244341661234324,0.0419397722941293,1.7778525299643566,0.0022158533194057,0.0263233721144244,0.6981655160300324,0.40885782126372,0.5909,0.5695555555555556,0.546125,1.6220445814494953,1.8857236278445904,15,predictive_entropy
mnist,QF-Ring,finite_shot,512,1.6926832133214609,0.7146800966885184,0.0312259303538905,1.722132310736721,0.0009802441934575,0.0089506842845887,0.695662123535052,0.3961198266342122,0.5771,0.5561111111111111,0.531625,1.5589056250710636,1.841745142772775,15,predictive_entropy
mnist,QK-IQP,finite_shot,32,2.301952442434162,0.8998655809357095,0.0074292251905971,2.301241546747173,0.0,0.0004810045110873,0.5135790487719138,0.8862309941832625,0.8902,0.8883333333333333,0.887125,2.3012190267004446,2.3012443244388496,5,predictive_entropy
mnist,QK-IQP,finite_shot,128,2.301432669496777,0.8997692343293434,0.0146644198236733,2.301275464368154,0.0,0.0001911143656843,0.5253587807356093,0.8856329294573044,0.8934,0.8914444444444445,0.889625,2.301250151769947,2.3012784846535457,5,predictive_entropy
mnist,QK-IQP,finite_shot,512,2.301576371736472,0.8997977695126775,0.0114371229624036,2.30099887032663,0.0,7.769565933637683e-05,0.5178612004292216,0.8861736354840593,0.8911,0.8895555555555555,0.887,2.300984738203456,2.301000597392295,5,predictive_entropy
mnist,VQC-DR,finite_shot,1,2.093139319189104,0.8433036459524749,0.0784344430449848,2.217782895079871,0.0165389897637833,0.0894532460458228,0.7367311190488262,0.552230611480098,0.7414,0.7248888888888889,0.705,2.1617877640998406,2.237313972597319,15,predictive_entropy
mnist,VQC-DR,finite_shot,8,1.8577303051424816,0.7708638595820925,0.1254621465146073,2.0600328084317625,0.0258759041085388,0.1232912085565805,0.7837804439047716,0.4162234150571921,0.6386,0.6108888888888889,0.5765,1.8990548001628984,2.1511343621247905,15,predictive_entropy
mnist,VQC-DR,finite_shot,32,1.6765092801114734,0.713186016371187,0.1334996956260164,1.9016228095511407,0.0257777563152646,0.0831307508024722,0.7755616603811608,0.3522424082673276,0.5739,0.5415555555555556,0.504125,1.6712578578578994,2.072660457079439,15,predictive_entropy
mnist,VQC-DR,finite_shot,128,1.5838349290834128,0.683816071992276,0.1216490569186704,1.7775411006704147,0.0248895007795931,0.033513644554637,0.7590610725066557,0.3333466702639757,0.5464,0.5128888888888888,0.4785,1.525382938524005,1.9868729863761456,15,predictive_entropy
mnist,VQC-DR,finite_shot,512,1.5572517060562256,0.6748469462348919,0.1145327527876865,1.723734098237422,0.0249489239757107,0.0098066910835053,0.7591761206491845,0.3250104840200472,0.5382,0.5046666666666667,0.468625,1.462392954351159,1.9479766479339584,15,predictive_entropy
mnist,Yomo-Matched,finite_shot,1,2.262888208556819,0.8913682404781317,0.0327247042709573,2.287364935309433,0.0050268725748031,0.029250442585229,0.5825916530575214,0.7886264603964637,0.835,0.8308888888888889,0.8265,2.2853955227396594,2.287754100667532,15,predictive_entropy
mnist,Yomo-Matched,finite_shot,8,2.2184977321241584,0.8822135619675949,0.0777129659275957,2.2770040450662585,0.0043996013381956,0.0222690598337615,0.6074330045924189,0.7190305710727218,0.7878,0.7806666666666666,0.771375,2.271676836193804,2.2784389698222056,15,predictive_entropy
mnist,Yomo-Matched,finite_shot,32,2.239516902217954,0.8874067364915862,0.126516047759857,2.290264055422265,0.0013244889380923,0.0056742133009851,0.6213867823496475,0.6819845495064472,0.757,0.7433333333333333,0.732625,2.2859870853085376,2.2916369797784557,15,predictive_entropy
mnist,Yomo-Matched,finite_shot,128,2.128487295229048,0.8591567034144079,0.0798131292948292,2.2110208013963804,0.0047478756757458,0.0056961235200432,0.6500496673785912,0.6367691571541925,0.7457,0.7336666666666667,0.718625,2.176113139003391,2.222925077306984,15,predictive_entropy
mnist,Yomo-Matched,finite_shot,512,2.1135558226536486,0.85440446907279,0.0728398542302209,2.180539854767,0.0056712952434065,0.0020009303184557,0.6446701057382901,0.6290548315369039,0.7388,0.7272222222222222,0.712125,2.135666876141272,2.1964045299389543,15,predictive_entropy
