dataset,method,setting,shot_budget,bin,count,accuracy,confidence
breastmnist,C-RBF,exact,exact,0,11,0.3636363636363636,0.5263663966601944
breastmnist,C-RBF,exact,exact,1,11,0.4545454545454545,0.604247329257485
breastmnist,C-RBF,exact,exact,2,11,0.5454545454545454,0.6627639086090565
breastmnist,C-RBF,exact,exact,3,11,0.7272727272727273,0.7315449493361782
breastmnist,C-RBF,exact,exact,4,11,1.0,0.7727042944587439
breastmnist,C-RBF,exact,exact,5,11,0.9090909090909092,0.8091224980002031
breastmnist,C-RBF,exact,exact,6,10,1.0,0.8506714526535264
breastmnist,C-RBF,exact,exact,7,10,1.0,0.8694529369146112
breastmnist,C-RBF,exact,exact,8,10,0.8,0.8796249976729611
breastmnist,C-RBF,exact,exact,9,10,0.6,0.8903957104595872
breastmnist,C-RBF,exact,exact,10,10,1.0,0.902848102899678
breastmnist,C-RBF,exact,exact,11,10,0.7,0.917061125611563
breastmnist,C-RBF,exact,exact,12,10,1.0,0.9357377885679596
breastmnist,C-RBF,exact,exact,13,10,0.9,0.9551739334269472
breastmnist,C-RBF,exact,exact,14,10,0.8,0.9771712353031878
breastmnist,C-ResNet,exact,exact,0,11,0.4545454545454545,0.5573027015319463
breastmnist,C-ResNet,exact,exact,1,11,0.7272727272727273,0.6396519810054843
breastmnist,C-ResNet,exact,exact,2,11,0.8181818181818182,0.7131944890603283
breastmnist,C-ResNet,exact,exact,3,11,0.9090909090909092,0.7663888513463083
breastmnist,C-ResNet,exact,exact,4,11,0.7272727272727273,0.8401873369489621
breastmnist,C-ResNet,exact,exact,5,11,0.7272727272727273,0.8772663399899965
breastmnist,C-ResNet,exact,exact,6,10,0.8,0.901037843229123
breastmnist,C-ResNet,exact,exact,7,10,0.9,0.9247508870987676
breastmnist,C-ResNet,exact,exact,8,10,0.7,0.9355819548465892
breastmnist,C-ResNet,exact,exact,9,10,0.8,0.9551606879828004
breastmnist,C-ResNet,exact,exact,10,10,1.0,0.9686541001590444
breastmnist,C-ResNet,exact,exact,11,10,1.0,0.981477507030894
breastmnist,C-ResNet,exact,exact,12,10,0.9,0.9907251176890076
breastmnist,C-ResNet,exact,exact,13,10,0.9,0.995661198860508
breastmnist,C-ResNet,exact,exact,14,10,0.9,0.998952846183158
breastmnist,PdrQC-Matched,exact,exact,0,11,0.7272727272727273,0.5453625101011385
breastmnist,PdrQC-Matched,exact,exact,1,11,0.7272727272727273,0.5989086271782007
breastmnist,PdrQC-Matched,exact,exact,2,11,0.5454545454545454,0.6875017417261671
breastmnist,PdrQC-Matched,exact,exact,3,11,0.8181818181818182,0.7517801656217968
breastmnist,PdrQC-Matched,exact,exact,4,11,0.4545454545454545,0.7867763651942515
breastmnist,PdrQC-Matched,exact,exact,5,11,0.8181818181818182,0.8130347327204624
breastmnist,PdrQC-Matched,exact,exact,6,10,0.9,0.8519783967344298
breastmnist,PdrQC-Matched,exact,exact,7,10,0.9,0.8775036153310485
breastmnist,PdrQC-Matched,exact,exact,8,10,0.9,0.8909895027987009
breastmnist,PdrQC-Matched,exact,exact,9,10,0.9,0.9073142073167914
breastmnist,PdrQC-Matched,exact,exact,10,10,0.6,0.9235015461285792
breastmnist,PdrQC-Matched,exact,exact,11,10,0.9,0.9384421942533064
breastmnist,PdrQC-Matched,exact,exact,12,10,1.0,0.9515220575664108
breastmnist,PdrQC-Matched,exact,exact,13,10,1.0,0.9692953872402844
breastmnist,PdrQC-Matched,exact,exact,14,10,0.9,0.9796303877004692
cifar10,C-RBF,exact,exact,0,667,0.3973013493253373,0.6433529275490487
cifar10,C-RBF,exact,exact,1,667,0.5742128935532234,0.6610540800023315
cifar10,C-RBF,exact,exact,2,667,0.5802098950524738,0.6619286394034
cifar10,C-RBF,exact,exact,3,667,0.6176911544227887,0.6627123252884451
cifar10,C-RBF,exact,exact,4,667,0.6461769115442278,0.6633998168104551
cifar10,C-RBF,exact,exact,5,667,0.7061469265367316,0.6640297446432656
cifar10,C-RBF,exact,exact,6,667,0.7526236881559221,0.6646947222013616
cifar10,C-RBF,exact,exact,7,667,0.760119940029985,0.6654009451356229
cifar10,C-RBF,exact,exact,8,667,0.7691154422788605,0.6662061673115536
cifar10,C-RBF,exact,exact,9,667,0.8335832083958021,0.6673213055486252
cifar10,C-RBF,exact,exact,10,666,0.7942942942942943,0.6687233663679097
cifar10,C-RBF,exact,exact,11,666,0.8198198198198198,0.6704825574529656
cifar10,C-RBF,exact,exact,12,666,0.8753753753753754,0.6728045930556542
cifar10,C-RBF,exact,exact,13,666,0.8303303303303303,0.6770568864808064
cifar10,C-RBF,exact,exact,14,666,0.7837837837837838,0.7022620496925212
cifar10,C-ResNet,exact,exact,0,667,0.3898050974512743,0.4163923064551904
cifar10,C-ResNet,exact,exact,1,667,0.52023988005997,0.5458524581582322
cifar10,C-ResNet,exact,exact,2,667,0.6536731634182908,0.6477064821963
cifar10,C-ResNet,exact,exact,3,667,0.7241379310344828,0.7444590752430943
cifar10,C-ResNet,exact,exact,4,667,0.8035982008995503,0.8240905234388524
cifar10,C-ResNet,exact,exact,5,667,0.8500749625187406,0.8826634901241649
cifar10,C-ResNet,exact,exact,6,667,0.9175412293853074,0.9238981051455246
cifar10,C-ResNet,exact,exact,7,667,0.9355322338830584,0.95192875273892
cifar10,C-ResNet,exact,exact,8,667,0.9625187406296852,0.9705489157427488
cifar10,C-ResNet,exact,exact,9,667,0.985007496251874,0.983171970963016
cifar10,C-ResNet,exact,exact,10,666,0.9834834834834836,0.9909025680560952
cifar10,C-ResNet,exact,exact,11,666,0.9924924924924924,0.9952332267073218
cifar10,C-ResNet,exact,exact,12,666,0.993993993993994,0.9977807655672764
cifar10,C-ResNet,exact,exact,13,666,0.9984984984984984,0.9992359473880948
cifar10,C-ResNet,exact,exact,14,666,0.996996996996997,0.9998624310963612
cifar10,PdrQC-Matched,exact,exact,0,667,0.3028485757121439,0.3226252696416044
cifar10,PdrQC-Matched,exact,exact,1,667,0.4122938530734633,0.408454851709241
cifar10,PdrQC-Matched,exact,exact,2,667,0.4767616191904048,0.4632136055050287
cifar10,PdrQC-Matched,exact,exact,3,667,0.5307346326836582,0.5091191479164887
cifar10,PdrQC-Matched,exact,exact,4,667,0.5667166416791605,0.5528611512226644
cifar10,PdrQC-Matched,exact,exact,5,667,0.5427286356821589,0.5976439637165895
cifar10,PdrQC-Matched,exact,exact,6,667,0.6191904047976012,0.6464024360229123
cifar10,PdrQC-Matched,exact,exact,7,667,0.6731634182908546,0.6964852532608143
cifar10,PdrQC-Matched,exact,exact,8,667,0.7331334332833583,0.7452579858097721
cifar10,PdrQC-Matched,exact,exact,9,667,0.7901049475262368,0.79124693275337
cifar10,PdrQC-Matched,exact,exact,10,666,0.8528528528528528,0.8368869761107959
cifar10,PdrQC-Matched,exact,exact,11,666,0.8948948948948949,0.8781241012838786
cifar10,PdrQC-Matched,exact,exact,12,666,0.915915915915916,0.9119288880688152
cifar10,PdrQC-Matched,exact,exact,13,666,0.9324324324324323,0.9429878506461083
cifar10,PdrQC-Matched,exact,exact,14,666,0.972972972972973,0.9762351347391602
fashion_mnist,C-RBF,exact,exact,0,667,0.4947526236881559,0.7168592815902176
fashion_mnist,C-RBF,exact,exact,1,667,0.616191904047976,0.7576359389090815
fashion_mnist,C-RBF,exact,exact,2,667,0.638680659670165,0.758097033321056
fashion_mnist,C-RBF,exact,exact,3,667,0.6446776611694153,0.7586721862469398
fashion_mnist,C-RBF,exact,exact,4,667,0.7256371814092953,0.7593288711389699
fashion_mnist,C-RBF,exact,exact,5,667,0.760119940029985,0.7600549861715689
fashion_mnist,C-RBF,exact,exact,6,667,0.8260869565217391,0.7609004303145751
fashion_mnist,C-RBF,exact,exact,7,667,0.8605697151424287,0.7619070460554876
fashion_mnist,C-RBF,exact,exact,8,667,0.8395802098950524,0.7628404444904795
fashion_mnist,C-RBF,exact,exact,9,667,0.9055472263868066,0.7637284851201287
fashion_mnist,C-RBF,exact,exact,10,666,0.9144144144144144,0.7649091431036239
fashion_mnist,C-RBF,exact,exact,11,666,0.9324324324324323,0.7663736739469753
fashion_mnist,C-RBF,exact,exact,12,666,0.951951951951952,0.7688456799330268
fashion_mnist,C-RBF,exact,exact,13,666,0.8963963963963963,0.7771079388431357
fashion_mnist,C-RBF,exact,exact,14,666,0.8993993993993994,0.8447910758403425
fashion_mnist,C-ResNet,exact,exact,0,667,0.464767616191904,0.4436493227182845
fashion_mnist,C-ResNet,exact,exact,1,667,0.5352323838080959,0.577176996389477
fashion_mnist,C-ResNet,exact,exact,2,667,0.6926536731634183,0.6808824921711772
fashion_mnist,C-ResNet,exact,exact,3,667,0.7481259370314842,0.7668279291244631
fashion_mnist,C-ResNet,exact,exact,4,667,0.8365817091454273,0.8339718221615122
fashion_mnist,C-ResNet,exact,exact,5,667,0.8830584707646177,0.8880488558018509
fashion_mnist,C-ResNet,exact,exact,6,667,0.91904047976012,0.9286799089865844
fashion_mnist,C-ResNet,exact,exact,7,667,0.9535232383808095,0.954151299788318
fashion_mnist,C-ResNet,exact,exact,8,667,0.9655172413793104,0.9709077161048726
fashion_mnist,C-ResNet,exact,exact,9,667,0.985007496251874,0.9825456529491448
fashion_mnist,C-ResNet,exact,exact,10,666,0.9924924924924924,0.9897472341916668
fashion_mnist,C-ResNet,exact,exact,11,666,0.9984984984984984,0.9943902590009877
fashion_mnist,C-ResNet,exact,exact,12,666,0.996996996996997,0.9972473844912229
fashion_mnist,C-ResNet,exact,exact,13,666,1.0,0.9988921687052664
fashion_mnist,C-ResNet,exact,exact,14,666,1.0,0.9997570401946662
fashion_mnist,PdrQC-Matched,exact,exact,0,667,0.3703148425787106,0.3705102298695885
fashion_mnist,PdrQC-Matched,exact,exact,1,667,0.464767616191904,0.4576971065798735
fashion_mnist,PdrQC-Matched,exact,exact,2,667,0.5142428785607196,0.5209410590602757
fashion_mnist,PdrQC-Matched,exact,exact,3,667,0.5562218890554723,0.5840990167839021
fashion_mnist,PdrQC-Matched,exact,exact,4,667,0.638680659670165,0.6463196494766147
fashion_mnist,PdrQC-Matched,exact,exact,5,667,0.712143928035982,0.7078265272829632
fashion_mnist,PdrQC-Matched,exact,exact,6,667,0.7136431784107946,0.7676252133567381
fashion_mnist,PdrQC-Matched,exact,exact,7,667,0.841079460269865,0.826253894995163
fashion_mnist,PdrQC-Matched,exact,exact,8,667,0.8755622188905547,0.8769455012636559
fashion_mnist,PdrQC-Matched,exact,exact,9,667,0.9475262368815592,0.9183652914707142
fashion_mnist,PdrQC-Matched,exact,exact,10,666,0.9714714714714716,0.949580688561496
fashion_mnist,PdrQC-Matched,exact,exact,11,666,0.9804804804804804,0.9727445641416564
fashion_mnist,PdrQC-Matched,exact,exact,12,666,0.993993993993994,0.987312615431147
fashion_mnist,PdrQC-Matched,exact,exact,13,666,1.0,0.9941965175239412
fashion_mnist,PdrQC-Matched,exact,exact,14,666,0.9984984984984984,0.997797386477025
