dataset,method,primary_metric_mean,rank
breastmnist,C-CNN,0.5987190197716513,12.0
breastmnist,C-LR,0.7604427736006683,6.0
breastmnist,C-MLP,0.6881091617933723,10.0
breastmnist,C-Poly,0.720342522974102,7.0
breastmnist,C-RBF,0.7740183792815372,5.0
breastmnist,C-RFF,0.7846700083542189,2.5
breastmnist,C-ResNet,0.8178780284043442,1.0
breastmnist,C-Trig,0.7829991645781119,4.0
breastmnist,PdrQC-Matched,0.7846700083542189,2.5
breastmnist,QF-Product,0.702172096908939,9.0
breastmnist,QF-Ring,0.6844193817878028,11.0
breastmnist,QK-IQP,0.5465747702589808,13.0
breastmnist,VQC-DR,0.7165831244778613,8.0
breastmnist,Yomo-Matched,0.4666527429685324,14.0
cifar10,C-CNN,0.3532,12.0
cifar10,C-LR,0.7089,3.0
cifar10,C-MLP,0.6754333333333333,8.0
cifar10,C-Poly,0.7075,5.0
cifar10,C-RBF,0.716,2.0
cifar10,C-RFF,0.7084666666666667,4.0
cifar10,C-ResNet,0.8471,1.0
cifar10,C-Trig,0.6981,6.0
cifar10,PdrQC-Matched,0.681,7.0
cifar10,QF-Product,0.4303,9.0
cifar10,QF-Ring,0.3637,11.0
cifar10,QK-IQP,0.1148,14.0
cifar10,VQC-DR,0.4198333333333333,10.0
cifar10,Yomo-Matched,0.2808666666666666,13.0
fashion_mnist,C-CNN,0.7379333333333333,9.0
fashion_mnist,C-LR,0.7652,7.0
fashion_mnist,C-MLP,0.7454666666666666,8.0
fashion_mnist,C-Poly,0.7872,4.0
fashion_mnist,C-RBF,0.7937,2.0
fashion_mnist,C-RFF,0.7902333333333335,3.0
fashion_mnist,C-ResNet,0.8647,1.0
fashion_mnist,C-Trig,0.787,5.0
fashion_mnist,PdrQC-Matched,0.7718,6.0
fashion_mnist,QF-Product,0.5825,11.0
fashion_mnist,QF-Ring,0.5891,10.0
fashion_mnist,QK-IQP,0.1347,14.0
fashion_mnist,VQC-DR,0.5195666666666666,12.0
fashion_mnist,Yomo-Matched,0.3083666666666666,13.0
mnist,C-CNN,0.9072,2.0
mnist,C-LR,0.8031,7.0
mnist,C-MLP,0.7752,9.0
mnist,C-Poly,0.8247,6.0
mnist,C-RBF,0.8443,3.0
mnist,C-RFF,0.8369,4.0
mnist,C-ResNet,0.9637,1.0
mnist,C-Trig,0.8297,5.0
mnist,PdrQC-Matched,0.7934,8.0
mnist,QF-Product,0.4969,10.0
mnist,QF-Ring,0.4221,11.0
mnist,QK-IQP,0.1085,14.0
mnist,VQC-DR,0.4132666666666666,12.0
mnist,Yomo-Matched,0.2381999999999999,13.0
