dataset,scale_A,scale_B,common_methods,spearman_rho,ci_95_lower,ci_95_upper,methods_included
mnist,D_1k,D_5k,14,0.8681318681318682,0.8593406593406593,0.9032967032967032,C-CNN;C-LR;C-MLP;C-Poly;C-RBF;C-RFF;C-ResNet;C-Trig;PdrQC-Matched;QF-Product;QF-Ring;QK-IQP;VQC-DR;Yomo-Matched
mnist,D_1k,D_10k,14,0.8681318681318682,0.8461538461538461,0.9032967032967032,C-CNN;C-LR;C-MLP;C-Poly;C-RBF;C-RFF;C-ResNet;C-Trig;PdrQC-Matched;QF-Product;QF-Ring;QK-IQP;VQC-DR;Yomo-Matched
mnist,D_1k,D_full,11,0.8363636363636365,0.7727272727272727,0.8636363636363636,C-CNN;C-LR;C-MLP;C-RFF;C-ResNet;C-Trig;PdrQC-Matched;QF-Product;QF-Ring;VQC-DR;Yomo-Matched
mnist,D_5k,D_10k,14,1.0,0.9824175824175824,1.0,C-CNN;C-LR;C-MLP;C-Poly;C-RBF;C-RFF;C-ResNet;C-Trig;PdrQC-Matched;QF-Product;QF-Ring;QK-IQP;VQC-DR;Yomo-Matched
mnist,D_5k,D_full,11,0.9636363636363636,0.9454545454545454,0.9727272727272728,C-CNN;C-LR;C-MLP;C-RFF;C-ResNet;C-Trig;PdrQC-Matched;QF-Product;QF-Ring;VQC-DR;Yomo-Matched
mnist,D_10k,D_full,11,0.9636363636363636,0.9454545454545454,0.990909090909091,C-CNN;C-LR;C-MLP;C-RFF;C-ResNet;C-Trig;PdrQC-Matched;QF-Product;QF-Ring;VQC-DR;Yomo-Matched
fashion_mnist,D_1k,D_5k,14,0.9208791208791208,0.8725274725274725,0.9472527472527472,C-CNN;C-LR;C-MLP;C-Poly;C-RBF;C-RFF;C-ResNet;C-Trig;PdrQC-Matched;QF-Product;QF-Ring;QK-IQP;VQC-DR;Yomo-Matched
fashion_mnist,D_1k,D_10k,14,0.9472527472527472,0.8725274725274725,0.9516483516483516,C-CNN;C-LR;C-MLP;C-Poly;C-RBF;C-RFF;C-ResNet;C-Trig;PdrQC-Matched;QF-Product;QF-Ring;QK-IQP;VQC-DR;Yomo-Matched
fashion_mnist,D_1k,D_full,11,0.8000000000000002,0.7272727272727273,0.8454545454545455,C-CNN;C-LR;C-MLP;C-RFF;C-ResNet;C-Trig;PdrQC-Matched;QF-Product;QF-Ring;VQC-DR;Yomo-Matched
fashion_mnist,D_5k,D_10k,14,0.9868131868131867,0.9648351648351648,1.0,C-CNN;C-LR;C-MLP;C-Poly;C-RBF;C-RFF;C-ResNet;C-Trig;PdrQC-Matched;QF-Product;QF-Ring;QK-IQP;VQC-DR;Yomo-Matched
fashion_mnist,D_5k,D_full,11,0.8545454545454546,0.8454545454545455,0.9,C-CNN;C-LR;C-MLP;C-RFF;C-ResNet;C-Trig;PdrQC-Matched;QF-Product;QF-Ring;VQC-DR;Yomo-Matched
fashion_mnist,D_10k,D_full,11,0.8909090909090911,0.8545454545454545,0.9454545454545454,C-CNN;C-LR;C-MLP;C-RFF;C-ResNet;C-Trig;PdrQC-Matched;QF-Product;QF-Ring;VQC-DR;Yomo-Matched
cifar10,D_1k,D_5k,14,0.9912087912087912,0.9384615384615383,0.9912087912087912,C-CNN;C-LR;C-MLP;C-Poly;C-RBF;C-RFF;C-ResNet;C-Trig;PdrQC-Matched;QF-Product;QF-Ring;QK-IQP;VQC-DR;Yomo-Matched
cifar10,D_1k,D_10k,14,0.956043956043956,0.9252747252747252,0.9824175824175824,C-CNN;C-LR;C-MLP;C-Poly;C-RBF;C-RFF;C-ResNet;C-Trig;PdrQC-Matched;QF-Product;QF-Ring;QK-IQP;VQC-DR;Yomo-Matched
cifar10,D_1k,D_full,11,0.9181818181818184,0.9,0.9272727272727272,C-CNN;C-LR;C-MLP;C-RFF;C-ResNet;C-Trig;PdrQC-Matched;QF-Product;QF-Ring;VQC-DR;Yomo-Matched
cifar10,D_5k,D_10k,14,0.978021978021978,0.9692307692307692,0.9956043956043956,C-CNN;C-LR;C-MLP;C-Poly;C-RBF;C-RFF;C-ResNet;C-Trig;PdrQC-Matched;QF-Product;QF-Ring;QK-IQP;VQC-DR;Yomo-Matched
cifar10,D_5k,D_full,11,0.9181818181818184,0.9,0.9545454545454546,C-CNN;C-LR;C-MLP;C-RFF;C-ResNet;C-Trig;PdrQC-Matched;QF-Product;QF-Ring;VQC-DR;Yomo-Matched
cifar10,D_10k,D_full,11,0.9636363636363636,0.9363636363636364,0.9727272727272728,C-CNN;C-LR;C-MLP;C-RFF;C-ResNet;C-Trig;PdrQC-Matched;QF-Product;QF-Ring;VQC-DR;Yomo-Matched
breastmnist,D_25pct,D_50pct,14,0.8822887627145183,0.4241758241758241,0.9121978021978006,C-CNN;C-LR;C-MLP;C-Poly;C-RBF;C-RFF;C-ResNet;C-Trig;PdrQC-Matched;QF-Product;QF-Ring;QK-IQP;VQC-DR;Yomo-Matched
breastmnist,D_25pct,D_100pct,14,0.842684778353268,0.3934065934065934,0.9164835164835164,C-CNN;C-LR;C-MLP;C-Poly;C-RBF;C-RFF;C-ResNet;C-Trig;PdrQC-Matched;QF-Product;QF-Ring;QK-IQP;VQC-DR;Yomo-Matched
breastmnist,D_50pct,D_100pct,14,0.8711453744493391,0.5692307692307692,0.9428571428571428,C-CNN;C-LR;C-MLP;C-Poly;C-RBF;C-RFF;C-ResNet;C-Trig;PdrQC-Matched;QF-Product;QF-Ring;QK-IQP;VQC-DR;Yomo-Matched
