dataset,method,budget_definition,nominal_budget,actual_state_preparations_per_image_mean,measurement_settings,measurement_groups,runs,primary_metric_mean,primary_metric_sd,delta_versus_exact,Brier,shot_uncertainty,status,metric,point_estimate,ci_95_lower,ci_95_upper,replicates,test_sampling,seed_hierarchy
fashion_mnist,PdrQC-Matched,total_state_preparations_per_image,8,8.0,6,6,15,0.5982333333333333,0.0118536110632201,-0.1735666666666667,0.5460332165434963,0.0104393880765961,COMPLETED,accuracy,0.5982333333333333,0.5900598287582397,0.6068403467535972,10000,stratified_image_bootstrap,model_then_measurement
fashion_mnist,PdrQC-Matched,total_state_preparations_per_image,32,32.0,6,6,15,0.7132733333333333,0.00270910282109,-0.0585266666666667,0.3883025464442811,0.0024341442088099,COMPLETED,accuracy,0.7132733333333333,0.7068867072463035,0.7198399901390076,10000,stratified_image_bootstrap,model_then_measurement
fashion_mnist,PdrQC-Matched,total_state_preparations_per_image,128,128.0,6,6,15,0.7502800000000001,0.002832263103194,-0.0215199999999999,0.340856482083049,0.0025972887737735,COMPLETED,accuracy,0.7502800000000001,0.7432533487677574,0.7574401378631592,10000,stratified_image_bootstrap,model_then_measurement
fashion_mnist,PdrQC-Matched,total_state_preparations_per_image,512,512.0,6,6,15,0.7652133333333334,0.002155679099716,-0.0065866666666666,0.3233023240864247,0.0020994155900999,COMPLETED,accuracy,0.7652133333333334,0.757966473698616,0.7723466172814369,10000,stratified_image_bootstrap,model_then_measurement
fashion_mnist,QF-Product,total_state_preparations_per_image,1,1.0,1,1,15,0.16884,0.0033429670311608,-0.41366,0.9430631130675072,0.0033546115718446,COMPLETED,accuracy,0.16884,0.1645666807889938,0.1729733347892761,10000,stratified_image_bootstrap,model_then_measurement
fashion_mnist,QF-Product,total_state_preparations_per_image,8,8.0,3,3,15,0.3861933333333333,0.0062873417806467,-0.1963066666666666,0.7792200213641025,0.0060475066992915,COMPLETED,accuracy,0.3861933333333333,0.3789998412132263,0.3933335125446319,10000,stratified_image_bootstrap,model_then_measurement
fashion_mnist,QF-Product,total_state_preparations_per_image,32,32.0,3,3,15,0.5019066666666666,0.0030762840911599,-0.0805933333333334,0.6368043974272003,0.0028018370313729,COMPLETED,accuracy,0.5019066666666667,0.4944133758544922,0.5093533396720886,10000,stratified_image_bootstrap,model_then_measurement
fashion_mnist,QF-Product,total_state_preparations_per_image,128,128.0,3,3,15,0.5562666666666666,0.0022610574854215,-0.0262333333333334,0.5743615723215235,0.0021632437074051,COMPLETED,accuracy,0.5562666666666668,0.5481866598129272,0.564254830777645,10000,stratified_image_bootstrap,model_then_measurement
fashion_mnist,QF-Product,total_state_preparations_per_image,512,512.0,3,3,15,0.5749000000000001,0.0015815905195178,-0.0075999999999999,0.5525322426305895,0.001641883983241,COMPLETED,accuracy,0.5748999999999999,0.566346538066864,0.5833200216293335,10000,stratified_image_bootstrap,model_then_measurement
fashion_mnist,QF-Ring,total_state_preparations_per_image,1,1.0,1,1,15,0.2053533333333333,0.0032908675943905,-0.3837466666666665,0.9646794918362313,0.0030807278591334,COMPLETED,accuracy,0.2053533333333333,0.20078667961061,0.2098400145769119,10000,stratified_image_bootstrap,model_then_measurement
fashion_mnist,QF-Ring,total_state_preparations_per_image,8,8.0,3,3,15,0.3189999999999999,0.0068326945113706,-0.2701,0.8637032362149683,0.0048608997006692,COMPLETED,accuracy,0.319,0.3109991572797298,0.3266135327517986,10000,stratified_image_bootstrap,model_then_measurement
fashion_mnist,QF-Ring,total_state_preparations_per_image,32,32.0,3,3,15,0.4536733333333333,0.0029072487403205,-0.1354266666666666,0.6955835328824993,0.0027523317361831,COMPLETED,accuracy,0.4536733333333333,0.4466267213225364,0.4605605229735374,10000,stratified_image_bootstrap,model_then_measurement
fashion_mnist,QF-Ring,total_state_preparations_per_image,128,128.0,3,3,15,0.5321533333333334,0.0029555919558565,-0.0569466666666665,0.6061137979374591,0.0026116763941573,COMPLETED,accuracy,0.5321533333333333,0.5244531750679016,0.5400133147835732,10000,stratified_image_bootstrap,model_then_measurement
fashion_mnist,QF-Ring,total_state_preparations_per_image,512,512.0,3,3,15,0.5666599999999999,0.0021480223462524,-0.02244,0.564868077800258,0.0021170378332857,COMPLETED,accuracy,0.56666,0.5583131447434425,0.574686647951603,10000,stratified_image_bootstrap,model_then_measurement
fashion_mnist,VQC-DR,total_state_preparations_per_image,1,1.0,1,1,15,0.1672266666666666,0.0088563509630633,-0.35234,0.9648826054357612,0.0037421828139802,COMPLETED,accuracy,0.1672266666666667,0.1584933400154113,0.1768070213496685,10000,stratified_image_bootstrap,model_then_measurement
fashion_mnist,VQC-DR,total_state_preparations_per_image,8,8.0,1,1,15,0.2505066666666666,0.0114055416772892,-0.2690599999999999,0.9394330254677516,0.0042381101453768,COMPLETED,accuracy,0.2505066666666667,0.2397133260965347,0.264200197905302,10000,stratified_image_bootstrap,model_then_measurement
fashion_mnist,VQC-DR,total_state_preparations_per_image,32,32.0,1,1,15,0.3462133333333334,0.0184703572038576,-0.1733533333333332,0.8089564959997573,0.003418580195239,COMPLETED,accuracy,0.3462133333333333,0.3297463595867157,0.3698139898478985,10000,stratified_image_bootstrap,model_then_measurement
fashion_mnist,VQC-DR,total_state_preparations_per_image,128,128.0,1,1,15,0.4406333333333333,0.0207221643473382,-0.0789333333333333,0.6876895068849075,0.003412193596511,COMPLETED,accuracy,0.4406333333333333,0.4213529773056507,0.4669553086161613,10000,stratified_image_bootstrap,model_then_measurement
fashion_mnist,VQC-DR,total_state_preparations_per_image,512,512.0,1,1,15,0.4949799999999999,0.0172534137408886,-0.0245866666666667,0.6335551599152719,0.0024281544410653,COMPLETED,accuracy,0.4949799999999999,0.4768400475382804,0.5160629943013191,10000,stratified_image_bootstrap,model_then_measurement
fashion_mnist,Yomo-Matched,total_state_preparations_per_image,1,1.0,1,1,15,0.1476466666666666,0.0062567525427295,-0.1607199999999999,0.973732056794552,0.0024688290013182,COMPLETED,accuracy,0.1476466666666666,0.1401533484458923,0.1540933400392532,10000,stratified_image_bootstrap,model_then_measurement
fashion_mnist,Yomo-Matched,total_state_preparations_per_image,8,8.0,1,1,15,0.1834933333333333,0.0098943321919071,-0.1248733333333332,0.9062336831013428,0.0027011867201033,COMPLETED,accuracy,0.1834933333333333,0.1744196657091379,0.1956338517367839,10000,stratified_image_bootstrap,model_then_measurement
fashion_mnist,Yomo-Matched,total_state_preparations_per_image,32,32.0,1,1,15,0.2282199999999999,0.0166042679539242,-0.0801466666666666,0.8844706493376885,0.0035326553840611,COMPLETED,accuracy,0.2282199999999999,0.2131400104612112,0.2489269886165857,10000,stratified_image_bootstrap,model_then_measurement
fashion_mnist,Yomo-Matched,total_state_preparations_per_image,128,128.0,1,1,15,0.2710733333333333,0.016748836491217,-0.0372933333333332,0.8388920107742501,0.0031505239357558,COMPLETED,accuracy,0.2710733333333334,0.2512800395488739,0.2887603394687176,10000,stratified_image_bootstrap,model_then_measurement
fashion_mnist,Yomo-Matched,total_state_preparations_per_image,512,512.0,1,1,15,0.2933,0.0195388989308141,-0.0150666666666666,0.8273674651195276,0.0020310196716839,COMPLETED,accuracy,0.2933,0.2704132013022899,0.3141801826655864,10000,stratified_image_bootstrap,model_then_measurement
cifar10,PdrQC-Matched,total_state_preparations_per_image,8,8.0,7,7,15,0.4901333333333333,0.0087023532668441,-0.1908666666666667,0.6825602972550514,0.008092643630459,COMPLETED,accuracy,0.4901333333333333,0.4817667007446289,0.4984533190727234,10000,stratified_image_bootstrap,model_then_measurement
cifar10,PdrQC-Matched,total_state_preparations_per_image,32,32.0,7,7,15,0.6192333333333334,0.0041835847012318,-0.0617666666666666,0.5128629639932102,0.0044696788738999,COMPLETED,accuracy,0.6192333333333333,0.6116464853286743,0.6268666982650757,10000,stratified_image_bootstrap,model_then_measurement
cifar10,PdrQC-Matched,total_state_preparations_per_image,128,128.0,7,7,15,0.6625133333333332,0.0039238950522347,-0.0184866666666668,0.4574475185054142,0.0041528916482338,COMPLETED,accuracy,0.6625133333333334,0.6543731808662414,0.6707733273506165,10000,stratified_image_bootstrap,model_then_measurement
cifar10,PdrQC-Matched,total_state_preparations_per_image,512,512.0,7,7,15,0.6758799999999998,0.0016371578159376,-0.0051200000000002,0.439146015497169,0.0015302971804087,COMPLETED,accuracy,0.67588,0.6673863768577576,0.6842535018920899,10000,stratified_image_bootstrap,model_then_measurement
cifar10,QF-Product,total_state_preparations_per_image,1,1.0,1,1,15,0.1303133333333333,0.003419871899578,-0.2999866666666667,0.910896828337474,0.0032868013425555,COMPLETED,accuracy,0.1303133333333333,0.1265533417463302,0.1340533345937729,10000,stratified_image_bootstrap,model_then_measurement
cifar10,QF-Product,total_state_preparations_per_image,8,8.0,3,3,15,0.2953733333333333,0.0046359567769873,-0.1349266666666667,0.8468967429120238,0.0048615229939274,COMPLETED,accuracy,0.2953733333333333,0.2892333567142486,0.3014400005340576,10000,stratified_image_bootstrap,model_then_measurement
cifar10,QF-Product,total_state_preparations_per_image,32,32.0,3,3,15,0.37316,0.0047202905479581,-0.0571399999999999,0.7623208823604172,0.0048656083980666,COMPLETED,accuracy,0.37316,0.3655798256397247,0.3808333575725555,10000,stratified_image_bootstrap,model_then_measurement
cifar10,QF-Product,total_state_preparations_per_image,128,128.0,3,3,15,0.4131999999999999,0.0023700512351303,-0.0171,0.7271111278814666,0.00248797095863,COMPLETED,accuracy,0.4132,0.4049733281135559,0.421433524787426,10000,stratified_image_bootstrap,model_then_measurement
cifar10,QF-Product,total_state_preparations_per_image,512,512.0,3,3,15,0.4241133333333333,0.002058385867847,-0.0061866666666666,0.7176831005927918,0.0020819690509829,COMPLETED,accuracy,0.4241133333333333,0.4153796397149563,0.4328135408461094,10000,stratified_image_bootstrap,model_then_measurement
cifar10,QF-Ring,total_state_preparations_per_image,1,1.0,1,1,15,0.14606,0.0034692115201337,-0.21764,0.9200351730738172,0.0035652725820127,COMPLETED,accuracy,0.14606,0.1421131618320942,0.1500001724809408,10000,stratified_image_bootstrap,model_then_measurement
cifar10,QF-Ring,total_state_preparations_per_image,8,8.0,3,3,15,0.1944733333333333,0.0051755561007857,-0.1692266666666667,0.9106850026618172,0.0036904111384383,COMPLETED,accuracy,0.1944733333333333,0.1885200139135122,0.2005866765975952,10000,stratified_image_bootstrap,model_then_measurement
cifar10,QF-Ring,total_state_preparations_per_image,32,32.0,3,3,15,0.2676666666666667,0.0039143812987981,-0.0960333333333333,0.8448971989186768,0.0038415838333461,COMPLETED,accuracy,0.2676666666666667,0.2615398585796356,0.2736868433654308,10000,stratified_image_bootstrap,model_then_measurement
cifar10,QF-Ring,total_state_preparations_per_image,128,128.0,3,3,15,0.3238133333333334,0.0018882594656253,-0.0398866666666666,0.8014775032326198,0.0019677329068911,COMPLETED,accuracy,0.3238133333333333,0.3168533444404602,0.3309936583042144,10000,stratified_image_bootstrap,model_then_measurement
cifar10,QF-Ring,total_state_preparations_per_image,512,512.0,3,3,15,0.3494333333333334,0.0024537629023506,-0.0142666666666665,0.7830260545876251,0.0019320085858971,COMPLETED,accuracy,0.3494333333333334,0.3413000106811523,0.3575936906039715,10000,stratified_image_bootstrap,model_then_measurement
cifar10,VQC-DR,total_state_preparations_per_image,1,1.0,1,1,15,0.1741466666666666,0.0061432735185574,-0.2456866666666666,0.966390103961918,0.0030276969923672,COMPLETED,accuracy,0.1741466666666666,0.1674998372793197,0.180966841802001,10000,stratified_image_bootstrap,model_then_measurement
cifar10,VQC-DR,total_state_preparations_per_image,8,8.0,1,1,15,0.2374799999999999,0.0034550584034757,-0.1823533333333333,0.917674730308493,0.0028469316278041,COMPLETED,accuracy,0.23748,0.2326865024864673,0.2422400116920471,10000,stratified_image_bootstrap,model_then_measurement
cifar10,VQC-DR,total_state_preparations_per_image,32,32.0,1,1,15,0.3063333333333333,0.0050227577323712,-0.1134999999999999,0.8144513150419598,0.004093989287927,COMPLETED,accuracy,0.3063333333333333,0.3001598536968231,0.3123200237751007,10000,stratified_image_bootstrap,model_then_measurement
cifar10,VQC-DR,total_state_preparations_per_image,128,128.0,1,1,15,0.3689666666666668,0.0077356934001388,-0.0508666666666665,0.7382607140290051,0.0045195302528506,COMPLETED,accuracy,0.3689666666666666,0.3598458483815193,0.3787540003657341,10000,stratified_image_bootstrap,model_then_measurement
cifar10,VQC-DR,total_state_preparations_per_image,512,512.0,1,1,15,0.4044266666666666,0.008673067233574,-0.0154066666666666,0.7078419302712435,0.0032029901090976,COMPLETED,accuracy,0.4044266666666666,0.3934398710727692,0.4160868406295776,10000,stratified_image_bootstrap,model_then_measurement
cifar10,Yomo-Matched,total_state_preparations_per_image,1,1.0,1,1,15,0.14314,0.0044687486263734,-0.1377266666666666,0.9608403824738562,0.0032085834848361,COMPLETED,accuracy,0.14314,0.138099679723382,0.1478400081396103,10000,stratified_image_bootstrap,model_then_measurement
cifar10,Yomo-Matched,total_state_preparations_per_image,8,8.0,1,1,15,0.1792733333333333,0.0097626450358106,-0.1015933333333332,0.908251625319537,0.0048745937126039,COMPLETED,accuracy,0.1792733333333332,0.169593334197998,0.1898335095494985,10000,stratified_image_bootstrap,model_then_measurement
cifar10,Yomo-Matched,total_state_preparations_per_image,32,32.0,1,1,15,0.2216933333333333,0.0106622475965212,-0.0591733333333332,0.8896608047560367,0.0031907670109512,COMPLETED,accuracy,0.2216933333333333,0.2110998306423425,0.2345000058412552,10000,stratified_image_bootstrap,model_then_measurement
cifar10,Yomo-Matched,total_state_preparations_per_image,128,128.0,1,1,15,0.2556266666666666,0.0129414873657588,-0.0252399999999999,0.8507683695241229,0.0025121009090688,COMPLETED,accuracy,0.2556266666666666,0.241279337182641,0.2708869934082031,10000,stratified_image_bootstrap,model_then_measurement
cifar10,Yomo-Matched,total_state_preparations_per_image,512,512.0,1,1,15,0.2716599999999999,0.0118355276302205,-0.0092066666666666,0.840398336275325,0.002776797071652,COMPLETED,accuracy,0.2716599999999999,0.2588930077850818,0.2866536438465118,10000,stratified_image_bootstrap,model_then_measurement
breastmnist,PdrQC-Matched,total_state_preparations_per_image,8,8.0,7,7,15,0.6418128654970761,0.0367628009686957,-0.1428571428571428,0.3932214434480594,0.0343943627221034,COMPLETED,auroc,0.6418128654970762,0.5639738234475076,0.7135623781676415,10000,stratified_image_bootstrap,model_then_measurement
breastmnist,PdrQC-Matched,total_state_preparations_per_image,32,32.0,7,7,15,0.7141186299081035,0.0172116605692708,-0.0705513784461153,0.3527295523317799,0.0168196196142625,COMPLETED,auroc,0.7141186299081036,0.6274425647451963,0.793025619604567,10000,stratified_image_bootstrap,model_then_measurement
breastmnist,PdrQC-Matched,total_state_preparations_per_image,128,128.0,7,7,15,0.7718880534670008,0.0117477920947113,-0.012781954887218,0.3197023642204963,0.0124141353159206,COMPLETED,auroc,0.7718880534670008,0.6857268170426066,0.8479535644667221,10000,stratified_image_bootstrap,model_then_measurement
breastmnist,PdrQC-Matched,total_state_preparations_per_image,512,512.0,7,7,15,0.7849902534113061,0.0088465118402371,0.0003202450570872,0.3102779397447354,0.0090625652531136,COMPLETED,auroc,0.784990253411306,0.6977297410192147,0.862392439431913,10000,stratified_image_bootstrap,model_then_measurement
breastmnist,QF-Product,total_state_preparations_per_image,1,1.0,1,1,15,0.5415204678362573,0.0329421285241258,-0.1606516290726817,0.3949971062366824,0.0256790198889462,COMPLETED,auroc,0.5415204678362573,0.4836661097187412,0.5985729949874687,10000,stratified_image_bootstrap,model_then_measurement
breastmnist,QF-Product,total_state_preparations_per_image,8,8.0,3,3,15,0.6272347535505429,0.0398057145739193,-0.074937343358396,0.377083229570112,0.0336963937483135,COMPLETED,auroc,0.6272347535505429,0.5478954330270119,0.7053766360345306,10000,stratified_image_bootstrap,model_then_measurement
breastmnist,QF-Product,total_state_preparations_per_image,32,32.0,3,3,15,0.6732386521860206,0.0271043352479838,-0.0289334447229183,0.3514608216573054,0.025283377818061,COMPLETED,auroc,0.6732386521860206,0.5798106377053746,0.7650532581453633,10000,stratified_image_bootstrap,model_then_measurement
breastmnist,QF-Product,total_state_preparations_per_image,128,128.0,3,3,15,0.7145363408521305,0.0178809351350632,0.0123642439431914,0.3339309840890488,0.0174528210249646,COMPLETED,auroc,0.7145363408521305,0.614046574770259,0.8083970342522974,10000,stratified_image_bootstrap,model_then_measurement
breastmnist,QF-Product,total_state_preparations_per_image,512,512.0,3,3,15,0.6991645781119463,0.0073790064201658,-0.0030075187969926,0.3351444294752151,0.0072883617802959,COMPLETED,auroc,0.6991645781119465,0.5955552074631022,0.7986142439431912,10000,stratified_image_bootstrap,model_then_measurement
breastmnist,QF-Ring,total_state_preparations_per_image,1,1.0,1,1,15,0.5588345864661655,0.0382833683522215,-0.1255847953216373,0.3995361842181746,0.0325684082561671,COMPLETED,auroc,0.5588345864661655,0.4997417153996101,0.6170434767474242,10000,stratified_image_bootstrap,model_then_measurement
breastmnist,QF-Ring,total_state_preparations_per_image,8,8.0,3,3,15,0.5852548036758564,0.0527579481910072,-0.0991645781119464,0.4104333370458917,0.0521498682987014,COMPLETED,auroc,0.5852548036758564,0.5156342244500138,0.6528714146477305,10000,stratified_image_bootstrap,model_then_measurement
breastmnist,QF-Ring,total_state_preparations_per_image,32,32.0,3,3,15,0.6447646895015317,0.0347000894248205,-0.0396546922862711,0.3820843913909384,0.0318239790996068,COMPLETED,auroc,0.6447646895015317,0.5597006404901143,0.7271512113617377,10000,stratified_image_bootstrap,model_then_measurement
breastmnist,QF-Ring,total_state_preparations_per_image,128,128.0,3,3,15,0.665580618212197,0.0294389072199545,-0.0188387635756057,0.3627427105812756,0.0261098600970079,COMPLETED,auroc,0.665580618212197,0.5681324839877471,0.7590789473684211,10000,stratified_image_bootstrap,model_then_measurement
breastmnist,QF-Ring,total_state_preparations_per_image,512,512.0,3,3,15,0.6908939014202173,0.0123017215397588,0.0064745196324145,0.3517599875099185,0.0119874039210363,COMPLETED,auroc,0.6908939014202172,0.5931331801726539,0.7852314814814816,10000,stratified_image_bootstrap,model_then_measurement
breastmnist,VQC-DR,total_state_preparations_per_image,1,1.0,1,1,15,0.5585143414090783,0.0365379558167874,-0.158068783068783,0.5051609717251411,0.0323346311523136,COMPLETED,auroc,0.5585143414090783,0.5042256683375105,0.608827798663325,10000,stratified_image_bootstrap,model_then_measurement
breastmnist,VQC-DR,total_state_preparations_per_image,8,8.0,1,1,15,0.6103104984683931,0.0372120787306215,-0.1062726260094681,0.4404627729957297,0.034058103143201,COMPLETED,auroc,0.6103104984683932,0.5500132275132276,0.6720004873294348,10000,stratified_image_bootstrap,model_then_measurement
breastmnist,VQC-DR,total_state_preparations_per_image,32,32.0,1,1,15,0.6568226120857701,0.0279659033094736,-0.0597605123920912,0.3820322459350969,0.0208858209773548,COMPLETED,auroc,0.65682261208577,0.5855447646895015,0.7291012252854359,10000,stratified_image_bootstrap,model_then_measurement
breastmnist,VQC-DR,total_state_preparations_per_image,128,128.0,1,1,15,0.6972431077694237,0.0442864226787256,-0.0193400167084376,0.3519891075148207,0.0351947294946343,COMPLETED,auroc,0.6972431077694236,0.613672723475355,0.7810094681147313,10000,stratified_image_bootstrap,model_then_measurement
breastmnist,VQC-DR,total_state_preparations_per_image,512,512.0,1,1,15,0.7077137287663603,0.0205339280073383,-0.008869395711501,0.3463862488215339,0.0118668082554553,COMPLETED,auroc,0.7077137287663603,0.6190180311890838,0.7929142300194933,10000,stratified_image_bootstrap,model_then_measurement
breastmnist,Yomo-Matched,total_state_preparations_per_image,1,1.0,1,1,15,0.5192982456140351,0.0432247795801164,0.0526455026455027,0.5047597013839751,0.0432234798538801,COMPLETED,auroc,0.5192982456140351,0.4715925229741018,0.5649968671679197,10000,stratified_image_bootstrap,model_then_measurement
breastmnist,Yomo-Matched,total_state_preparations_per_image,8,8.0,1,1,15,0.491318574213311,0.0404274641265155,0.0246658312447786,0.5038796662190403,0.040945119904123,COMPLETED,auroc,0.491318574213311,0.4403285992759677,0.541235380116959,10000,stratified_image_bootstrap,model_then_measurement
breastmnist,Yomo-Matched,total_state_preparations_per_image,32,32.0,1,1,15,0.4843358395989974,0.058730141222966,0.017683096630465,0.5055007949657266,0.0594256930954112,COMPLETED,auroc,0.4843358395989974,0.421176552492342,0.5478092801448066,10000,stratified_image_bootstrap,model_then_measurement
breastmnist,Yomo-Matched,total_state_preparations_per_image,128,128.0,1,1,15,0.4521929824561403,0.0528248534616575,-0.014459760512392,0.5012968791514959,0.0518727039607323,COMPLETED,auroc,0.4521929824561403,0.3835616819827346,0.5238676552492343,10000,stratified_image_bootstrap,model_then_measurement
breastmnist,Yomo-Matched,total_state_preparations_per_image,512,512.0,1,1,15,0.4643622946254525,0.0319786565699756,-0.0022904483430798,0.50273366028081,0.0300769658376261,COMPLETED,auroc,0.4643622946254526,0.3802466235032025,0.5489929685324422,10000,stratified_image_bootstrap,model_then_measurement
