dataset,method,setting,shot_budget,nll,brier,ece_15
breastmnist,C-CNN,exact,exact,0.5726082500048099,0.38580282869620874,0.09600385370845402
breastmnist,C-LR,exact,exact,0.5116054800722123,0.31457752935333805,0.09370913215006059
breastmnist,C-MLP,exact,exact,0.5508477972268716,0.3659910044099591,0.1398627856250829
breastmnist,C-Poly,exact,exact,0.5384451118605463,0.3498118463153217,0.09635119627746136
breastmnist,C-RBF,exact,exact,0.4838990701150537,0.29846405244299984,0.13449500589633556
breastmnist,C-RFF,exact,exact,0.47380963848498847,0.3050559827407868,0.08686213623681929
breastmnist,C-ResNet,exact,exact,0.5100024461029783,0.28836457735268306,0.1040264161195306
breastmnist,C-Trig,exact,exact,0.46487570361452496,0.29008353130816555,0.08697947548605893
breastmnist,PdrQC-Matched,exact,exact,0.4819341559336186,0.3091279275940684,0.09931478552288296
breastmnist,QF-Product,exact,exact,0.5152823068313854,0.33444708525532063,0.09900591855970306
breastmnist,QF-Ring,exact,exact,0.5335712957806271,0.348764797345758,0.08817172920061268
breastmnist,QK-IQP,exact,exact,0.5917130227537398,0.3996876430351062,0.13921554845247192
breastmnist,VQC-DR,exact,exact,0.5002304279295259,0.32508479179113553,0.07746146213206166
breastmnist,Yomo-Matched,exact,exact,0.6938655809542513,0.5007183122220349,0.14802475611223187
cifar10,C-CNN,exact,exact,1.6938518284456783,0.7517116606227426,0.0659401870242375
cifar10,C-LR,exact,exact,0.78183625304331,0.39693074827228064,0.013250316877607802
cifar10,C-MLP,exact,exact,0.8324810774705081,0.418437710013603,0.04577942236219389
cifar10,C-Poly,exact,exact,0.9685784763490428,0.46730241392697297,0.08901983508129846
cifar10,C-RBF,exact,exact,0.9360341743759975,0.4546437484042024,0.11218927853790338
cifar10,C-RFF,exact,exact,0.7847863133135544,0.3927920540912341,0.017092286577003516
cifar10,C-ResNet,exact,exact,0.4371347383119167,0.21721559499946425,0.012120105023379318
cifar10,C-Trig,exact,exact,0.8369152942834502,0.41351617931291984,0.013627329410541244
cifar10,PdrQC-Matched,exact,exact,0.8750287969943441,0.43329800122049567,0.016129121886394836
cifar10,QF-Product,exact,exact,1.6493002360269806,0.7138406670909464,0.025215239185301004
cifar10,QF-Ring,exact,exact,1.849644280076262,0.7744236448730693,0.03208628543218279
cifar10,QK-IQP,exact,exact,2.301542756826165,0.8997882131482046,0.011023438261619908
cifar10,VQC-DR,exact,exact,1.502098186636726,0.6865861403130317,0.05519775951581874
cifar10,Yomo-Matched,exact,exact,2.010559201949447,0.8263410851612069,0.09119732436902511
fashion_mnist,C-CNN,exact,exact,0.6947796164408494,0.3432359802809334,0.02899121118427024
fashion_mnist,C-LR,exact,exact,0.6155551248465022,0.31637226182312317,0.011139136756599926
fashion_mnist,C-MLP,exact,exact,0.6559980099185605,0.3270697480497045,0.02813526184294327
fashion_mnist,C-Poly,exact,exact,0.7620676954765492,0.3567462496192703,0.10346243928569823
fashion_mnist,C-RBF,exact,exact,0.7325936799844254,0.35018502764137127,0.11236846772387431
fashion_mnist,C-RFF,exact,exact,0.5738362402065759,0.29247976868863235,0.017687794562016454
fashion_mnist,C-ResNet,exact,exact,0.3864046158830702,0.19597859104255472,0.008517467307985475
fashion_mnist,C-Trig,exact,exact,0.5864368372234781,0.2981832812263907,0.01100016476903882
fashion_mnist,PdrQC-Matched,exact,exact,0.6185332672390845,0.31414981171935685,0.013066390536244782
fashion_mnist,QF-Product,exact,exact,1.2292573793361974,0.5441641824817529,0.024058988423333337
fashion_mnist,QF-Ring,exact,exact,1.2360671957720701,0.5429132069899294,0.025571853471299123
fashion_mnist,QK-IQP,exact,exact,2.2927111745402646,0.8979346032606919,0.03039917849351769
fashion_mnist,VQC-DR,exact,exact,1.2765056760950286,0.576765022707823,0.1250585464965919
fashion_mnist,Yomo-Matched,exact,exact,1.9050439593403492,0.7969627231881139,0.19172540936704224
mnist,C-CNN,exact,exact,0.2860208948812706,0.12658631642676224,0.02420684143830671
mnist,C-LR,exact,exact,0.5378259250241738,0.2725385263430381,0.010181845562397953
mnist,C-MLP,exact,exact,0.5742589222694896,0.28525761424244983,0.04534821134263139
mnist,C-Poly,exact,exact,0.6708752650462726,0.3021274576058019,0.06853192938782172
mnist,C-RBF,exact,exact,0.6061309813867002,0.27399266694804575,0.12112858726336748
mnist,C-RFF,exact,exact,0.4569487612111363,0.2274173893534228,0.008896116902981012
mnist,C-ResNet,exact,exact,0.11753069330895459,0.055058825378993495,0.0030333835525656106
mnist,C-Trig,exact,exact,0.49436215174337755,0.24169549306566632,0.007327458282372123
mnist,PdrQC-Matched,exact,exact,0.5754843035058,0.2820162546482505,0.012000070148701955
mnist,QF-Product,exact,exact,1.4437265263969272,0.6272999982077437,0.02764011588917706
mnist,QF-Ring,exact,exact,1.6857718133874695,0.7119610459314802,0.030386524376054953
mnist,QK-IQP,exact,exact,2.3016303387524166,0.8998066404720859,0.010913961713538296
mnist,VQC-DR,exact,exact,1.5473123516710006,0.6713129363952279,0.11488963707539623
mnist,Yomo-Matched,exact,exact,2.1106792876663736,0.853486308025278,0.07323491572048238
breastmnist,PdrQC-Matched,finite_shot,8,0.5351093966639764,0.35302385070866027,0.0654484966695422
breastmnist,PdrQC-Matched,finite_shot,32,0.5110085361477533,0.3336694726479705,0.062403791272893375
breastmnist,PdrQC-Matched,finite_shot,128,0.4838609780064469,0.31445756275926984,0.10571014959071355
breastmnist,PdrQC-Matched,finite_shot,512,0.4801583708705677,0.30805857711581214,0.06871115911259598
breastmnist,QF-Product,finite_shot,1,0.5746997570907977,0.3874651382594158,0.09158666033141437
breastmnist,QF-Product,finite_shot,8,0.542976448384818,0.3597089175753366,0.14425332623988016
breastmnist,QF-Product,finite_shot,32,0.5250327240426106,0.3429484747646037,0.11592249243523896
breastmnist,QF-Product,finite_shot,128,0.5102008079811193,0.3311693100758041,0.09899280382287397
breastmnist,QF-Product,finite_shot,512,0.5157332952000115,0.3344408789971557,0.16174869456385088
breastmnist,QF-Ring,finite_shot,1,0.5687718192640537,0.38367771271206946,0.09866562101898628
breastmnist,QF-Ring,finite_shot,8,0.5548599952435982,0.3700453601131007,0.13273499199822952
breastmnist,QF-Ring,finite_shot,32,0.5374621581279124,0.35352308462984466,0.13319781324739455
breastmnist,QF-Ring,finite_shot,128,0.533203222815431,0.34898274359854425,0.10472248649685337
breastmnist,QF-Ring,finite_shot,512,0.5284045744485851,0.3462139896147232,0.11077639480677538
breastmnist,QK-IQP,finite_shot,32,0.586007261865917,0.3962246365386265,0.10052687345609816
breastmnist,QK-IQP,finite_shot,128,0.5888726260928323,0.3963573853317702,0.13992891653281417
breastmnist,QK-IQP,finite_shot,512,0.5916138747224879,0.3997711292194116,0.13593538099737743
breastmnist,VQC-DR,finite_shot,1,0.5984945442578853,0.4079809543076222,0.17711125408468723
breastmnist,VQC-DR,finite_shot,8,0.5335882000138579,0.35169058525480823,0.10265924103309872
breastmnist,VQC-DR,finite_shot,32,0.5091943307436291,0.33388651949792664,0.08567853932460356
breastmnist,VQC-DR,finite_shot,128,0.499882302363756,0.32579981753715204,0.05799041295442279
breastmnist,VQC-DR,finite_shot,512,0.5018085655012641,0.3264682036892903,0.09734908606850264
breastmnist,Yomo-Matched,finite_shot,1,0.693406352954303,0.5002576578558772,0.08002198778704434
breastmnist,Yomo-Matched,finite_shot,8,0.6921097357488863,0.49896873322262475,0.14071667813959654
breastmnist,Yomo-Matched,finite_shot,32,0.6955843596357868,0.5024336745483386,0.14007383055321296
breastmnist,Yomo-Matched,finite_shot,128,0.6942833951561005,0.5011359982854351,0.12918433566098114
breastmnist,Yomo-Matched,finite_shot,512,0.6957003384466953,0.502550380862808,0.09853585136624485
cifar10,PdrQC-Matched,finite_shot,8,1.126839256154169,0.5284630635992353,0.11719330701413894
cifar10,PdrQC-Matched,finite_shot,32,0.9391163866113001,0.4574597771774707,0.04459902853952353
cifar10,PdrQC-Matched,finite_shot,128,0.8868514159276925,0.4385558446966578,0.014487879034226964
cifar10,PdrQC-Matched,finite_shot,512,0.876788354933287,0.43382583893602666,0.016503855608591626
cifar10,QF-Product,finite_shot,1,2.2495785235065426,0.8890113015444493,0.013913884125096051
cifar10,QF-Product,finite_shot,8,1.7958914451728445,0.7621180379687487,0.05547302447893594
cifar10,QF-Product,finite_shot,32,1.6888321205592736,0.7279137492905499,0.04174753758622919
cifar10,QF-Product,finite_shot,128,1.6541767266888103,0.7153068274482228,0.036627451409177836
cifar10,QF-Product,finite_shot,512,1.649250431167231,0.7142750733378765,0.028717448264848486
cifar10,QF-Ring,finite_shot,1,2.2168042692857037,0.8804759071033692,0.013735931330886174
cifar10,QF-Ring,finite_shot,8,2.067496387193917,0.8406780420511303,0.03933370841746903
cifar10,QF-Ring,finite_shot,32,1.9426404847070204,0.8037606249888144,0.03798194163340042
cifar10,QF-Ring,finite_shot,128,1.8742313771265653,0.7826857283802489,0.038222798873769705
cifar10,QF-Ring,finite_shot,512,1.8561035663666905,0.776376148725943,0.03405863985177652
cifar10,QK-IQP,finite_shot,32,2.301291230775768,0.8997386532486187,0.01164103385293091
cifar10,QK-IQP,finite_shot,128,2.301530251368317,0.8997847508862229,0.007523578792524272
cifar10,QK-IQP,finite_shot,512,2.301430117278435,0.8997660818150156,0.010998768466932835
cifar10,VQC-DR,finite_shot,1,2.0718356780672087,0.8441056976291973,0.055748857787655245
cifar10,VQC-DR,finite_shot,8,1.792063756179885,0.7683131261495421,0.07574543258137365
cifar10,VQC-DR,finite_shot,32,1.6111773687255937,0.7178867007814664,0.08306316489367348
cifar10,VQC-DR,finite_shot,128,1.5286585699447144,0.6942179999750862,0.077416194606981
cifar10,VQC-DR,finite_shot,512,1.5066739227023396,0.687930849200082,0.06461992049150864
cifar10,Yomo-Matched,finite_shot,1,2.2184507889375156,0.8810383433353111,0.051962244122299384
cifar10,Yomo-Matched,finite_shot,8,2.155707234171054,0.8680403663756854,0.11720399847233424
cifar10,Yomo-Matched,finite_shot,32,2.207848684123457,0.8806983104429124,0.17229631266247009
cifar10,Yomo-Matched,finite_shot,128,2.044654050246449,0.8376234005564118,0.1161027764948159
cifar10,Yomo-Matched,finite_shot,512,2.0145608362714773,0.8275042662407329,0.09281933131411971
fashion_mnist,PdrQC-Matched,finite_shot,8,0.8729924208942655,0.4113342129106105,0.11179369732970718
fashion_mnist,PdrQC-Matched,finite_shot,32,0.6784158321294249,0.3395350148315163,0.04683268436167184
fashion_mnist,PdrQC-Matched,finite_shot,128,0.6312193832334928,0.3201726502162449,0.022994234432401835
fashion_mnist,PdrQC-Matched,finite_shot,512,0.6209267290924941,0.3155376884600581,0.011894893586763766
fashion_mnist,QF-Product,finite_shot,1,2.15280228544053,0.8635820993284299,0.023869337414438165
fashion_mnist,QF-Product,finite_shot,8,1.509384734785087,0.6502324592401703,0.09543409580451666
fashion_mnist,QF-Product,finite_shot,32,1.325791117454728,0.5793401921436006,0.0531335419825623
fashion_mnist,QF-Product,finite_shot,128,1.251179694635003,0.5524406200880925,0.03396031127446883
fashion_mnist,QF-Product,finite_shot,512,1.2338566705875347,0.5459749289073856,0.02642093158952101
fashion_mnist,QF-Ring,finite_shot,1,2.054560895826541,0.8305843332646091,0.030881398329029478
fashion_mnist,QF-Ring,finite_shot,8,1.6774257228297367,0.7068166700813796,0.09070279588634927
fashion_mnist,QF-Ring,finite_shot,32,1.416653317754957,0.6128857350572553,0.07294889435920057
fashion_mnist,QF-Ring,finite_shot,128,1.2959169959658163,0.5671317708187774,0.05036193303645201
fashion_mnist,QF-Ring,finite_shot,512,1.2500742637724263,0.5496042976336086,0.0365159036313087
fashion_mnist,QK-IQP,finite_shot,32,2.294433393696911,0.8982603650531539,0.016274304306226072
fashion_mnist,QK-IQP,finite_shot,128,2.291133046786881,0.89758678034088,0.023041345166699735
fashion_mnist,QK-IQP,finite_shot,512,2.291299425282861,0.8976126089602927,0.02476050739980623
fashion_mnist,VQC-DR,finite_shot,1,2.06815687255102,0.8429739466995078,0.10111321742453036
fashion_mnist,VQC-DR,finite_shot,8,1.7308475078516141,0.7400831850377283,0.1554156898621178
fashion_mnist,VQC-DR,finite_shot,32,1.4769656514737133,0.6512967138239873,0.17480993565458483
fashion_mnist,VQC-DR,finite_shot,128,1.3396248852677886,0.6002890914565407,0.1643704210483782
fashion_mnist,VQC-DR,finite_shot,512,1.2908094581325447,0.5823235442663294,0.1427192400868767
fashion_mnist,Yomo-Matched,finite_shot,1,2.197697132315651,0.8762470116053999,0.0640349591702177
fashion_mnist,Yomo-Matched,finite_shot,8,2.1212657917140443,0.8609983185404173,0.1680245999853162
fashion_mnist,Yomo-Matched,finite_shot,32,2.1756379520012845,0.8739380270254169,0.25141557323344527
fashion_mnist,Yomo-Matched,finite_shot,128,1.9382149423521364,0.8084249668596716,0.19740837114758958
fashion_mnist,Yomo-Matched,finite_shot,512,1.9112200879836247,0.7991045698990891,0.19290015516358894
mnist,PdrQC-Matched,finite_shot,8,0.8794905380250603,0.4058758034210951,0.12958446022631329
mnist,PdrQC-Matched,finite_shot,32,0.6526767251783712,0.3133191027055717,0.05147702719350163
mnist,PdrQC-Matched,finite_shot,128,0.5933365386232603,0.2911765335477532,0.014111276498331563
mnist,PdrQC-Matched,finite_shot,512,0.5784774415586412,0.28337219640735967,0.010569207120980572
mnist,QF-Product,finite_shot,1,2.2631856444481047,0.8909131485249343,0.028478812089102995
mnist,QF-Product,finite_shot,8,1.6515894477555824,0.7052691640750333,0.07455955379500381
mnist,QF-Product,finite_shot,32,1.5044907474464193,0.650503491952731,0.045810424663360216
mnist,QF-Product,finite_shot,128,1.4567580568952656,0.6323323870757824,0.03373053889045505
mnist,QF-Product,finite_shot,512,1.4447803556583327,0.62721565939293,0.033255725295971164
mnist,QF-Ring,finite_shot,1,2.200160376943699,0.8762839193002372,0.02525786427645415
mnist,QF-Ring,finite_shot,8,1.980598887464159,0.8111048181592643,0.0497654496382399
mnist,QF-Ring,finite_shot,32,1.8066239861125024,0.7550355177397159,0.04858940229870315
mnist,QF-Ring,finite_shot,128,1.7198038582634216,0.7244341661234324,0.041939772294129346
mnist,QF-Ring,finite_shot,512,1.6926832133214609,0.7146800966885184,0.031225930353890537
mnist,QK-IQP,finite_shot,32,2.301952442434162,0.8998655809357095,0.007429225190597108
mnist,QK-IQP,finite_shot,128,2.301432669496777,0.8997692343293434,0.01466441982367339
mnist,QK-IQP,finite_shot,512,2.3015763717364717,0.8997977695126775,0.011437122962403604
mnist,VQC-DR,finite_shot,1,2.093139319189104,0.8433036459524749,0.07843444304498487
mnist,VQC-DR,finite_shot,8,1.8577303051424816,0.7708638595820925,0.1254621465146073
mnist,VQC-DR,finite_shot,32,1.6765092801114734,0.713186016371187,0.13349969562601646
mnist,VQC-DR,finite_shot,128,1.5838349290834128,0.683816071992276,0.12164905691867046
mnist,VQC-DR,finite_shot,512,1.5572517060562256,0.6748469462348919,0.11453275278768651
mnist,Yomo-Matched,finite_shot,1,2.262888208556819,0.8913682404781317,0.03272470427095734
mnist,Yomo-Matched,finite_shot,8,2.2184977321241584,0.8822135619675949,0.07771296592759577
mnist,Yomo-Matched,finite_shot,32,2.239516902217954,0.8874067364915862,0.126516047759857
mnist,Yomo-Matched,finite_shot,128,2.1284872952290477,0.8591567034144079,0.07981312929482923
mnist,Yomo-Matched,finite_shot,512,2.1135558226536486,0.85440446907279,0.07283985423022095
