dataset,training_scale,method,runs,primary_metric,primary_metric_mean,primary_metric_sd,statevector_evaluations,kernel_entries,status
breastmnist,D_100pct,C-CNN,3,auroc,0.5987190197716513,0.007614875474171674,0.0,0.0,COMPLETED
breastmnist,D_100pct,C-LR,1,auroc,0.7604427736006683,,0.0,0.0,COMPLETED
breastmnist,D_100pct,C-MLP,3,auroc,0.6881091617933723,0.08721718821431478,0.0,0.0,COMPLETED
breastmnist,D_100pct,C-Poly,1,auroc,0.720342522974102,,0.0,0.0,COMPLETED
breastmnist,D_100pct,C-RBF,1,auroc,0.7740183792815372,,0.0,0.0,COMPLETED
breastmnist,D_100pct,C-RFF,3,auroc,0.7846700083542189,0.029120924501470646,0.0,0.0,COMPLETED
breastmnist,D_100pct,C-ResNet,1,auroc,0.8178780284043442,,0.0,0.0,COMPLETED
breastmnist,D_100pct,C-Trig,1,auroc,0.7829991645781119,,0.0,0.0,COMPLETED
breastmnist,D_100pct,PdrQC-Matched,1,auroc,0.7846700083542189,,702.0,0.0,COMPLETED
breastmnist,D_100pct,QF-Product,1,auroc,0.702172096908939,,702.0,0.0,COMPLETED
breastmnist,D_100pct,QF-Ring,1,auroc,0.6844193817878028,,702.0,0.0,COMPLETED
breastmnist,D_100pct,QK-IQP,1,auroc,0.5465747702589808,,0.0,383292.0,COMPLETED
breastmnist,D_100pct,VQC-DR,3,auroc,0.7165831244778613,0.013281631658800917,468.0,0.0,COMPLETED
breastmnist,D_100pct,Yomo-Matched,3,auroc,0.4666527429685324,0.013060287830876562,468.0,0.0,COMPLETED
breastmnist,D_25pct,C-CNN,3,auroc,0.5895989974937342,0.0031536484692024666,0.0,0.0,COMPLETED
breastmnist,D_25pct,C-LR,1,auroc,0.7631578947368421,,0.0,0.0,COMPLETED
breastmnist,D_25pct,C-MLP,3,auroc,0.5776942355889724,0.15338596693937423,0.0,0.0,COMPLETED
breastmnist,D_25pct,C-Poly,1,auroc,0.7723475355054302,,0.0,0.0,COMPLETED
breastmnist,D_25pct,C-RBF,1,auroc,0.7447786131996659,,0.0,0.0,COMPLETED
breastmnist,D_25pct,C-RFF,3,auroc,0.7726260094681147,0.005804278570619522,0.0,0.0,COMPLETED
breastmnist,D_25pct,C-ResNet,1,auroc,0.751044277360067,,0.0,0.0,COMPLETED
breastmnist,D_25pct,C-Trig,1,auroc,0.7326649958228906,,0.0,0.0,COMPLETED
breastmnist,D_25pct,PdrQC-Matched,1,auroc,0.7508354218880534,,293.0,0.0,COMPLETED
breastmnist,D_25pct,QF-Product,1,auroc,0.6353383458646616,,293.0,0.0,COMPLETED
breastmnist,D_25pct,QF-Ring,1,auroc,0.6739766081871346,,293.0,0.0,COMPLETED
breastmnist,D_25pct,QK-IQP,1,auroc,0.4832915622389306,,0.0,40141.0,COMPLETED
breastmnist,D_25pct,VQC-DR,3,auroc,0.7256335282651071,0.02903717059056915,468.0,0.0,COMPLETED
breastmnist,D_25pct,Yomo-Matched,3,auroc,0.4759120022277917,0.007773614509723127,468.0,0.0,COMPLETED
breastmnist,D_50pct,C-CNN,3,auroc,0.5987190197716513,0.00579299472645911,0.0,0.0,COMPLETED
breastmnist,D_50pct,C-LR,1,auroc,0.7677527151211362,,0.0,0.0,COMPLETED
breastmnist,D_50pct,C-MLP,3,auroc,0.6528125870231133,0.08929281834614916,0.0,0.0,COMPLETED
breastmnist,D_50pct,C-Poly,1,auroc,0.7568922305764411,,0.0,0.0,COMPLETED
breastmnist,D_50pct,C-RBF,1,auroc,0.7965747702589807,,0.0,0.0,COMPLETED
breastmnist,D_50pct,C-RFF,3,auroc,0.7677527151211362,0.019213568307613834,0.0,0.0,COMPLETED
breastmnist,D_50pct,C-ResNet,1,auroc,0.8034670008354219,,0.0,0.0,COMPLETED
breastmnist,D_50pct,C-Trig,1,auroc,0.7562656641604011,,0.0,0.0,COMPLETED
breastmnist,D_50pct,PdrQC-Matched,1,auroc,0.7385129490392649,,430.0,0.0,COMPLETED
breastmnist,D_50pct,QF-Product,1,auroc,0.6952798663324979,,430.0,0.0,COMPLETED
breastmnist,D_50pct,QF-Ring,1,auroc,0.7132414369256473,,430.0,0.0,COMPLETED
breastmnist,D_50pct,QK-IQP,1,auroc,0.5530492898913951,,0.0,117820.0,COMPLETED
breastmnist,D_50pct,VQC-DR,3,auroc,0.6592871066555277,0.03380449101752952,468.0,0.0,COMPLETED
breastmnist,D_50pct,Yomo-Matched,3,auroc,0.5190058479532164,0.022425476401219613,468.0,0.0,COMPLETED
cifar10,D_10k,C-CNN,3,accuracy,0.39833333333333326,0.021364534474996946,0.0,0.0,COMPLETED
cifar10,D_10k,C-LR,1,accuracy,0.715,,0.0,0.0,COMPLETED
cifar10,D_10k,C-MLP,3,accuracy,0.7050000000000001,0.0010440306508910677,0.0,0.0,COMPLETED
cifar10,D_10k,C-Poly,1,accuracy,0.7152,,0.0,0.0,COMPLETED
cifar10,D_10k,C-RBF,1,accuracy,0.7237,,0.0,0.0,COMPLETED
cifar10,D_10k,C-RFF,3,accuracy,0.7172999999999999,0.0021794494717703515,0.0,0.0,COMPLETED
cifar10,D_10k,C-ResNet,1,accuracy,0.8596,,0.0,0.0,COMPLETED
cifar10,D_10k,C-Trig,1,accuracy,0.7076,,0.0,0.0,COMPLETED
cifar10,D_10k,PdrQC-Matched,1,accuracy,0.685,,20000.0,0.0,COMPLETED
cifar10,D_10k,QF-Product,1,accuracy,0.4449,,20000.0,0.0,COMPLETED
cifar10,D_10k,QF-Ring,1,accuracy,0.3744,,20000.0,0.0,COMPLETED
cifar10,D_10k,QK-IQP,1,accuracy,0.1185,,0.0,200000000.0,COMPLETED
cifar10,D_10k,VQC-DR,3,accuracy,0.43129999999999996,0.025586910716223613,30000.0,0.0,COMPLETED
cifar10,D_10k,Yomo-Matched,3,accuracy,0.2831666666666666,0.017177989793143222,30000.0,0.0,COMPLETED
cifar10,D_1k,C-CNN,3,accuracy,0.2594666666666667,0.009947026356320414,0.0,0.0,COMPLETED
cifar10,D_1k,C-LR,1,accuracy,0.6961,,0.0,0.0,COMPLETED
cifar10,D_1k,C-MLP,3,accuracy,0.4737,0.09881680019106065,0.0,0.0,COMPLETED
cifar10,D_1k,C-Poly,1,accuracy,0.6612,,0.0,0.0,COMPLETED
cifar10,D_1k,C-RBF,1,accuracy,0.693,,0.0,0.0,COMPLETED
cifar10,D_1k,C-RFF,3,accuracy,0.6848666666666667,0.0004932882862316341,0.0,0.0,COMPLETED
cifar10,D_1k,C-ResNet,1,accuracy,0.8163,,0.0,0.0,COMPLETED
cifar10,D_1k,C-Trig,1,accuracy,0.6685,,0.0,0.0,COMPLETED
cifar10,D_1k,PdrQC-Matched,1,accuracy,0.6587,,11000.0,0.0,COMPLETED
cifar10,D_1k,QF-Product,1,accuracy,0.3926,,11000.0,0.0,COMPLETED
cifar10,D_1k,QF-Ring,1,accuracy,0.3331,,11000.0,0.0,COMPLETED
cifar10,D_1k,QK-IQP,1,accuracy,0.1081,,0.0,11000000.0,COMPLETED
cifar10,D_1k,VQC-DR,3,accuracy,0.3652666666666667,0.02197779182113921,30000.0,0.0,COMPLETED
cifar10,D_1k,Yomo-Matched,3,accuracy,0.22136666666666668,0.007429894570808744,30000.0,0.0,COMPLETED
cifar10,D_5k,C-CNN,3,accuracy,0.3532,0.008319254774317227,0.0,0.0,COMPLETED
cifar10,D_5k,C-LR,1,accuracy,0.7089,,0.0,0.0,COMPLETED
cifar10,D_5k,C-MLP,3,accuracy,0.6754333333333333,0.028109844064550266,0.0,0.0,COMPLETED
cifar10,D_5k,C-Poly,1,accuracy,0.7075,,0.0,0.0,COMPLETED
cifar10,D_5k,C-RBF,1,accuracy,0.716,,0.0,0.0,COMPLETED
cifar10,D_5k,C-RFF,3,accuracy,0.7084666666666667,0.0008504900548115555,0.0,0.0,COMPLETED
cifar10,D_5k,C-ResNet,1,accuracy,0.8471,,0.0,0.0,COMPLETED
cifar10,D_5k,C-Trig,1,accuracy,0.6981,,0.0,0.0,COMPLETED
cifar10,D_5k,PdrQC-Matched,1,accuracy,0.681,,15000.0,0.0,COMPLETED
cifar10,D_5k,QF-Product,1,accuracy,0.4303,,15000.0,0.0,COMPLETED
cifar10,D_5k,QF-Ring,1,accuracy,0.3637,,15000.0,0.0,COMPLETED
cifar10,D_5k,QK-IQP,1,accuracy,0.1148,,0.0,75000000.0,COMPLETED
cifar10,D_5k,VQC-DR,3,accuracy,0.41983333333333334,0.01742909444960734,30000.0,0.0,COMPLETED
cifar10,D_5k,Yomo-Matched,3,accuracy,0.28086666666666665,0.014843292536810463,30000.0,0.0,COMPLETED
cifar10,D_full,C-CNN,3,accuracy,0.5724666666666667,0.005400308633155436,0.0,0.0,COMPLETED
cifar10,D_full,C-LR,1,accuracy,0.7157,,0.0,0.0,COMPLETED
cifar10,D_full,C-MLP,3,accuracy,0.7093666666666666,0.0012055427546683777,0.0,0.0,COMPLETED
cifar10,D_full,C-RFF,3,accuracy,0.7246333333333332,0.0018339392937972185,0.0,0.0,COMPLETED
cifar10,D_full,C-ResNet,1,accuracy,0.8748,,0.0,0.0,COMPLETED
cifar10,D_full,C-Trig,1,accuracy,0.7127,,0.0,0.0,COMPLETED
cifar10,D_full,PdrQC-Matched,1,accuracy,0.6923,,55000.0,0.0,COMPLETED
cifar10,D_full,QF-Product,1,accuracy,0.4422,,55000.0,0.0,COMPLETED
cifar10,D_full,QF-Ring,1,accuracy,0.378,,55000.0,0.0,COMPLETED
cifar10,D_full,VQC-DR,3,accuracy,0.4458333333333333,0.003946306289852984,30000.0,0.0,COMPLETED
cifar10,D_full,Yomo-Matched,3,accuracy,0.28973333333333334,0.002059935274064047,30000.0,0.0,COMPLETED
fashion_mnist,D_10k,C-CNN,3,accuracy,0.7659666666666666,0.013511970001940245,0.0,0.0,COMPLETED
fashion_mnist,D_10k,C-LR,1,accuracy,0.7707,,0.0,0.0,COMPLETED
fashion_mnist,D_10k,C-MLP,3,accuracy,0.7637666666666666,0.004027819923151126,0.0,0.0,COMPLETED
fashion_mnist,D_10k,C-Poly,1,accuracy,0.7929,,0.0,0.0,COMPLETED
fashion_mnist,D_10k,C-RBF,1,accuracy,0.7964,,0.0,0.0,COMPLETED
fashion_mnist,D_10k,C-RFF,3,accuracy,0.7968666666666667,0.0006350852961085825,0.0,0.0,COMPLETED
fashion_mnist,D_10k,C-ResNet,1,accuracy,0.8756,,0.0,0.0,COMPLETED
fashion_mnist,D_10k,C-Trig,1,accuracy,0.7932,,0.0,0.0,COMPLETED
fashion_mnist,D_10k,PdrQC-Matched,1,accuracy,0.7807,,20000.0,0.0,COMPLETED
fashion_mnist,D_10k,QF-Product,1,accuracy,0.5876,,20000.0,0.0,COMPLETED
fashion_mnist,D_10k,QF-Ring,1,accuracy,0.5984,,20000.0,0.0,COMPLETED
fashion_mnist,D_10k,QK-IQP,1,accuracy,0.138,,0.0,200000000.0,COMPLETED
fashion_mnist,D_10k,VQC-DR,3,accuracy,0.5188333333333334,0.008588558280254826,30000.0,0.0,COMPLETED
fashion_mnist,D_10k,Yomo-Matched,3,accuracy,0.3133666666666666,0.02453208783070313,30000.0,0.0,COMPLETED
fashion_mnist,D_1k,C-CNN,3,accuracy,0.5903333333333333,0.03018879483075358,0.0,0.0,COMPLETED
fashion_mnist,D_1k,C-LR,1,accuracy,0.7577,,0.0,0.0,COMPLETED
fashion_mnist,D_1k,C-MLP,3,accuracy,0.29233333333333333,0.2325321769848924,0.0,0.0,COMPLETED
fashion_mnist,D_1k,C-Poly,1,accuracy,0.7493,,0.0,0.0,COMPLETED
fashion_mnist,D_1k,C-RBF,1,accuracy,0.7737,,0.0,0.0,COMPLETED
fashion_mnist,D_1k,C-RFF,3,accuracy,0.7719666666666667,0.0006658328118479744,0.0,0.0,COMPLETED
fashion_mnist,D_1k,C-ResNet,1,accuracy,0.8308,,0.0,0.0,COMPLETED
fashion_mnist,D_1k,C-Trig,1,accuracy,0.7734,,0.0,0.0,COMPLETED
fashion_mnist,D_1k,PdrQC-Matched,1,accuracy,0.7581,,11000.0,0.0,COMPLETED
fashion_mnist,D_1k,QF-Product,1,accuracy,0.5546,,11000.0,0.0,COMPLETED
fashion_mnist,D_1k,QF-Ring,1,accuracy,0.5844,,11000.0,0.0,COMPLETED
fashion_mnist,D_1k,QK-IQP,1,accuracy,0.1162,,0.0,11000000.0,COMPLETED
fashion_mnist,D_1k,VQC-DR,3,accuracy,0.49676666666666663,0.024811556447214923,30000.0,0.0,COMPLETED
fashion_mnist,D_1k,Yomo-Matched,3,accuracy,0.2800666666666667,0.012426316161008186,30000.0,0.0,COMPLETED
fashion_mnist,D_5k,C-CNN,3,accuracy,0.7379333333333333,0.006473278406907393,0.0,0.0,COMPLETED
fashion_mnist,D_5k,C-LR,1,accuracy,0.7652,,0.0,0.0,COMPLETED
fashion_mnist,D_5k,C-MLP,3,accuracy,0.7454666666666666,0.009843949072061143,0.0,0.0,COMPLETED
fashion_mnist,D_5k,C-Poly,1,accuracy,0.7872,,0.0,0.0,COMPLETED
fashion_mnist,D_5k,C-RBF,1,accuracy,0.7937,,0.0,0.0,COMPLETED
fashion_mnist,D_5k,C-RFF,3,accuracy,0.7902333333333335,0.0020207259421636875,0.0,0.0,COMPLETED
fashion_mnist,D_5k,C-ResNet,1,accuracy,0.8647,,0.0,0.0,COMPLETED
fashion_mnist,D_5k,C-Trig,1,accuracy,0.787,,0.0,0.0,COMPLETED
fashion_mnist,D_5k,PdrQC-Matched,1,accuracy,0.7718,,15000.0,0.0,COMPLETED
fashion_mnist,D_5k,QF-Product,1,accuracy,0.5825,,15000.0,0.0,COMPLETED
fashion_mnist,D_5k,QF-Ring,1,accuracy,0.5891,,15000.0,0.0,COMPLETED
fashion_mnist,D_5k,QK-IQP,1,accuracy,0.1347,,0.0,75000000.0,COMPLETED
fashion_mnist,D_5k,VQC-DR,3,accuracy,0.5195666666666666,0.020953838152790415,30000.0,0.0,COMPLETED
fashion_mnist,D_5k,Yomo-Matched,3,accuracy,0.3083666666666666,0.026633500208071294,30000.0,0.0,COMPLETED
fashion_mnist,D_full,C-CNN,3,accuracy,0.8665666666666666,0.0024006943440041035,0.0,0.0,COMPLETED
fashion_mnist,D_full,C-LR,1,accuracy,0.7716,,0.0,0.0,COMPLETED
fashion_mnist,D_full,C-MLP,3,accuracy,0.7730666666666667,0.0022052966542697333,0.0,0.0,COMPLETED
fashion_mnist,D_full,C-RFF,3,accuracy,0.8040666666666668,0.00011547005383791243,0.0,0.0,COMPLETED
fashion_mnist,D_full,C-ResNet,1,accuracy,0.8951,,0.0,0.0,COMPLETED
fashion_mnist,D_full,C-Trig,1,accuracy,0.7992,,0.0,0.0,COMPLETED
fashion_mnist,D_full,PdrQC-Matched,1,accuracy,0.786,,65000.0,0.0,COMPLETED
fashion_mnist,D_full,QF-Product,1,accuracy,0.5891,,65000.0,0.0,COMPLETED
fashion_mnist,D_full,QF-Ring,1,accuracy,0.5984,,65000.0,0.0,COMPLETED
fashion_mnist,D_full,VQC-DR,3,accuracy,0.5556666666666666,0.006730032194078492,30000.0,0.0,COMPLETED
fashion_mnist,D_full,Yomo-Matched,3,accuracy,0.3133333333333333,0.01320845688690899,30000.0,0.0,COMPLETED
mnist,D_10k,C-CNN,3,accuracy,0.9411333333333333,0.003036994127971498,0.0,0.0,COMPLETED
mnist,D_10k,C-LR,1,accuracy,0.8053,,0.0,0.0,COMPLETED
mnist,D_10k,C-MLP,3,accuracy,0.8013666666666667,0.004582939377008315,0.0,0.0,COMPLETED
mnist,D_10k,C-Poly,1,accuracy,0.8328,,0.0,0.0,COMPLETED
mnist,D_10k,C-RBF,1,accuracy,0.8547,,0.0,0.0,COMPLETED
mnist,D_10k,C-RFF,3,accuracy,0.8486666666666668,0.0017243356208503215,0.0,0.0,COMPLETED
mnist,D_10k,C-ResNet,1,accuracy,0.9699,,0.0,0.0,COMPLETED
mnist,D_10k,C-Trig,1,accuracy,0.8363,,0.0,0.0,COMPLETED
mnist,D_10k,PdrQC-Matched,1,accuracy,0.8039,,20000.0,0.0,COMPLETED
mnist,D_10k,QF-Product,1,accuracy,0.5084,,20000.0,0.0,COMPLETED
mnist,D_10k,QF-Ring,1,accuracy,0.4231,,20000.0,0.0,COMPLETED
mnist,D_10k,QK-IQP,1,accuracy,0.1098,,0.0,200000000.0,COMPLETED
mnist,D_10k,VQC-DR,3,accuracy,0.4204333333333334,0.014755450970178215,30000.0,0.0,COMPLETED
mnist,D_10k,Yomo-Matched,3,accuracy,0.24126666666666666,0.005919740985324721,30000.0,0.0,COMPLETED
mnist,D_1k,C-CNN,3,accuracy,0.5559333333333333,0.06250770619158356,0.0,0.0,COMPLETED
mnist,D_1k,C-LR,1,accuracy,0.7908,,0.0,0.0,COMPLETED
mnist,D_1k,C-MLP,3,accuracy,0.6149666666666667,0.08481428731843076,0.0,0.0,COMPLETED
mnist,D_1k,C-Poly,1,accuracy,0.7821,,0.0,0.0,COMPLETED
mnist,D_1k,C-RBF,1,accuracy,0.8193,,0.0,0.0,COMPLETED
mnist,D_1k,C-RFF,3,accuracy,0.8087666666666666,0.001050396750439244,0.0,0.0,COMPLETED
mnist,D_1k,C-ResNet,1,accuracy,0.9355,,0.0,0.0,COMPLETED
mnist,D_1k,C-Trig,1,accuracy,0.8025,,0.0,0.0,COMPLETED
mnist,D_1k,PdrQC-Matched,1,accuracy,0.7565,,11000.0,0.0,COMPLETED
mnist,D_1k,QF-Product,1,accuracy,0.4511,,11000.0,0.0,COMPLETED
mnist,D_1k,QF-Ring,1,accuracy,0.4054,,11000.0,0.0,COMPLETED
mnist,D_1k,QK-IQP,1,accuracy,0.1129,,0.0,11000000.0,COMPLETED
mnist,D_1k,VQC-DR,3,accuracy,0.41983333333333334,0.020921838669995845,30000.0,0.0,COMPLETED
mnist,D_1k,Yomo-Matched,3,accuracy,0.1794,0.01397748189052663,30000.0,0.0,COMPLETED
mnist,D_5k,C-CNN,3,accuracy,0.9072,0.007759510293826519,0.0,0.0,COMPLETED
mnist,D_5k,C-LR,1,accuracy,0.8031,,0.0,0.0,COMPLETED
mnist,D_5k,C-MLP,3,accuracy,0.7752,0.018407335494307727,0.0,0.0,COMPLETED
mnist,D_5k,C-Poly,1,accuracy,0.8247,,0.0,0.0,COMPLETED
mnist,D_5k,C-RBF,1,accuracy,0.8443,,0.0,0.0,COMPLETED
mnist,D_5k,C-RFF,3,accuracy,0.8369,0.0015099668870541454,0.0,0.0,COMPLETED
mnist,D_5k,C-ResNet,1,accuracy,0.9637,,0.0,0.0,COMPLETED
mnist,D_5k,C-Trig,1,accuracy,0.8297,,0.0,0.0,COMPLETED
mnist,D_5k,PdrQC-Matched,1,accuracy,0.7934,,15000.0,0.0,COMPLETED
mnist,D_5k,QF-Product,1,accuracy,0.4969,,15000.0,0.0,COMPLETED
mnist,D_5k,QF-Ring,1,accuracy,0.4221,,15000.0,0.0,COMPLETED
mnist,D_5k,QK-IQP,1,accuracy,0.1085,,0.0,75000000.0,COMPLETED
mnist,D_5k,VQC-DR,3,accuracy,0.41326666666666667,0.008467191584777864,30000.0,0.0,COMPLETED
mnist,D_5k,Yomo-Matched,3,accuracy,0.23819999999999997,0.010484273937664925,30000.0,0.0,COMPLETED
mnist,D_full,C-CNN,3,accuracy,0.9757666666666666,0.006606310114832126,0.0,0.0,COMPLETED
mnist,D_full,C-LR,1,accuracy,0.8056,,0.0,0.0,COMPLETED
mnist,D_full,C-MLP,3,accuracy,0.8135333333333333,0.005919740985324747,0.0,0.0,COMPLETED
mnist,D_full,C-RFF,3,accuracy,0.8596,0.0006557438524301871,0.0,0.0,COMPLETED
mnist,D_full,C-ResNet,1,accuracy,0.9782,,0.0,0.0,COMPLETED
mnist,D_full,C-Trig,1,accuracy,0.8411,,0.0,0.0,COMPLETED
mnist,D_full,PdrQC-Matched,1,accuracy,0.8048,,65000.0,0.0,COMPLETED
mnist,D_full,QF-Product,1,accuracy,0.5195,,65000.0,0.0,COMPLETED
mnist,D_full,QF-Ring,1,accuracy,0.4393,,65000.0,0.0,COMPLETED
mnist,D_full,VQC-DR,3,accuracy,0.4620666666666667,0.024776265524354822,30000.0,0.0,COMPLETED
mnist,D_full,Yomo-Matched,3,accuracy,0.26253333333333334,0.0020132891827388654,30000.0,0.0,COMPLETED
