dataset,training_scale,method,status
cifar10,D_full,C-Poly,CLASSICAL_KERNEL_SCALING_BOUNDARY
cifar10,D_full,C-RBF,CLASSICAL_KERNEL_SCALING_BOUNDARY
cifar10,D_full,QK-IQP,QUADRATIC_SCALING_BOUNDARY
fashion_mnist,D_full,C-Poly,CLASSICAL_KERNEL_SCALING_BOUNDARY
fashion_mnist,D_full,C-RBF,CLASSICAL_KERNEL_SCALING_BOUNDARY
fashion_mnist,D_full,QK-IQP,QUADRATIC_SCALING_BOUNDARY
mnist,D_full,C-Poly,CLASSICAL_KERNEL_SCALING_BOUNDARY
mnist,D_full,C-RBF,CLASSICAL_KERNEL_SCALING_BOUNDARY
mnist,D_full,QK-IQP,QUADRATIC_SCALING_BOUNDARY
