dataset,method,budget_definition,nominal_budget,actual_state_preparations_per_image_mean,measurement_settings,measurement_groups,runs,primary_metric_mean,primary_metric_sd,delta_versus_exact,Brier,shot_uncertainty,status
breastmnist,PdrQC-Matched,total_state_preparations_per_image,8,8.0,7,7,15,0.6418128654970761,0.03676280096869579,-0.1428571428571428,0.3932214434480594,0.03439436272210344,COMPLETED
breastmnist,PdrQC-Matched,total_state_preparations_per_image,32,32.0,7,7,15,0.7141186299081035,0.017211660569270804,-0.07055137844611536,0.3527295523317799,0.016819619614262583,COMPLETED
breastmnist,PdrQC-Matched,total_state_preparations_per_image,128,128.0,7,7,15,0.7718880534670008,0.01174779209471134,-0.012781954887218006,0.3197023642204963,0.012414135315920699,COMPLETED
breastmnist,PdrQC-Matched,total_state_preparations_per_image,512,512.0,7,7,15,0.7849902534113061,0.008846511840237145,0.00032024505708727613,0.31027793974473544,0.009062565253113608,COMPLETED
breastmnist,QF-Product,total_state_preparations_per_image,1,1.0,1,1,15,0.5415204678362573,0.032942128524125876,-0.1606516290726817,0.39499710623668244,0.025679019888946206,COMPLETED
breastmnist,QF-Product,total_state_preparations_per_image,8,8.0,3,3,15,0.6272347535505429,0.03980571457391939,-0.07493734335839608,0.377083229570112,0.03369639374831356,COMPLETED
breastmnist,QF-Product,total_state_preparations_per_image,32,32.0,3,3,15,0.6732386521860206,0.02710433524798382,-0.028933444722918367,0.35146082165730547,0.025283377818061083,COMPLETED
breastmnist,QF-Product,total_state_preparations_per_image,128,128.0,3,3,15,0.7145363408521305,0.017880935135063225,0.012364243943191466,0.3339309840890488,0.01745282102496468,COMPLETED
breastmnist,QF-Product,total_state_preparations_per_image,512,512.0,3,3,15,0.6991645781119463,0.007379006420165805,-0.003007518796992681,0.3351444294752151,0.0072883617802959695,COMPLETED
breastmnist,QF-Ring,total_state_preparations_per_image,1,1.0,1,1,15,0.5588345864661655,0.038283368352221556,-0.12558479532163735,0.3995361842181746,0.032568408256167115,COMPLETED
breastmnist,QF-Ring,total_state_preparations_per_image,8,8.0,3,3,15,0.5852548036758564,0.05275794819100726,-0.09916457811194646,0.4104333370458917,0.05214986829870147,COMPLETED
breastmnist,QF-Ring,total_state_preparations_per_image,32,32.0,3,3,15,0.6447646895015317,0.03470008942482052,-0.039654692286271165,0.3820843913909384,0.03182397909960682,COMPLETED
breastmnist,QF-Ring,total_state_preparations_per_image,128,128.0,3,3,15,0.665580618212197,0.029438907219954513,-0.018838763575605766,0.3627427105812756,0.026109860097007904,COMPLETED
breastmnist,QF-Ring,total_state_preparations_per_image,512,512.0,3,3,15,0.6908939014202173,0.012301721539758805,0.0064745196324145216,0.35175998750991855,0.011987403921036385,COMPLETED
breastmnist,QK-IQP,shots_per_kernel_entry,32,17318.4,1,1,5,0.555889724310777,0.01467839466809985,0.009314954051796165,0.4119238459900768,0.014678394668099854,COMPLETED
breastmnist,QK-IQP,shots_per_kernel_entry,128,69888.0,1,1,5,0.5507101086048455,0.0235994669258973,0.004135338345864659,0.40107065852152973,0.023599466925897292,COMPLETED
breastmnist,QK-IQP,shots_per_kernel_entry,512,279552.0,1,1,5,0.5428153717627402,0.04399767437322735,-0.003759398496240629,0.4008729096824018,0.04399767437322737,COMPLETED
breastmnist,VQC-DR,total_state_preparations_per_image,1,1.0,1,1,15,0.5585143414090783,0.03653795581678748,-0.15806878306878303,0.5051609717251411,0.03233463115231365,COMPLETED
breastmnist,VQC-DR,total_state_preparations_per_image,8,8.0,1,1,15,0.6103104984683931,0.03721207873062159,-0.10627262600946819,0.4404627729957297,0.03405810314320102,COMPLETED
breastmnist,VQC-DR,total_state_preparations_per_image,32,32.0,1,1,15,0.6568226120857701,0.027965903309473603,-0.059760512392091236,0.38203224593509694,0.020885820977354825,COMPLETED
breastmnist,VQC-DR,total_state_preparations_per_image,128,128.0,1,1,15,0.6972431077694237,0.0442864226787256,-0.019340016708437657,0.35198910751482076,0.03519472949463436,COMPLETED
breastmnist,VQC-DR,total_state_preparations_per_image,512,512.0,1,1,15,0.7077137287663603,0.02053392800733838,-0.008869395711501027,0.34638624882153396,0.011866808255455392,COMPLETED
breastmnist,Yomo-Matched,total_state_preparations_per_image,1,1.0,1,1,15,0.5192982456140351,0.04322477958011645,0.05264550264550277,0.5047597013839751,0.04322347985388012,COMPLETED
breastmnist,Yomo-Matched,total_state_preparations_per_image,8,8.0,1,1,15,0.491318574213311,0.04042746412651556,0.024665831244778613,0.5038796662190403,0.04094511990412308,COMPLETED
breastmnist,Yomo-Matched,total_state_preparations_per_image,32,32.0,1,1,15,0.4843358395989974,0.05873014122296609,0.017683096630465023,0.5055007949657266,0.05942569309541123,COMPLETED
breastmnist,Yomo-Matched,total_state_preparations_per_image,128,128.0,1,1,15,0.4521929824561403,0.05282485346165751,-0.014459760512392061,0.5012968791514959,0.05187270396073235,COMPLETED
breastmnist,Yomo-Matched,total_state_preparations_per_image,512,512.0,1,1,15,0.46436229462545253,0.03197865656997567,-0.002290448343079843,0.50273366028081,0.030076965837626132,COMPLETED
cifar10,PdrQC-Matched,total_state_preparations_per_image,8,8.0,7,7,15,0.4901333333333333,0.008702353266844109,-0.19086666666666674,0.6825602972550514,0.008092643630459072,COMPLETED
cifar10,PdrQC-Matched,total_state_preparations_per_image,32,32.0,7,7,15,0.6192333333333334,0.004183584701231838,-0.061766666666666636,0.5128629639932102,0.004469678873899909,COMPLETED
cifar10,PdrQC-Matched,total_state_preparations_per_image,128,128.0,7,7,15,0.6625133333333332,0.003923895052234773,-0.018486666666666873,0.45744751850541426,0.004152891648233889,COMPLETED
cifar10,PdrQC-Matched,total_state_preparations_per_image,512,512.0,7,7,15,0.6758799999999998,0.0016371578159376432,-0.0051200000000002355,0.439146015497169,0.0015302971804087148,COMPLETED
cifar10,QF-Product,total_state_preparations_per_image,1,1.0,1,1,15,0.13031333333333334,0.003419871899578082,-0.2999866666666667,0.910896828337474,0.0032868013425555336,COMPLETED
cifar10,QF-Product,total_state_preparations_per_image,8,8.0,3,3,15,0.2953733333333333,0.00463595677698738,-0.1349266666666667,0.8468967429120238,0.0048615229939274855,COMPLETED
cifar10,QF-Product,total_state_preparations_per_image,32,32.0,3,3,15,0.37316000000000005,0.004720290547958136,-0.05713999999999997,0.7623208823604172,0.00486560839806667,COMPLETED
cifar10,QF-Product,total_state_preparations_per_image,128,128.0,3,3,15,0.41319999999999996,0.002370051235130347,-0.01710000000000006,0.7271111278814666,0.002487970958630039,COMPLETED
cifar10,QF-Product,total_state_preparations_per_image,512,512.0,3,3,15,0.42411333333333334,0.002058385867847033,-0.006186666666666674,0.7176831005927918,0.002081969050982905,COMPLETED
cifar10,QF-Ring,total_state_preparations_per_image,1,1.0,1,1,15,0.14606000000000002,0.003469211520133726,-0.21764,0.9200351730738171,0.0035652725820127288,COMPLETED
cifar10,QF-Ring,total_state_preparations_per_image,8,8.0,3,3,15,0.19447333333333333,0.005175556100785782,-0.1692266666666667,0.9106850026618172,0.0036904111384383834,COMPLETED
cifar10,QF-Ring,total_state_preparations_per_image,32,32.0,3,3,15,0.2676666666666667,0.003914381298798176,-0.0960333333333333,0.8448971989186768,0.0038415838333461035,COMPLETED
cifar10,QF-Ring,total_state_preparations_per_image,128,128.0,3,3,15,0.3238133333333334,0.0018882594656253672,-0.039886666666666626,0.8014775032326198,0.00196773290689115,COMPLETED
cifar10,QF-Ring,total_state_preparations_per_image,512,512.0,3,3,15,0.34943333333333343,0.0024537629023506655,-0.014266666666666594,0.7830260545876251,0.0019320085858971388,COMPLETED
cifar10,QK-IQP,shots_per_kernel_entry,32,160000.0,1,1,5,0.1078,0.001962141687034857,-0.006999999999999992,0.9000457683210236,0.0019621416870348575,COMPLETED
cifar10,QK-IQP,shots_per_kernel_entry,128,640000.0,1,1,5,0.1095,0.0020832666655999695,-0.005299999999999999,0.8999136157350227,0.0020832666655999695,COMPLETED
cifar10,QK-IQP,shots_per_kernel_entry,512,2560000.0,1,1,5,0.1125,0.0011999999999999986,-0.0022999999999999965,0.8998191076863848,0.001200000000000003,COMPLETED
cifar10,VQC-DR,total_state_preparations_per_image,1,1.0,1,1,15,0.17414666666666667,0.006143273518557475,-0.2456866666666666,0.966390103961918,0.0030276969923672043,COMPLETED
cifar10,VQC-DR,total_state_preparations_per_image,8,8.0,1,1,15,0.23747999999999997,0.003455058403475778,-0.1823533333333333,0.917674730308493,0.002846931627804153,COMPLETED
cifar10,VQC-DR,total_state_preparations_per_image,32,32.0,1,1,15,0.3063333333333333,0.005022757732371256,-0.11349999999999999,0.8144513150419598,0.004093989287927062,COMPLETED
cifar10,VQC-DR,total_state_preparations_per_image,128,128.0,1,1,15,0.3689666666666668,0.007735693400138888,-0.050866666666666505,0.7382607140290051,0.0045195302528506275,COMPLETED
cifar10,VQC-DR,total_state_preparations_per_image,512,512.0,1,1,15,0.40442666666666666,0.008673067233574016,-0.015406666666666624,0.7078419302712435,0.003202990109097635,COMPLETED
cifar10,Yomo-Matched,total_state_preparations_per_image,1,1.0,1,1,15,0.14314,0.004468748626373416,-0.1377266666666666,0.9608403824738562,0.0032085834848361804,COMPLETED
cifar10,Yomo-Matched,total_state_preparations_per_image,8,8.0,1,1,15,0.17927333333333334,0.009762645035810643,-0.10159333333333326,0.908251625319537,0.0048745937126039125,COMPLETED
cifar10,Yomo-Matched,total_state_preparations_per_image,32,32.0,1,1,15,0.22169333333333333,0.01066224759652128,-0.05917333333333327,0.8896608047560367,0.00319076701095127,COMPLETED
cifar10,Yomo-Matched,total_state_preparations_per_image,128,128.0,1,1,15,0.25562666666666667,0.012941487365758826,-0.02523999999999993,0.8507683695241229,0.0025121009090688434,COMPLETED
cifar10,Yomo-Matched,total_state_preparations_per_image,512,512.0,1,1,15,0.27165999999999996,0.011835527630220555,-0.00920666666666664,0.840398336275325,0.0027767970716520234,COMPLETED
fashion_mnist,PdrQC-Matched,total_state_preparations_per_image,8,8.0,6,6,15,0.5982333333333333,0.011853611063220158,-0.17356666666666676,0.5460332165434963,0.010439388076596124,COMPLETED
fashion_mnist,PdrQC-Matched,total_state_preparations_per_image,32,32.0,6,6,15,0.7132733333333333,0.002709102821090054,-0.05852666666666673,0.38830254644428114,0.002434144208809928,COMPLETED
fashion_mnist,PdrQC-Matched,total_state_preparations_per_image,128,128.0,6,6,15,0.7502800000000001,0.002832263103194036,-0.021519999999999984,0.340856482083049,0.0025972887737735766,COMPLETED
fashion_mnist,PdrQC-Matched,total_state_preparations_per_image,512,512.0,6,6,15,0.7652133333333334,0.0021556790997160143,-0.00658666666666663,0.32330232408642473,0.0020994155900999375,COMPLETED
fashion_mnist,QF-Product,total_state_preparations_per_image,1,1.0,1,1,15,0.16884000000000002,0.0033429670311608765,-0.41366,0.9430631130675073,0.0033546115718446974,COMPLETED
fashion_mnist,QF-Product,total_state_preparations_per_image,8,8.0,3,3,15,0.38619333333333333,0.006287341780646781,-0.19630666666666668,0.7792200213641025,0.006047506699291587,COMPLETED
fashion_mnist,QF-Product,total_state_preparations_per_image,32,32.0,3,3,15,0.5019066666666666,0.003076284091159958,-0.0805933333333334,0.6368043974272003,0.0028018370313729183,COMPLETED
fashion_mnist,QF-Product,total_state_preparations_per_image,128,128.0,3,3,15,0.5562666666666666,0.0022610574854215787,-0.026233333333333442,0.5743615723215235,0.0021632437074051722,COMPLETED
fashion_mnist,QF-Product,total_state_preparations_per_image,512,512.0,3,3,15,0.5749000000000001,0.0015815905195178063,-0.00759999999999994,0.5525322426305895,0.0016418839832410906,COMPLETED
fashion_mnist,QF-Ring,total_state_preparations_per_image,1,1.0,1,1,15,0.20535333333333336,0.0032908675943905015,-0.38374666666666657,0.9646794918362313,0.0030807278591334446,COMPLETED
fashion_mnist,QF-Ring,total_state_preparations_per_image,8,8.0,3,3,15,0.31899999999999995,0.006832694511370621,-0.2701,0.8637032362149683,0.00486089970066926,COMPLETED
fashion_mnist,QF-Ring,total_state_preparations_per_image,32,32.0,3,3,15,0.4536733333333333,0.002907248740320516,-0.13542666666666664,0.6955835328824993,0.0027523317361831333,COMPLETED
fashion_mnist,QF-Ring,total_state_preparations_per_image,128,128.0,3,3,15,0.5321533333333334,0.0029555919558565155,-0.05694666666666659,0.6061137979374591,0.00261167639415735,COMPLETED
fashion_mnist,QF-Ring,total_state_preparations_per_image,512,512.0,3,3,15,0.5666599999999999,0.0021480223462524723,-0.022440000000000015,0.564868077800258,0.002117037833285715,COMPLETED
fashion_mnist,QK-IQP,shots_per_kernel_entry,32,159980.8,1,1,5,0.12087999999999999,0.004698616817745415,-0.013819999999999999,0.9018689070992977,0.004698616817745415,COMPLETED
fashion_mnist,QK-IQP,shots_per_kernel_entry,128,639923.2,1,1,5,0.1292,0.0021166010488516684,-0.005499999999999977,0.8996477207843464,0.002116601048851668,COMPLETED
fashion_mnist,QK-IQP,shots_per_kernel_entry,512,2559897.6,1,1,5,0.13456,0.0022831995094603525,-0.00013999999999997348,0.8982964432803497,0.0022831995094603503,COMPLETED
fashion_mnist,VQC-DR,total_state_preparations_per_image,1,1.0,1,1,15,0.16722666666666666,0.008856350963063305,-0.35234,0.9648826054357613,0.003742182813980286,COMPLETED
fashion_mnist,VQC-DR,total_state_preparations_per_image,8,8.0,1,1,15,0.25050666666666666,0.011405541677289206,-0.26905999999999997,0.9394330254677516,0.00423811014537689,COMPLETED
fashion_mnist,VQC-DR,total_state_preparations_per_image,32,32.0,1,1,15,0.3462133333333334,0.01847035720385763,-0.17335333333333325,0.8089564959997573,0.0034185801952390273,COMPLETED
fashion_mnist,VQC-DR,total_state_preparations_per_image,128,128.0,1,1,15,0.4406333333333333,0.02072216434733822,-0.0789333333333333,0.6876895068849075,0.0034121935965110693,COMPLETED
fashion_mnist,VQC-DR,total_state_preparations_per_image,512,512.0,1,1,15,0.4949799999999999,0.017253413740888665,-0.0245866666666667,0.6335551599152719,0.0024281544410653774,COMPLETED
fashion_mnist,Yomo-Matched,total_state_preparations_per_image,1,1.0,1,1,15,0.14764666666666665,0.006256752542729526,-0.16071999999999997,0.9737320567945521,0.0024688290013182017,COMPLETED
fashion_mnist,Yomo-Matched,total_state_preparations_per_image,8,8.0,1,1,15,0.18349333333333334,0.009894332191907114,-0.12487333333333328,0.9062336831013427,0.002701186720103324,COMPLETED
fashion_mnist,Yomo-Matched,total_state_preparations_per_image,32,32.0,1,1,15,0.22821999999999998,0.0166042679539242,-0.08014666666666664,0.8844706493376885,0.0035326553840611535,COMPLETED
fashion_mnist,Yomo-Matched,total_state_preparations_per_image,128,128.0,1,1,15,0.27107333333333333,0.016748836491217046,-0.03729333333333329,0.8388920107742501,0.0031505239357558796,COMPLETED
fashion_mnist,Yomo-Matched,total_state_preparations_per_image,512,512.0,1,1,15,0.2933,0.019538898930814175,-0.015066666666666617,0.8273674651195276,0.0020310196716839847,COMPLETED
mnist,PdrQC-Matched,total_state_preparations_per_image,8,8.0,6,6,15,0.5901666666666667,0.01142432659263723,-0.20323333333333327,0.561997015198862,0.009648385683891696,COMPLETED
mnist,PdrQC-Matched,total_state_preparations_per_image,32,32.0,6,6,15,0.7315133333333333,0.0031997470138092053,-0.061886666666666645,0.36928915452052435,0.003347026431199379,COMPLETED
mnist,PdrQC-Matched,total_state_preparations_per_image,128,128.0,6,6,15,0.7747533333333333,0.001189157364731548,-0.0186466666666667,0.31065807159395337,0.001136072746703808,COMPLETED
mnist,PdrQC-Matched,total_state_preparations_per_image,512,512.0,6,6,15,0.78842,0.0011014276449875704,-0.0049799999999999844,0.288985750400921,0.001061000983955506,COMPLETED
mnist,QF-Product,total_state_preparations_per_image,1,1.0,1,1,15,0.13409333333333334,0.004185940185680543,-0.36280666666666667,0.9039215607316382,0.0031980418145332585,COMPLETED
mnist,QF-Product,total_state_preparations_per_image,8,8.0,3,3,15,0.3374400000000001,0.006534501839139249,-0.15945999999999994,0.8151058566318363,0.0060748042740312695,COMPLETED
mnist,QF-Product,total_state_preparations_per_image,32,32.0,3,3,15,0.43454666666666664,0.0027294339200298456,-0.06235333333333337,0.6979932780783352,0.002527473646851739,COMPLETED
mnist,QF-Product,total_state_preparations_per_image,128,128.0,3,3,15,0.4772933333333334,0.001992294680823618,-0.019606666666666606,0.6493798812649104,0.0015086264858805334,COMPLETED
mnist,QF-Product,total_state_preparations_per_image,512,512.0,3,3,15,0.49224,0.0019260618592647247,-0.0046599999999999975,0.6322979927860969,0.001986619478732921,COMPLETED
mnist,QF-Ring,total_state_preparations_per_image,1,1.0,1,1,15,0.15261333333333335,0.003864650541707985,-0.26948666666666665,0.915879184075081,0.003984435225545428,COMPLETED
mnist,QF-Ring,total_state_preparations_per_image,8,8.0,3,3,15,0.22133999999999998,0.00494740913437095,-0.20076,0.9157891414309028,0.005089395372959982,COMPLETED
mnist,QF-Ring,total_state_preparations_per_image,32,32.0,3,3,15,0.31038,0.0031668370881460213,-0.11171999999999999,0.8179451592924316,0.00275676864820973,COMPLETED
mnist,QF-Ring,total_state_preparations_per_image,128,128.0,3,3,15,0.37621333333333334,0.002276547093004381,-0.04588666666666663,0.7529733915572625,0.002033296689486142,COMPLETED
mnist,QF-Ring,total_state_preparations_per_image,512,512.0,3,3,15,0.40782,0.0017656241308468216,-0.01427999999999996,0.7246110251665648,0.0015416760618451985,COMPLETED
mnist,QK-IQP,shots_per_kernel_entry,32,160000.0,1,1,5,0.10289999999999999,0.0025913317039699905,-0.005600000000000008,0.9003465854467969,0.002591331703969989,COMPLETED
mnist,QK-IQP,shots_per_kernel_entry,128,640000.0,1,1,5,0.10535999999999998,0.0014724129855444791,-0.0031400000000000178,0.8999603486950278,0.0014724129855444804,COMPLETED
mnist,QK-IQP,shots_per_kernel_entry,512,2560000.0,1,1,5,0.10736000000000001,0.0030639843341636066,-0.0011399999999999882,0.8998754651720139,0.003063984334163607,COMPLETED
mnist,VQC-DR,total_state_preparations_per_image,1,1.0,1,1,15,0.17871999999999996,0.004524567856239343,-0.23454666666666665,0.9492958817620811,0.0036844242422095254,COMPLETED
mnist,VQC-DR,total_state_preparations_per_image,8,8.0,1,1,15,0.22891999999999998,0.0043379060122861815,-0.18434666666666663,0.9200309722472116,0.004200488067283352,COMPLETED
mnist,VQC-DR,total_state_preparations_per_image,32,32.0,1,1,15,0.29548,0.004782139389735224,-0.1177866666666666,0.8220945234889238,0.0027550318978631105,COMPLETED
mnist,VQC-DR,total_state_preparations_per_image,128,128.0,1,1,15,0.35482666666666673,0.005105944248292051,-0.05843999999999988,0.7422192173265062,0.0030538931540615988,COMPLETED
mnist,VQC-DR,total_state_preparations_per_image,512,512.0,1,1,15,0.3892,0.004608687448721163,-0.024066666666666625,0.709602561294108,0.0019221103952991871,COMPLETED
mnist,Yomo-Matched,total_state_preparations_per_image,1,1.0,1,1,15,0.12911999999999998,0.002038626988931521,-0.10907999999999993,0.9256455556381639,0.0015533480237346778,COMPLETED
mnist,Yomo-Matched,total_state_preparations_per_image,8,8.0,1,1,15,0.1525533333333333,0.005602660932432868,-0.08564666666666662,0.9088822231395522,0.004857607552060743,COMPLETED
mnist,Yomo-Matched,total_state_preparations_per_image,32,32.0,1,1,15,0.18312000000000003,0.006503647328340353,-0.05507999999999988,0.8944054387306638,0.0031686168533131636,COMPLETED
mnist,Yomo-Matched,total_state_preparations_per_image,128,128.0,1,1,15,0.21140666666666666,0.007612345862072317,-0.026793333333333252,0.8696007026101965,0.0033627859243485444,COMPLETED
mnist,Yomo-Matched,total_state_preparations_per_image,512,512.0,1,1,15,0.22746000000000002,0.007595938764516582,-0.010739999999999889,0.8620766946346526,0.0018763189253033707,COMPLETED
