dataset,scale_A,scale_B,common_methods,spearman_rho
mnist,D_1k,D_5k,14,0.8681318681318682
mnist,D_1k,D_10k,14,0.8681318681318682
mnist,D_1k,D_full,11,0.8363636363636365
mnist,D_5k,D_10k,14,1.0
mnist,D_5k,D_full,11,0.9636363636363637
mnist,D_10k,D_full,11,0.9636363636363637
fashion_mnist,D_1k,D_5k,14,0.9208791208791209
fashion_mnist,D_1k,D_10k,14,0.9472527472527472
fashion_mnist,D_1k,D_full,11,0.8000000000000002
fashion_mnist,D_5k,D_10k,14,0.9868131868131869
fashion_mnist,D_5k,D_full,11,0.8545454545454546
fashion_mnist,D_10k,D_full,11,0.8909090909090911
cifar10,D_1k,D_5k,14,0.9912087912087912
cifar10,D_1k,D_10k,14,0.956043956043956
cifar10,D_1k,D_full,11,0.9181818181818183
cifar10,D_5k,D_10k,14,0.9780219780219781
cifar10,D_5k,D_full,11,0.9181818181818183
cifar10,D_10k,D_full,11,0.9636363636363637
breastmnist,D_25pct,D_50pct,14,0.8822887627145183
breastmnist,D_25pct,D_100pct,14,0.842684778353268
breastmnist,D_50pct,D_100pct,14,0.8711453744493391
