dataset,method,setting,shot_budget,error_detection_auroc,aurc,risk_100,risk_90,risk_80
breastmnist,C-CNN,exact,exact,0.7242063492063492,0.2728186693033474,0.46153846153846156,0.45390070921985815,0.408
breastmnist,C-LR,exact,exact,0.6643145161290323,0.1302882827909148,0.20512820512820512,0.19148936170212766,0.152
breastmnist,C-MLP,exact,exact,0.6862176628010704,0.13316751748657496,0.24358974358974358,0.2127659574468085,0.208
breastmnist,C-Poly,exact,exact,0.7002314814814814,0.1705752782902673,0.3076923076923077,0.3049645390070922,0.264
breastmnist,C-RBF,exact,exact,0.7226890756302522,0.14687548135620693,0.23717948717948717,0.19148936170212766,0.136
breastmnist,C-RFF,exact,exact,0.7109799291617473,0.11667351425700881,0.22435897435897437,0.2127659574468085,0.176
breastmnist,C-ResNet,exact,exact,0.6798805321748574,0.11779556596482008,0.1858974358974359,0.14184397163120568,0.144
breastmnist,C-Trig,exact,exact,0.6546293782242737,0.12576696078798094,0.1858974358974359,0.16312056737588654,0.144
breastmnist,PdrQC-Matched,exact,exact,0.7011579206701158,0.11699129189334262,0.21153846153846154,0.18439716312056736,0.168
breastmnist,QF-Product,exact,exact,0.6560344827586208,0.17249204326929565,0.2564102564102564,0.24822695035460993,0.2
breastmnist,QF-Ring,exact,exact,0.7373584905660376,0.19194132316818702,0.32051282051282054,0.2765957446808511,0.256
breastmnist,QK-IQP,exact,exact,0.6882059800664452,0.342967866316656,0.44871794871794873,0.44680851063829785,0.408
breastmnist,VQC-DR,exact,exact,0.6613931523022433,0.14192500601384334,0.22435897435897437,0.2127659574468085,0.176
breastmnist,Yomo-Matched,exact,exact,0.32275132275132273,0.5537183665869296,0.40384615384615385,0.425531914893617,0.44
cifar10,C-CNN,exact,exact,0.6294053741586406,0.5130249882685959,0.6182,0.6011111111111112,0.585
cifar10,C-LR,exact,exact,0.7737133590155378,0.12873454082171812,0.2911,0.25344444444444447,0.218875
cifar10,C-MLP,exact,exact,0.7516171323643344,0.1456648753493561,0.3031,0.2678888888888889,0.236875
cifar10,C-Poly,exact,exact,0.6186205188608015,0.22738853190497887,0.2925,0.2713333333333333,0.2595
cifar10,C-RBF,exact,exact,0.6380298902352664,0.21081374901629235,0.284,0.2597777777777778,0.2445
cifar10,C-RFF,exact,exact,0.7643538346807924,0.13133636104586924,0.2893,0.2558888888888889,0.222375
cifar10,C-ResNet,exact,exact,0.8647593038349823,0.036815347392853456,0.1529,0.10944444444444444,0.075
cifar10,C-Trig,exact,exact,0.7578413636711088,0.1428432045149558,0.3019,0.267,0.234875
cifar10,PdrQC-Matched,exact,exact,0.7505829063842128,0.15791256791604624,0.319,0.28355555555555556,0.25525
cifar10,QF-Product,exact,exact,0.6824206844109193,0.4179628341125806,0.5697,0.5472222222222223,0.525875
cifar10,QF-Ring,exact,exact,0.6588861289994037,0.5022399362142127,0.6363,0.6185555555555555,0.597875
cifar10,QK-IQP,exact,exact,0.504175713356772,0.8799940257683927,0.8852,0.885,0.886
cifar10,VQC-DR,exact,exact,0.6887429251673756,0.4022268189447479,0.5605,0.5383333333333333,0.513375
cifar10,Yomo-Matched,exact,exact,0.6116991413489609,0.6135833269156525,0.6874,0.6711111111111111,0.65725
fashion_mnist,C-CNN,exact,exact,0.8333385634853818,0.08316475393751677,0.2536,0.21044444444444443,0.173
fashion_mnist,C-LR,exact,exact,0.8360370093977278,0.07315201077450957,0.2348,0.1928888888888889,0.152375
fashion_mnist,C-MLP,exact,exact,0.8258825885888432,0.07835616427217887,0.2389,0.19844444444444445,0.161125
fashion_mnist,C-Poly,exact,exact,0.6992848331766918,0.12384124070857133,0.2128,0.17922222222222223,0.158
fashion_mnist,C-RBF,exact,exact,0.7002479719257891,0.12450972483061816,0.2063,0.17944444444444443,0.1555
fashion_mnist,C-RFF,exact,exact,0.8319161567599069,0.06341993682131568,0.208,0.16855555555555554,0.13125
fashion_mnist,C-ResNet,exact,exact,0.8686316236460515,0.029826815664729493,0.1353,0.09488888888888888,0.06275
fashion_mnist,C-Trig,exact,exact,0.8319034068877474,0.06510381565668699,0.213,0.17222222222222222,0.138875
fashion_mnist,PdrQC-Matched,exact,exact,0.8294788875794635,0.0723267486215437,0.2282,0.18833333333333332,0.15025
fashion_mnist,QF-Product,exact,exact,0.7748562206059983,0.2109798499114393,0.4175,0.381,0.348125
fashion_mnist,QF-Ring,exact,exact,0.7692741244476243,0.20890094147985533,0.4109,0.37233333333333335,0.338625
fashion_mnist,QK-IQP,exact,exact,0.5582100470066254,0.8411065963916862,0.8653,0.8617777777777778,0.858875
fashion_mnist,VQC-DR,exact,exact,0.7117241886459458,0.24749957698954064,0.4172,0.3874444444444444,0.3655
fashion_mnist,Yomo-Matched,exact,exact,0.6678125583961811,0.4495461878028534,0.5849,0.5633333333333334,0.5375
mnist,C-CNN,exact,exact,0.9138839369827672,0.011832975677940935,0.0844,0.044333333333333336,0.01825
mnist,C-LR,exact,exact,0.8338997962377757,0.0577254531429953,0.1969,0.15866666666666668,0.124125
mnist,C-MLP,exact,exact,0.8181525802704557,0.06385631911900584,0.2024,0.164,0.134
mnist,C-Poly,exact,exact,0.6591452536700064,0.11058526314658076,0.1753,0.1501111111111111,0.140125
mnist,C-RBF,exact,exact,0.7352375683975758,0.07997300661500983,0.1557,0.12033333333333333,0.101
mnist,C-RFF,exact,exact,0.8494875992420204,0.04102787163910057,0.1601,0.12166666666666667,0.092125
mnist,C-ResNet,exact,exact,0.9577529328394837,0.002310819862331074,0.0363,0.0071111111111111115,0.001875
mnist,C-Trig,exact,exact,0.8502699721460848,0.044633766668578205,0.1703,0.1298888888888889,0.096375
mnist,PdrQC-Matched,exact,exact,0.8394570428689155,0.06096386094070672,0.2066,0.16344444444444445,0.129
mnist,QF-Product,exact,exact,0.7475568960870856,0.29172790746634303,0.5031,0.475,0.44425
mnist,QF-Ring,exact,exact,0.6968867787890859,0.39570598963946424,0.5779,0.5573333333333333,0.535
mnist,QK-IQP,exact,exact,0.5187283897330394,0.8845737863144261,0.8915,0.8888888888888888,0.889375
mnist,VQC-DR,exact,exact,0.7549038500295238,0.319723778074264,0.5302,0.498,0.463125
mnist,Yomo-Matched,exact,exact,0.6467557218022697,0.6241856401242151,0.7372,0.7247777777777777,0.709625
breastmnist,PdrQC-Matched,finite_shot,8,0.6924708377518557,0.1762287400445349,0.26282051282051283,0.24113475177304963,0.208
breastmnist,PdrQC-Matched,finite_shot,32,0.7060660124888493,0.1404598947031861,0.24358974358974358,0.2127659574468085,0.184
breastmnist,PdrQC-Matched,finite_shot,128,0.7224537037037037,0.11919502505774973,0.23076923076923078,0.20567375886524822,0.184
breastmnist,PdrQC-Matched,finite_shot,512,0.690524193548387,0.11731745721009376,0.20512820512820512,0.18439716312056736,0.168
breastmnist,QF-Product,finite_shot,1,0.7352890422778258,0.23679066845576235,0.391025641025641,0.36879432624113473,0.32
breastmnist,QF-Product,finite_shot,8,0.6833928571428571,0.2205892006905787,0.358974358974359,0.375886524822695,0.352
breastmnist,QF-Product,finite_shot,32,0.6734182098765432,0.19896800738435572,0.3076923076923077,0.3191489361702128,0.272
breastmnist,QF-Product,finite_shot,128,0.6706896551724139,0.16281223587451363,0.2564102564102564,0.2553191489361702,0.208
breastmnist,QF-Product,finite_shot,512,0.64049955396967,0.1708181112155238,0.24358974358974358,0.24113475177304963,0.192
breastmnist,QF-Ring,finite_shot,1,0.778125,0.19251847718485388,0.38461538461538464,0.3617021276595745,0.304
breastmnist,QF-Ring,finite_shot,8,0.6566416040100251,0.1955979684627983,0.2692307692307692,0.23404255319148937,0.216
breastmnist,QF-Ring,finite_shot,32,0.7368827160493827,0.19134794514740722,0.3076923076923077,0.2765957446808511,0.232
breastmnist,QF-Ring,finite_shot,128,0.701542065196174,0.1928393680362217,0.30128205128205127,0.28368794326241137,0.232
breastmnist,QF-Ring,finite_shot,512,0.7307224025974026,0.16753769712364222,0.28205128205128205,0.24822695035460993,0.2
breastmnist,QK-IQP,finite_shot,32,0.7032098765432099,0.33875709840179896,0.4807692307692308,0.475177304964539,0.44
breastmnist,QK-IQP,finite_shot,128,0.6703296703296704,0.33025660283042396,0.4166666666666667,0.41843971631205673,0.368
breastmnist,QK-IQP,finite_shot,512,0.6734156378600823,0.4017176999621882,0.5192307692307693,0.5177304964539007,0.496
breastmnist,VQC-DR,finite_shot,1,0.6605761316872428,0.3470183396645592,0.5192307692307693,0.5319148936170213,0.512
breastmnist,VQC-DR,finite_shot,8,0.6354166666666667,0.15954743968104002,0.23076923076923078,0.2198581560283688,0.184
breastmnist,VQC-DR,finite_shot,32,0.657175925925926,0.14461000765710585,0.23076923076923078,0.2127659574468085,0.176
breastmnist,VQC-DR,finite_shot,128,0.6763570292982056,0.14036414040175657,0.23717948717948717,0.22695035460992907,0.192
breastmnist,VQC-DR,finite_shot,512,0.676129911424029,0.1447060147597182,0.23717948717948717,0.23404255319148937,0.184
breastmnist,Yomo-Matched,finite_shot,1,0.6034714070098944,0.5212888007970746,0.5705128205128205,0.5319148936170213,0.504
breastmnist,Yomo-Matched,finite_shot,8,0.4016784283806981,0.36442811661059576,0.3141025641025641,0.3120567375886525,0.328
breastmnist,Yomo-Matched,finite_shot,32,0.4307085319743547,0.5610090748628802,0.4935897435897436,0.49645390070921985,0.544
breastmnist,Yomo-Matched,finite_shot,128,0.5302699983229918,0.5939349300317462,0.5705128205128205,0.5460992907801419,0.528
breastmnist,Yomo-Matched,finite_shot,512,0.3007892930679479,0.5520824360027166,0.3974358974358974,0.425531914893617,0.448
cifar10,PdrQC-Matched,finite_shot,8,0.6997496585817256,0.23211169604320359,0.3755,0.3422222222222222,0.316625
cifar10,PdrQC-Matched,finite_shot,32,0.729047632389824,0.1818463887969734,0.3348,0.30133333333333334,0.27
cifar10,PdrQC-Matched,finite_shot,128,0.7411371783821443,0.16462419818230736,0.3233,0.29033333333333333,0.26075
cifar10,PdrQC-Matched,finite_shot,512,0.7483380068119772,0.15917436366902601,0.3192,0.2841111111111111,0.255
cifar10,QF-Product,finite_shot,1,0.5551562642366326,0.8117857791827348,0.8388,0.8352222222222222,0.83075
cifar10,QF-Product,finite_shot,8,0.661642421453468,0.48626964531844963,0.6216,0.6025555555555555,0.58225
cifar10,QF-Product,finite_shot,32,0.6744439764029708,0.44026775971430454,0.5841,0.562,0.54175
cifar10,QF-Product,finite_shot,128,0.6823619503065554,0.4201490552453195,0.5724,0.5491111111111111,0.52825
cifar10,QF-Product,finite_shot,512,0.6821295015997465,0.4195896077662021,0.5709,0.5485555555555556,0.526375
cifar10,QF-Ring,finite_shot,1,0.5929848277117268,0.7518010590892157,0.8108,0.8047777777777778,0.79675
cifar10,QF-Ring,finite_shot,8,0.6192317484467802,0.6336615452117567,0.7312,0.7217777777777777,0.710625
cifar10,QF-Ring,finite_shot,32,0.6579766424321157,0.5549485066745647,0.6809,0.6644444444444444,0.647375
cifar10,QF-Ring,finite_shot,128,0.6659220615269221,0.5145230627664995,0.6499,0.6305555555555555,0.611875
cifar10,QF-Ring,finite_shot,512,0.6639800881864588,0.501962979178632,0.6385,0.6184444444444445,0.59725
cifar10,QK-IQP,finite_shot,32,0.5160220806133331,0.8888545906515022,0.8929,0.8926666666666667,0.891125
cifar10,QK-IQP,finite_shot,128,0.4929151584620335,0.8880788100935423,0.888,0.8892222222222222,0.889125
cifar10,QK-IQP,finite_shot,512,0.5073296709576591,0.8828028030396086,0.8865,0.8872222222222222,0.887375
cifar10,VQC-DR,finite_shot,1,0.6825274514098093,0.6215566104702162,0.7523,0.7393333333333333,0.7215
cifar10,VQC-DR,finite_shot,8,0.7312193664108437,0.4841195343559021,0.6592,0.6363333333333333,0.609875
cifar10,VQC-DR,finite_shot,32,0.6974139932826069,0.44136058408795753,0.5976,0.574,0.54675
cifar10,VQC-DR,finite_shot,128,0.6811165798436508,0.40911044162076127,0.5613,0.5386666666666666,0.515
cifar10,VQC-DR,finite_shot,512,0.6859814430266339,0.4018390620267621,0.5571,0.534,0.510625
cifar10,Yomo-Matched,finite_shot,1,0.5878617788429276,0.7425573932824343,0.7934,0.7861111111111111,0.778125
cifar10,Yomo-Matched,finite_shot,8,0.605498389610985,0.6631386686968392,0.7336,0.7204444444444444,0.70975
cifar10,Yomo-Matched,finite_shot,32,0.5994732101251378,0.6418339118255662,0.7058,0.6928888888888889,0.68275
cifar10,Yomo-Matched,finite_shot,128,0.6115730412081865,0.616732143145948,0.6919,0.6762222222222222,0.664
cifar10,Yomo-Matched,finite_shot,512,0.6101951138079532,0.6165207005224503,0.6887,0.6728888888888889,0.660375
fashion_mnist,PdrQC-Matched,finite_shot,8,0.7631621081348777,0.12884100539396942,0.2852,0.2501111111111111,0.21675
fashion_mnist,PdrQC-Matched,finite_shot,32,0.8075608405715792,0.08765596350913396,0.2457,0.20944444444444443,0.175
fashion_mnist,PdrQC-Matched,finite_shot,128,0.8236737297841157,0.0758661766656679,0.2315,0.19077777777777777,0.155
fashion_mnist,PdrQC-Matched,finite_shot,512,0.8283042630174513,0.07310073104599238,0.2289,0.18911111111111112,0.15075
fashion_mnist,QF-Product,finite_shot,1,0.6153071084915779,0.6990734156668765,0.7805,0.7698888888888888,0.762875
fashion_mnist,QF-Product,finite_shot,8,0.7435385158646501,0.2976380600266091,0.5004,0.47,0.439375
fashion_mnist,QF-Product,finite_shot,32,0.7662252253654387,0.23609170911438782,0.4428,0.4067777777777778,0.373375
fashion_mnist,QF-Product,finite_shot,128,0.7713387257161949,0.21641639246801694,0.4218,0.3874444444444444,0.3505
fashion_mnist,QF-Product,finite_shot,512,0.7739593902373901,0.21248954119430216,0.419,0.38322222222222224,0.349375
fashion_mnist,QF-Ring,finite_shot,1,0.6605224743996907,0.5866594915399319,0.7159,0.7022222222222222,0.686625
fashion_mnist,QF-Ring,finite_shot,8,0.7161033032258346,0.3595245645016486,0.5503,0.5253333333333333,0.49975
fashion_mnist,QF-Ring,finite_shot,32,0.7440420833030155,0.26860690519684494,0.4667,0.43366666666666664,0.4015
fashion_mnist,QF-Ring,finite_shot,128,0.755867966380447,0.22911492491573165,0.4279,0.3932222222222222,0.359
fashion_mnist,QF-Ring,finite_shot,512,0.7683885324524228,0.21651271245252807,0.4203,0.38155555555555554,0.344125
fashion_mnist,QK-IQP,finite_shot,32,0.5385610265773418,0.8544748848216276,0.8696,0.8677777777777778,0.867
fashion_mnist,QK-IQP,finite_shot,128,0.5520016062058708,0.8462903159580235,0.8664,0.8621111111111112,0.859
fashion_mnist,QK-IQP,finite_shot,512,0.5402775422821666,0.8496049143774803,0.865,0.8616666666666667,0.860125
fashion_mnist,VQC-DR,finite_shot,1,0.6529020063544435,0.5889801063097753,0.7097,0.6936666666666667,0.67975
fashion_mnist,VQC-DR,finite_shot,8,0.7348600422911679,0.3920263290144024,0.5707,0.5397777777777778,0.507625
fashion_mnist,VQC-DR,finite_shot,32,0.722782164321203,0.3059296080109115,0.4772,0.44555555555555554,0.40925
fashion_mnist,VQC-DR,finite_shot,128,0.7003584388801773,0.2636718732483523,0.4237,0.39666666666666667,0.370625
fashion_mnist,VQC-DR,finite_shot,512,0.7051172043186292,0.24996711151083323,0.4138,0.3857777777777778,0.3605
fashion_mnist,Yomo-Matched,finite_shot,1,0.5909618411069764,0.7141564210858177,0.7775,0.7693333333333333,0.7635
fashion_mnist,Yomo-Matched,finite_shot,8,0.6045559904508107,0.6147269097694386,0.684,0.6696666666666666,0.655875
fashion_mnist,Yomo-Matched,finite_shot,32,0.6163322540437541,0.5484721645488178,0.6244,0.6053333333333333,0.588875
fashion_mnist,Yomo-Matched,finite_shot,128,0.6668574379876884,0.4649151968457488,0.5964,0.5741111111111111,0.549125
fashion_mnist,Yomo-Matched,finite_shot,512,0.661760922654115,0.4568955453222817,0.5865,0.5654444444444444,0.541125
mnist,PdrQC-Matched,finite_shot,8,0.768656180055488,0.12237647318958503,0.2775,0.24166666666666667,0.206875
mnist,PdrQC-Matched,finite_shot,32,0.8053198859759385,0.07688151456732631,0.2206,0.18222222222222223,0.147875
mnist,PdrQC-Matched,finite_shot,128,0.8275843726824308,0.06565140664386508,0.2105,0.16822222222222222,0.135625
mnist,PdrQC-Matched,finite_shot,512,0.8365212716178169,0.062009917605920985,0.2074,0.1638888888888889,0.130625
mnist,QF-Product,finite_shot,1,0.6022881485664873,0.7789280627092171,0.8386,0.8326666666666667,0.827
mnist,QF-Product,finite_shot,8,0.7209351490068467,0.37677312657530426,0.5702,0.5444444444444444,0.516
mnist,QF-Product,finite_shot,32,0.7370152663864651,0.3194443809648563,0.5227,0.49566666666666664,0.464375
mnist,QF-Product,finite_shot,128,0.7447210239442718,0.29632084325871627,0.5057,0.477,0.4465
mnist,QF-Product,finite_shot,512,0.7481310762946818,0.2923523772652651,0.5039,0.4762222222222222,0.44525
mnist,QF-Ring,finite_shot,1,0.5873517189312796,0.7344187984998674,0.7963,0.791,0.784875
mnist,QF-Ring,finite_shot,8,0.6625534359203734,0.5472482355955222,0.6909,0.6761111111111111,0.66025
mnist,QF-Ring,finite_shot,32,0.6894289286610045,0.44950390531449946,0.6233,0.6026666666666667,0.5835
mnist,QF-Ring,finite_shot,128,0.6981655160300324,0.40885782126372006,0.5909,0.5695555555555556,0.546125
mnist,QF-Ring,finite_shot,512,0.695662123535052,0.3961198266342122,0.5771,0.5561111111111111,0.531625
mnist,QK-IQP,finite_shot,32,0.5135790487719138,0.8862309941832625,0.8902,0.8883333333333333,0.887125
mnist,QK-IQP,finite_shot,128,0.5253587807356093,0.8856329294573044,0.8934,0.8914444444444445,0.889625
mnist,QK-IQP,finite_shot,512,0.5178612004292216,0.8861736354840593,0.8911,0.8895555555555555,0.887
mnist,VQC-DR,finite_shot,1,0.7367311190488262,0.552230611480098,0.7414,0.7248888888888889,0.705
mnist,VQC-DR,finite_shot,8,0.7837804439047716,0.4162234150571921,0.6386,0.6108888888888889,0.5765
mnist,VQC-DR,finite_shot,32,0.7755616603811608,0.35224240826732767,0.5739,0.5415555555555556,0.504125
mnist,VQC-DR,finite_shot,128,0.7590610725066557,0.33334667026397574,0.5464,0.5128888888888888,0.4785
mnist,VQC-DR,finite_shot,512,0.7591761206491845,0.3250104840200472,0.5382,0.5046666666666667,0.468625
mnist,Yomo-Matched,finite_shot,1,0.5825916530575214,0.7886264603964637,0.835,0.8308888888888889,0.8265
mnist,Yomo-Matched,finite_shot,8,0.6074330045924189,0.7190305710727218,0.7878,0.7806666666666666,0.771375
mnist,Yomo-Matched,finite_shot,32,0.6213867823496475,0.6819845495064472,0.757,0.7433333333333333,0.732625
mnist,Yomo-Matched,finite_shot,128,0.6500496673785912,0.6367691571541925,0.7457,0.7336666666666667,0.718625
mnist,Yomo-Matched,finite_shot,512,0.6446701057382901,0.6290548315369039,0.7388,0.7272222222222222,0.712125
