dataset,method,budget_definition,nominal_budget,runs,offline_shot_draws,real_qpu_shots,kernel_entries,actual_state_preparations_per_image,measurement_settings,measurement_groups
breastmnist,PdrQC-Matched,total_state_preparations_per_image,8,15,18720,0,0.0,8.0,7,7
breastmnist,PdrQC-Matched,total_state_preparations_per_image,32,15,74880,0,0.0,32.0,7,7
breastmnist,PdrQC-Matched,total_state_preparations_per_image,128,15,299520,0,0.0,128.0,7,7
breastmnist,PdrQC-Matched,total_state_preparations_per_image,512,15,1198080,0,0.0,512.0,7,7
breastmnist,QF-Product,total_state_preparations_per_image,1,15,2340,0,0.0,1.0,1,1
breastmnist,QF-Product,total_state_preparations_per_image,8,15,18720,0,0.0,8.0,3,3
breastmnist,QF-Product,total_state_preparations_per_image,32,15,74880,0,0.0,32.0,3,3
breastmnist,QF-Product,total_state_preparations_per_image,128,15,299520,0,0.0,128.0,3,3
breastmnist,QF-Product,total_state_preparations_per_image,512,15,1198080,0,0.0,512.0,3,3
breastmnist,QF-Ring,total_state_preparations_per_image,1,15,2340,0,0.0,1.0,1,1
breastmnist,QF-Ring,total_state_preparations_per_image,8,15,18720,0,0.0,8.0,3,3
breastmnist,QF-Ring,total_state_preparations_per_image,32,15,74880,0,0.0,32.0,3,3
breastmnist,QF-Ring,total_state_preparations_per_image,128,15,299520,0,0.0,128.0,3,3
breastmnist,QF-Ring,total_state_preparations_per_image,512,15,1198080,0,0.0,512.0,3,3
breastmnist,QK-IQP,shots_per_kernel_entry,32,5,68140800,0,2129400.0,17318.4,1,1
breastmnist,QK-IQP,shots_per_kernel_entry,128,5,272563200,0,2129400.0,69888.0,1,1
breastmnist,QK-IQP,shots_per_kernel_entry,512,5,1090252800,0,2129400.0,279552.0,1,1
breastmnist,VQC-DR,total_state_preparations_per_image,1,15,2340,0,0.0,1.0,1,1
breastmnist,VQC-DR,total_state_preparations_per_image,8,15,18720,0,0.0,8.0,1,1
breastmnist,VQC-DR,total_state_preparations_per_image,32,15,74880,0,0.0,32.0,1,1
breastmnist,VQC-DR,total_state_preparations_per_image,128,15,299520,0,0.0,128.0,1,1
breastmnist,VQC-DR,total_state_preparations_per_image,512,15,1198080,0,0.0,512.0,1,1
breastmnist,Yomo-Matched,total_state_preparations_per_image,1,15,2340,0,0.0,1.0,1,1
breastmnist,Yomo-Matched,total_state_preparations_per_image,8,15,18720,0,0.0,8.0,1,1
breastmnist,Yomo-Matched,total_state_preparations_per_image,32,15,74880,0,0.0,32.0,1,1
breastmnist,Yomo-Matched,total_state_preparations_per_image,128,15,299520,0,0.0,128.0,1,1
breastmnist,Yomo-Matched,total_state_preparations_per_image,512,15,1198080,0,0.0,512.0,1,1
cifar10,PdrQC-Matched,total_state_preparations_per_image,8,15,1200000,0,0.0,8.0,7,7
cifar10,PdrQC-Matched,total_state_preparations_per_image,32,15,4800000,0,0.0,32.0,7,7
cifar10,PdrQC-Matched,total_state_preparations_per_image,128,15,19200000,0,0.0,128.0,7,7
cifar10,PdrQC-Matched,total_state_preparations_per_image,512,15,76800000,0,0.0,512.0,7,7
cifar10,QF-Product,total_state_preparations_per_image,1,15,150000,0,0.0,1.0,1,1
cifar10,QF-Product,total_state_preparations_per_image,8,15,1200000,0,0.0,8.0,3,3
cifar10,QF-Product,total_state_preparations_per_image,32,15,4800000,0,0.0,32.0,3,3
cifar10,QF-Product,total_state_preparations_per_image,128,15,19200000,0,0.0,128.0,3,3
cifar10,QF-Product,total_state_preparations_per_image,512,15,76800000,0,0.0,512.0,3,3
cifar10,QF-Ring,total_state_preparations_per_image,1,15,150000,0,0.0,1.0,1,1
cifar10,QF-Ring,total_state_preparations_per_image,8,15,1200000,0,0.0,8.0,3,3
cifar10,QF-Ring,total_state_preparations_per_image,32,15,4800000,0,0.0,32.0,3,3
cifar10,QF-Ring,total_state_preparations_per_image,128,15,19200000,0,0.0,128.0,3,3
cifar10,QF-Ring,total_state_preparations_per_image,512,15,76800000,0,0.0,512.0,3,3
cifar10,QK-IQP,shots_per_kernel_entry,32,5,16000000000,0,500000000.0,160000.0,1,1
cifar10,QK-IQP,shots_per_kernel_entry,128,5,64000000000,0,500000000.0,640000.0,1,1
cifar10,QK-IQP,shots_per_kernel_entry,512,5,256000000000,0,500000000.0,2560000.0,1,1
cifar10,VQC-DR,total_state_preparations_per_image,1,15,150000,0,0.0,1.0,1,1
cifar10,VQC-DR,total_state_preparations_per_image,8,15,1200000,0,0.0,8.0,1,1
cifar10,VQC-DR,total_state_preparations_per_image,32,15,4800000,0,0.0,32.0,1,1
cifar10,VQC-DR,total_state_preparations_per_image,128,15,19200000,0,0.0,128.0,1,1
cifar10,VQC-DR,total_state_preparations_per_image,512,15,76800000,0,0.0,512.0,1,1
cifar10,Yomo-Matched,total_state_preparations_per_image,1,15,150000,0,0.0,1.0,1,1
cifar10,Yomo-Matched,total_state_preparations_per_image,8,15,1200000,0,0.0,8.0,1,1
cifar10,Yomo-Matched,total_state_preparations_per_image,32,15,4800000,0,0.0,32.0,1,1
cifar10,Yomo-Matched,total_state_preparations_per_image,128,15,19200000,0,0.0,128.0,1,1
cifar10,Yomo-Matched,total_state_preparations_per_image,512,15,76800000,0,0.0,512.0,1,1
fashion_mnist,PdrQC-Matched,total_state_preparations_per_image,8,15,1200000,0,0.0,8.0,6,6
fashion_mnist,PdrQC-Matched,total_state_preparations_per_image,32,15,4800000,0,0.0,32.0,6,6
fashion_mnist,PdrQC-Matched,total_state_preparations_per_image,128,15,19200000,0,0.0,128.0,6,6
fashion_mnist,PdrQC-Matched,total_state_preparations_per_image,512,15,76800000,0,0.0,512.0,6,6
fashion_mnist,QF-Product,total_state_preparations_per_image,1,15,150000,0,0.0,1.0,1,1
fashion_mnist,QF-Product,total_state_preparations_per_image,8,15,1200000,0,0.0,8.0,3,3
fashion_mnist,QF-Product,total_state_preparations_per_image,32,15,4800000,0,0.0,32.0,3,3
fashion_mnist,QF-Product,total_state_preparations_per_image,128,15,19200000,0,0.0,128.0,3,3
fashion_mnist,QF-Product,total_state_preparations_per_image,512,15,76800000,0,0.0,512.0,3,3
fashion_mnist,QF-Ring,total_state_preparations_per_image,1,15,150000,0,0.0,1.0,1,1
fashion_mnist,QF-Ring,total_state_preparations_per_image,8,15,1200000,0,0.0,8.0,3,3
fashion_mnist,QF-Ring,total_state_preparations_per_image,32,15,4800000,0,0.0,32.0,3,3
fashion_mnist,QF-Ring,total_state_preparations_per_image,128,15,19200000,0,0.0,128.0,3,3
fashion_mnist,QF-Ring,total_state_preparations_per_image,512,15,76800000,0,0.0,512.0,3,3
fashion_mnist,QK-IQP,shots_per_kernel_entry,32,5,16000000000,0,500000000.0,159980.8,1,1
fashion_mnist,QK-IQP,shots_per_kernel_entry,128,5,64000000000,0,500000000.0,639923.2,1,1
fashion_mnist,QK-IQP,shots_per_kernel_entry,512,5,256000000000,0,500000000.0,2559897.6,1,1
fashion_mnist,VQC-DR,total_state_preparations_per_image,1,15,150000,0,0.0,1.0,1,1
fashion_mnist,VQC-DR,total_state_preparations_per_image,8,15,1200000,0,0.0,8.0,1,1
fashion_mnist,VQC-DR,total_state_preparations_per_image,32,15,4800000,0,0.0,32.0,1,1
fashion_mnist,VQC-DR,total_state_preparations_per_image,128,15,19200000,0,0.0,128.0,1,1
fashion_mnist,VQC-DR,total_state_preparations_per_image,512,15,76800000,0,0.0,512.0,1,1
fashion_mnist,Yomo-Matched,total_state_preparations_per_image,1,15,150000,0,0.0,1.0,1,1
fashion_mnist,Yomo-Matched,total_state_preparations_per_image,8,15,1200000,0,0.0,8.0,1,1
fashion_mnist,Yomo-Matched,total_state_preparations_per_image,32,15,4800000,0,0.0,32.0,1,1
fashion_mnist,Yomo-Matched,total_state_preparations_per_image,128,15,19200000,0,0.0,128.0,1,1
fashion_mnist,Yomo-Matched,total_state_preparations_per_image,512,15,76800000,0,0.0,512.0,1,1
mnist,PdrQC-Matched,total_state_preparations_per_image,8,15,1200000,0,0.0,8.0,6,6
mnist,PdrQC-Matched,total_state_preparations_per_image,32,15,4800000,0,0.0,32.0,6,6
mnist,PdrQC-Matched,total_state_preparations_per_image,128,15,19200000,0,0.0,128.0,6,6
mnist,PdrQC-Matched,total_state_preparations_per_image,512,15,76800000,0,0.0,512.0,6,6
mnist,QF-Product,total_state_preparations_per_image,1,15,150000,0,0.0,1.0,1,1
mnist,QF-Product,total_state_preparations_per_image,8,15,1200000,0,0.0,8.0,3,3
mnist,QF-Product,total_state_preparations_per_image,32,15,4800000,0,0.0,32.0,3,3
mnist,QF-Product,total_state_preparations_per_image,128,15,19200000,0,0.0,128.0,3,3
mnist,QF-Product,total_state_preparations_per_image,512,15,76800000,0,0.0,512.0,3,3
mnist,QF-Ring,total_state_preparations_per_image,1,15,150000,0,0.0,1.0,1,1
mnist,QF-Ring,total_state_preparations_per_image,8,15,1200000,0,0.0,8.0,3,3
mnist,QF-Ring,total_state_preparations_per_image,32,15,4800000,0,0.0,32.0,3,3
mnist,QF-Ring,total_state_preparations_per_image,128,15,19200000,0,0.0,128.0,3,3
mnist,QF-Ring,total_state_preparations_per_image,512,15,76800000,0,0.0,512.0,3,3
mnist,QK-IQP,shots_per_kernel_entry,32,5,16000000000,0,500000000.0,160000.0,1,1
mnist,QK-IQP,shots_per_kernel_entry,128,5,64000000000,0,500000000.0,640000.0,1,1
mnist,QK-IQP,shots_per_kernel_entry,512,5,256000000000,0,500000000.0,2560000.0,1,1
mnist,VQC-DR,total_state_preparations_per_image,1,15,150000,0,0.0,1.0,1,1
mnist,VQC-DR,total_state_preparations_per_image,8,15,1200000,0,0.0,8.0,1,1
mnist,VQC-DR,total_state_preparations_per_image,32,15,4800000,0,0.0,32.0,1,1
mnist,VQC-DR,total_state_preparations_per_image,128,15,19200000,0,0.0,128.0,1,1
mnist,VQC-DR,total_state_preparations_per_image,512,15,76800000,0,0.0,512.0,1,1
mnist,Yomo-Matched,total_state_preparations_per_image,1,15,150000,0,0.0,1.0,1,1
mnist,Yomo-Matched,total_state_preparations_per_image,8,15,1200000,0,0.0,8.0,1,1
mnist,Yomo-Matched,total_state_preparations_per_image,32,15,4800000,0,0.0,32.0,1,1
mnist,Yomo-Matched,total_state_preparations_per_image,128,15,19200000,0,0.0,128.0,1,1
mnist,Yomo-Matched,total_state_preparations_per_image,512,15,76800000,0,0.0,512.0,1,1
