source_project,source_file,release_file,operation,source_sha256
real_image_qml_benchmark_2026,src/__init__.py,src/qiml_benchmark/__init__.py,namespace and runtime-root portability; see PORTING_NOTES.md,2cca8d597e11ec10fe1ae26dfec9cc4cab61a9348a1468a5621fb231634d9375
real_image_qml_benchmark_2026,src/calibration/__init__.py,src/qiml_benchmark/calibration/__init__.py,namespace and runtime-root portability; see PORTING_NOTES.md,62b6f0fbf352dc088ae1547a286e2f39e33e76a29ba04ecdfba62aeae5e23915
real_image_qml_benchmark_2026,src/calibration/temperature.py,src/qiml_benchmark/calibration/temperature.py,namespace and runtime-root portability; see PORTING_NOTES.md,75537ac6d116ec5cca7647c701d104b0a6c834bb04b59083539f991b29e377a7
real_image_qml_benchmark_2026,src/circuits/__init__.py,src/qiml_benchmark/circuits/__init__.py,namespace and runtime-root portability; see PORTING_NOTES.md,1c17ab23efefc40508855f7e1eb49b60d747223d838c0484d7cb548ee2c7604b
real_image_qml_benchmark_2026,src/circuits/statevector.py,src/qiml_benchmark/circuits/statevector.py,namespace and runtime-root portability; see PORTING_NOTES.md,a527bec235d85b76636e8525bdb2bab203963e0b2c73de3325e890eea3ff96bd
real_image_qml_benchmark_2026,src/classical/__init__.py,src/qiml_benchmark/classical/__init__.py,namespace and runtime-root portability; see PORTING_NOTES.md,f2ab74bda59992e8a7f05e31bea97ae6e3c0d22914c1999ececc6dc03f34ecf9
real_image_qml_benchmark_2026,src/classical/cnn.py,src/qiml_benchmark/classical/cnn.py,namespace and runtime-root portability; see PORTING_NOTES.md,17ecc7523ace10e11b1dd263237ded0595ad41e8c18b11600cbd8d8950c823e9
real_image_qml_benchmark_2026,src/classical/models.py,src/qiml_benchmark/classical/models.py,namespace and runtime-root portability; see PORTING_NOTES.md,06c4c8d02033614bf229d1dae7533a4556d4884d375627b256ba19d18af900b6
real_image_qml_benchmark_2026,src/data/__init__.py,src/qiml_benchmark/data/__init__.py,namespace and runtime-root portability; see PORTING_NOTES.md,1bd4022c124f5977d4eb05e4e1e7fa0580cfed7652d78bbd434bd031db8f3cd7
real_image_qml_benchmark_2026,src/data/build_nested_splits.py,src/qiml_benchmark/data/build_nested_splits.py,namespace and runtime-root portability; see PORTING_NOTES.md,e6c528b14625d29d358765d044db2ad7b48c173903be5e4c2d19168615c8cb69
real_image_qml_benchmark_2026,src/data/loaders.py,src/qiml_benchmark/data/loaders.py,namespace and runtime-root portability; see PORTING_NOTES.md,4c08660739d31907798180b3b539f5cbf2737ef69d9578bd1de3376168254b9f
real_image_qml_benchmark_2026,src/data/prepare_all.py,src/qiml_benchmark/data/prepare_all.py,namespace and runtime-root portability; see PORTING_NOTES.md,0e91e378024981cd0c694c59c79ff768cb137e69dbe6c4cf63d3332d428175c3
real_image_qml_benchmark_2026,src/data/test_loaders.py,src/qiml_benchmark/data/test_loaders.py,namespace and runtime-root portability; see PORTING_NOTES.md,f2c802e9396abe6ab55c103c38c5df8b6b58b4bab7bbe2d3da6b17ac867b4323
real_image_qml_benchmark_2026,src/evaluation/aggregate_exact.py,src/qiml_benchmark/evaluation/aggregate_exact.py,namespace and runtime-root portability; see PORTING_NOTES.md,8722a0c441c519163fa81a83df08a86e196e17bc9936adaf6e0164685cfdc34a
real_image_qml_benchmark_2026,src/evaluation/aggregate_finite.py,src/qiml_benchmark/evaluation/aggregate_finite.py,namespace and runtime-root portability; see PORTING_NOTES.md,226b3f7a9dc99de3614b642a4f90f58a5f082c041640a703720a1c437b30ff24
real_image_qml_benchmark_2026,src/evaluation/analyze_scaling.py,src/qiml_benchmark/evaluation/analyze_scaling.py,namespace and runtime-root portability; see PORTING_NOTES.md,52596f2d518c27d9791b00a3f22e075491aaedc4e7a93ec87c9ceec6452232c5
real_image_qml_benchmark_2026,src/evaluation/run_exact.py,src/qiml_benchmark/evaluation/run_exact.py,namespace and runtime-root portability; see PORTING_NOTES.md,4327b0af1227838775c7414fda646389fc97c3ab774f3b789b39675fbb00d812
real_image_qml_benchmark_2026,src/evaluation/run_finite_local.py,src/qiml_benchmark/evaluation/run_finite_local.py,namespace and runtime-root portability; see PORTING_NOTES.md,3c5afe08aceeed3e5ad2b4685aa9b59b77a25c97b6ad8dc534235184c21fe3cb
real_image_qml_benchmark_2026,src/evaluation/run_finite_qk.py,src/qiml_benchmark/evaluation/run_finite_qk.py,namespace and runtime-root portability; see PORTING_NOTES.md,fdf66a7ce30586a1f1701d26acd36274803b4a7e6066e1d0dcaf7237822f0f8e
real_image_qml_benchmark_2026,src/evaluation/run_scaling.py,src/qiml_benchmark/evaluation/run_scaling.py,namespace and runtime-root portability; see PORTING_NOTES.md,b2b4da2cdcb7e673df969dfea813667557e302788200acbedafcf16348377e4f
real_image_qml_benchmark_2026,src/features/__init__.py,src/qiml_benchmark/features/__init__.py,namespace and runtime-root portability; see PORTING_NOTES.md,a897f9cbde87e2d41ed574f74bbc73477529e1a6065e0f323b5375d3de6be1e4
real_image_qml_benchmark_2026,src/features/extract_resnet.py,src/qiml_benchmark/features/extract_resnet.py,namespace and runtime-root portability; see PORTING_NOTES.md,4aed368f8b3e029d8106d561d8fe11092e6ba035acc873515ebdce293466e09b
real_image_qml_benchmark_2026,src/features/extract_test.py,src/qiml_benchmark/features/extract_test.py,namespace and runtime-root portability; see PORTING_NOTES.md,abbe8b365220ddca34e9fb981188df136e84ebb22bd44c610921cc024f76d012
real_image_qml_benchmark_2026,src/features/fit_shared_interfaces.py,src/qiml_benchmark/features/fit_shared_interfaces.py,namespace and runtime-root portability; see PORTING_NOTES.md,129d85645962fe381f55a3651d899313811f745fcf804513345c80b976eda23a
real_image_qml_benchmark_2026,src/figures/__init__.py,src/qiml_benchmark/figures/__init__.py,namespace and runtime-root portability; see PORTING_NOTES.md,526a7e28f50d166b16fd78b4251e9e1896cd16881612868affe6b24cf218f409
real_image_qml_benchmark_2026,src/figures/make_all.py,src/qiml_benchmark/figures/make_all.py,namespace and runtime-root portability; see PORTING_NOTES.md,b02cab36c75fc6155658e309af30cf0aec4a340b7439317858df7cff2d67d00a
real_image_qml_benchmark_2026,src/freeze_protocol.py,src/qiml_benchmark/freeze_protocol.py,namespace and runtime-root portability; see PORTING_NOTES.md,bd0d3adccfd575e367c5c600d74d8dd837ee4d594bc1ca7bf953818c53f602ba
real_image_qml_benchmark_2026,src/measurements/__init__.py,src/qiml_benchmark/measurements/__init__.py,namespace and runtime-root portability; see PORTING_NOTES.md,6c86c1e39091e91e122368dde814b934b92ddfb27469b339afd51b510276cbeb
real_image_qml_benchmark_2026,src/measurements/pauli.py,src/qiml_benchmark/measurements/pauli.py,namespace and runtime-root portability; see PORTING_NOTES.md,cd5660969ed2bd320e4289e81c62abb775a2a85bb20c39dec98a3af5d457482c
real_image_qml_benchmark_2026,src/metrics/__init__.py,src/qiml_benchmark/metrics/__init__.py,namespace and runtime-root portability; see PORTING_NOTES.md,5ce11590f65e907b7d780bc760aa905f1a41f22d0d240ed03a722423abc7510c
real_image_qml_benchmark_2026,src/metrics/core.py,src/qiml_benchmark/metrics/core.py,namespace and runtime-root portability; see PORTING_NOTES.md,9563397e9d5af1129804b8079590d39f2638b17e2552926e400208e8e00b1862
real_image_qml_benchmark_2026,src/pdrqc/__init__.py,src/qiml_benchmark/pdrqc/__init__.py,namespace and runtime-root portability; see PORTING_NOTES.md,28c886d7ae1d0f4bf99a38f4d0a62781257551a62f84b2405b96c4c3891e326e
real_image_qml_benchmark_2026,src/pdrqc/model.py,src/qiml_benchmark/pdrqc/model.py,namespace and runtime-root portability; see PORTING_NOTES.md,8d803081ac245d6b43995f22be809bfefd7a72681c4db0bf248fc52aa0ebc1b0
real_image_qml_benchmark_2026,src/quantum_features/__init__.py,src/qiml_benchmark/quantum_features/__init__.py,namespace and runtime-root portability; see PORTING_NOTES.md,247b93c472e5d385cdea4f96f061ddf1f563ed230eb0c357a00ed2111c8e8eb5
real_image_qml_benchmark_2026,src/quantum_kernels/__init__.py,src/qiml_benchmark/quantum_kernels/__init__.py,namespace and runtime-root portability; see PORTING_NOTES.md,eb967e0cb9c972c5271384ff86403049ae82cd450b7babef42940126c3202cf5
real_image_qml_benchmark_2026,src/quantum_kernels/iqp.py,src/qiml_benchmark/quantum_kernels/iqp.py,namespace and runtime-root portability; see PORTING_NOTES.md,fcec93c07ce6b35d0007f5158b67e92d42a8ee94ada0ac9372e43fb97f5d974f
real_image_qml_benchmark_2026,src/run_data_scaling_test.py,src/qiml_benchmark/run_data_scaling_test.py,namespace and runtime-root portability; see PORTING_NOTES.md,fe0b483e289229b15b310ae3e56fd1999cc8b55d42cc494433bf3d61d0fc4242
real_image_qml_benchmark_2026,src/run_exact_test.py,src/qiml_benchmark/run_exact_test.py,namespace and runtime-root portability; see PORTING_NOTES.md,890ab508289375bf4e2b976806b349e0f67e1009a40893885ee7abbe11d95b89
real_image_qml_benchmark_2026,src/run_finite_shot_test.py,src/qiml_benchmark/run_finite_shot_test.py,namespace and runtime-root portability; see PORTING_NOTES.md,7599bf81915bf43e050e776e4d91f48271f8e7b2e39a004224f3af53231e7041
real_image_qml_benchmark_2026,src/run_phase3_smoke.py,src/qiml_benchmark/run_phase3_smoke.py,namespace and runtime-root portability; see PORTING_NOTES.md,29bffbb88c1a7ee9f7b8d72c549262a8be6589dbb0501196709baa198911d1a9
real_image_qml_benchmark_2026,src/run_scaling_validation.py,src/qiml_benchmark/run_scaling_validation.py,namespace and runtime-root portability; see PORTING_NOTES.md,bd0d3adccfd575e367c5c600d74d8dd837ee4d594bc1ca7bf953818c53f602ba
real_image_qml_benchmark_2026,src/run_smoke_tests.py,src/qiml_benchmark/run_smoke_tests.py,namespace and runtime-root portability; see PORTING_NOTES.md,66471b520e6a598d44e372a731c32c723a34a84beecd84f9e5e453ac74241850
real_image_qml_benchmark_2026,src/run_validation.py,src/qiml_benchmark/run_validation.py,namespace and runtime-root portability; see PORTING_NOTES.md,bd0d3adccfd575e367c5c600d74d8dd837ee4d594bc1ca7bf953818c53f602ba
real_image_qml_benchmark_2026,src/statistics/__init__.py,src/qiml_benchmark/statistics/__init__.py,namespace and runtime-root portability; see PORTING_NOTES.md,0426d7b43884b604c27697e02da23d09c3474eaba0e83abd92b0febaf6b03d75
real_image_qml_benchmark_2026,src/statistics/run_all.py,src/qiml_benchmark/statistics/run_all.py,namespace and runtime-root portability; see PORTING_NOTES.md,9222b092ea8adb206f95299cee13607cd65eb0fe18e915bcc7813a494f95543f
real_image_qml_benchmark_2026,src/statistics/secondary_intervals.py,src/qiml_benchmark/statistics/secondary_intervals.py,namespace and runtime-root portability; see PORTING_NOTES.md,48d9cc9b72a75ebb8145cdb52c1eb76a054b9051d3254402bed83433cc37d8e7
real_image_qml_benchmark_2026,src/tables/__init__.py,src/qiml_benchmark/tables/__init__.py,namespace and runtime-root portability; see PORTING_NOTES.md,4a7599358c06f5df8faa504780395b8e877d3d3aba0da081fabfb69f49a479bc
real_image_qml_benchmark_2026,src/tables/common.py,src/qiml_benchmark/tables/common.py,namespace and runtime-root portability; see PORTING_NOTES.md,f41dffe293851f2340f257faf56cfd2008c77aa5d8964096ade2c52993feb591
real_image_qml_benchmark_2026,src/tables/make_all.py,src/qiml_benchmark/tables/make_all.py,namespace and runtime-root portability; see PORTING_NOTES.md,3bb33fa08240934be2e52630230585208135310e00fbad9c27e4ca4d64609a8c
real_image_qml_benchmark_2026,src/tables/phase1.py,src/qiml_benchmark/tables/phase1.py,namespace and runtime-root portability; see PORTING_NOTES.md,1b54e92b637f01f6830c9c3946f340dba7688dd2b406bee306705cd0601404a6
real_image_qml_benchmark_2026,src/tables/phase2.py,src/qiml_benchmark/tables/phase2.py,namespace and runtime-root portability; see PORTING_NOTES.md,96089c6b50319dbbcb6a03e5dfa0db8b7e34050536c3d4beabd2179d0ca1a828
real_image_qml_benchmark_2026,src/uncertainty/__init__.py,src/qiml_benchmark/uncertainty/__init__.py,namespace and runtime-root portability; see PORTING_NOTES.md,426f10eedd4e01454709396c6f6dd1cd3b7c6103932605d726642a104a4ea092
real_image_qml_benchmark_2026,src/uncertainty/run_all.py,src/qiml_benchmark/uncertainty/run_all.py,namespace and runtime-root portability; see PORTING_NOTES.md,1789532224c1b5196aa6af49d09d98cf858ada2005212265ff58a5f4da62ae68
real_image_qml_benchmark_2026,src/validation/freeze.py,src/qiml_benchmark/validation/freeze.py,namespace and runtime-root portability; see PORTING_NOTES.md,b89de537b55f8071b8bc2916ce7edc03fbee370a1d113eff38b64b95a1e025d7
real_image_qml_benchmark_2026,src/validation/freeze_breast_thresholds.py,src/qiml_benchmark/validation/freeze_breast_thresholds.py,namespace and runtime-root portability; see PORTING_NOTES.md,02741b7f37edd2a20df9d51c9633d695838fc03de7b490c927589e7900517865
real_image_qml_benchmark_2026,src/validation/run_primary_fixed.py,src/qiml_benchmark/validation/run_primary_fixed.py,namespace and runtime-root portability; see PORTING_NOTES.md,4eca79a4eccf9c45ca5a1e51c8e5f481093db87ee0356e85cd2dcf40cd5bc37a
real_image_qml_benchmark_2026,src/validation/run_primary_trainable.py,src/qiml_benchmark/validation/run_primary_trainable.py,namespace and runtime-root portability; see PORTING_NOTES.md,b51743a8b8bced08ae66a662cad559ee2abc21cd7a5793caea088e08c765734d
real_image_qml_benchmark_2026,src/vqc/__init__.py,src/qiml_benchmark/vqc/__init__.py,namespace and runtime-root portability; see PORTING_NOTES.md,09ac4ba78f254cded740abc630711f40b8eeb8556e3dff365cae06e9f4cac08f
real_image_qml_benchmark_2026,src/vqc/model.py,src/qiml_benchmark/vqc/model.py,namespace and runtime-root portability; see PORTING_NOTES.md,d797abd06d83d607ce110d4aeea6370922afe8336d00ccdc49ac425f9d661a91
real_image_qml_benchmark_2026,src/vqc/training.py,src/qiml_benchmark/vqc/training.py,namespace and runtime-root portability; see PORTING_NOTES.md,2e47327bad565d287790ed27a89670035412bebc527ade0347761d3e4c616c49
real_image_qml_benchmark_2026,src/yomo/__init__.py,src/qiml_benchmark/yomo/__init__.py,namespace and runtime-root portability; see PORTING_NOTES.md,a7be0fa06b739be422544bc9a86fc9c4d530c3edee713d7d34f903585bdc6b3a
pdrqc_interface_width_sensitivity_2026,src/pdrqc/model.py,src/qiml_benchmark/width/model.py,verbatim copy,4e47420f81716a05f8bc9c063c91fb988b36b6ee26d28667f4516b08dec9cbb0
pdrqc_interface_width_sensitivity_2026,src/pdrqc/statevector.py,src/qiml_benchmark/width/statevector.py,verbatim copy,045ca3abe39e914dc985f02aa0c8c42eda58511ad31ce3c2c595df1b33f0b93f
real_image_qml_benchmark_2026,configs/frozen/DATA_SCALE_CONFIGS.yaml,experiments/reference_configs/benchmark/frozen/DATA_SCALE_CONFIGS.yaml,verbatim copy,23d9c65154fe0976b21eab3d3a127064777d55387441fc791171020e25327849
real_image_qml_benchmark_2026,configs/frozen/FINAL_CONFIGS.yaml,experiments/reference_configs/benchmark/frozen/FINAL_CONFIGS.yaml,verbatim copy,2230722cd68e040e8fc8b447a70ad483cdb8b89c6d9772e25417f8517a57c0ba
real_image_qml_benchmark_2026,configs/frozen/PRIMARY_CONTRASTS.yaml,experiments/reference_configs/benchmark/frozen/PRIMARY_CONTRASTS.yaml,verbatim copy,67a14a7c9eae20ffddcee6058a8bf2188dcbb8f960821972e99cd848acef6cd2
real_image_qml_benchmark_2026,configs/method_registry.yaml,experiments/reference_configs/benchmark/method_registry.yaml,verbatim copy,be71eae58fc9ad16ac43ec309ad72d407a326d27f3ed925c3b6d3f2e253709bb
pdrqc_interface_width_sensitivity_2026,configs/datasets/frozen_datasets.json,experiments/reference_configs/width/datasets/frozen_datasets.json,verbatim copy,432b3158f1938518e4dfc61f38e66a917325ba3f3477a296d0b8c2ea8ceae49a
pdrqc_interface_width_sensitivity_2026,configs/frozen/FINAL_WIDTH_CONFIGS.yaml,experiments/reference_configs/width/frozen/FINAL_WIDTH_CONFIGS.yaml,verbatim copy,54c1047118211339a5156d9fdb032bf3e4908f95b01717e173648ebeb5f87648
pdrqc_interface_width_sensitivity_2026,configs/frozen/SELECTED_OBSERVABLES_MANIFEST.csv,experiments/reference_configs/width/frozen/SELECTED_OBSERVABLES_MANIFEST.csv,verbatim copy,5d29f6ca4d9886123bb91010621b919690ed834187e4f8ad42f858414b4e4fb4
pdrqc_interface_width_sensitivity_2026,configs/methods/frozen_scope.json,experiments/reference_configs/width/methods/frozen_scope.json,verbatim copy,623520a6e3d197f3850bdfa0aec5618a18cc81e516b4d1ef0a2e6b79f6b7e9d5
real_image_qml_benchmark_2026,results/raw/pdr_selections/breastmnist_D_100pct.json,experiments/selections/pca8/breastmnist_D_100pct.json,verbatim copy,02778bbde3ad630db5f9dc6717b628ce4e5b231e46adfe162fafc361af55aed0
real_image_qml_benchmark_2026,results/raw/pdr_selections/breastmnist_D_25pct.json,experiments/selections/pca8/breastmnist_D_25pct.json,verbatim copy,45306e3e77a7a2449ca735a83a12204cbfaf336851d59a4787c39005e25e2891
real_image_qml_benchmark_2026,results/raw/pdr_selections/breastmnist_D_50pct.json,experiments/selections/pca8/breastmnist_D_50pct.json,verbatim copy,1dc71ecc48561f41f8bba511cf9813f29a0779b6a4ee14e0eb50ce6103e58cae
real_image_qml_benchmark_2026,results/raw/pdr_selections/cifar10_D_10k.json,experiments/selections/pca8/cifar10_D_10k.json,verbatim copy,a81af6b139ecf9bc8d5bd18083cb20fdc261b633939d414bb1266c089f097bad
real_image_qml_benchmark_2026,results/raw/pdr_selections/cifar10_D_1k.json,experiments/selections/pca8/cifar10_D_1k.json,verbatim copy,80abbd28e02941b289bdbf9dd31a79a56b1cc5ac139bca73d9a5d117acc77131
real_image_qml_benchmark_2026,results/raw/pdr_selections/cifar10_D_5k.json,experiments/selections/pca8/cifar10_D_5k.json,verbatim copy,734ec5edf1de25a1e0a238f9ca521a971170b8f5e9c5fdf4dc30b36df9931fd2
real_image_qml_benchmark_2026,results/raw/pdr_selections/cifar10_D_full.json,experiments/selections/pca8/cifar10_D_full.json,verbatim copy,2a1852c7b3655785219766fb07f410fc8ccb3b1dca6a56a9ca07146067b040b5
real_image_qml_benchmark_2026,results/raw/pdr_selections/fashion_mnist_D_10k.json,experiments/selections/pca8/fashion_mnist_D_10k.json,verbatim copy,8c16d73031087ced36105ea1967527926a8363893765409d434f03cfd9949719
real_image_qml_benchmark_2026,results/raw/pdr_selections/fashion_mnist_D_1k.json,experiments/selections/pca8/fashion_mnist_D_1k.json,verbatim copy,69ca70917da94786e5471ca1e253e17d0e3573a1ee93edb2eefcf5592cfcc64b
real_image_qml_benchmark_2026,results/raw/pdr_selections/fashion_mnist_D_5k.json,experiments/selections/pca8/fashion_mnist_D_5k.json,verbatim copy,138090f13742ff8dadc3c353a453728879604eb994cf9cf83dd3e09823e0359c
real_image_qml_benchmark_2026,results/raw/pdr_selections/fashion_mnist_D_full.json,experiments/selections/pca8/fashion_mnist_D_full.json,verbatim copy,e8eff84a3a002a5865f1c350c6f17df03e564417a3eeff1d0a9e60ae51641ed8
real_image_qml_benchmark_2026,results/raw/pdr_selections/mnist_D_10k.json,experiments/selections/pca8/mnist_D_10k.json,verbatim copy,31d8134dae6099dd4d732d51ec8286f021dc3bf0d2f8b7713f94495ffc43391a
real_image_qml_benchmark_2026,results/raw/pdr_selections/mnist_D_1k.json,experiments/selections/pca8/mnist_D_1k.json,verbatim copy,dc11dd85b7d1d5fde0983b420e4bdb4125670f592d3c5453e7992b44a3e5a962
real_image_qml_benchmark_2026,results/raw/pdr_selections/mnist_D_5k.json,experiments/selections/pca8/mnist_D_5k.json,verbatim copy,7b753ce70ab924a1d1d2a615aed690f99910f26d173073ae4e25a6bf2ef89e82
real_image_qml_benchmark_2026,results/raw/pdr_selections/mnist_D_full.json,experiments/selections/pca8/mnist_D_full.json,verbatim copy,1058371875a9606b6312bc56266e124ddc52b43a00ad0581bca501b3078680fa
pdrqc_interface_width_sensitivity_2026,results/raw/pdr_selection_fashion_mnist_PCA12.json,experiments/selections/width/pdr_selection_fashion_mnist_PCA12.json,verbatim copy,0ea06b416f4c3b8855c4fd1a899341a58f9e9818e1dffcd07685075c5ab98ab0
pdrqc_interface_width_sensitivity_2026,results/raw/pdr_selection_fashion_mnist_PCA16.json,experiments/selections/width/pdr_selection_fashion_mnist_PCA16.json,verbatim copy,089f385bff53cd98f7f29b9930fe6d52d3d76fe36575e403a123a3b1c2639944
pdrqc_interface_width_sensitivity_2026,results/raw/pdr_selection_fashion_mnist_PCA8.json,experiments/selections/width/pdr_selection_fashion_mnist_PCA8.json,verbatim copy,e3a218e4db382de92d0d26c6de24a6e01abf6f4f5bfdb698e00b235cb29d2af3
pdrqc_interface_width_sensitivity_2026,results/raw/pdr_selection_mnist_PCA12.json,experiments/selections/width/pdr_selection_mnist_PCA12.json,verbatim copy,a46e7a9135edd81931cd1ee676663bb48851dd9f0e3e6f1943b86d8256abbd6b
pdrqc_interface_width_sensitivity_2026,results/raw/pdr_selection_mnist_PCA16.json,experiments/selections/width/pdr_selection_mnist_PCA16.json,verbatim copy,9aad112144481063d71582f4680675162d24cc890cb2881a74bb92b1f93017c9
pdrqc_interface_width_sensitivity_2026,results/raw/pdr_selection_mnist_PCA8.json,experiments/selections/width/pdr_selection_mnist_PCA8.json,verbatim copy,caf98c5cfdb0d34f455529f94943163dbd0d49ebfd1cd962167cbc4c4c0ba99d
real_image_qml_benchmark_2026,results/tables/table_01_dataset_splits.csv,results/reference/benchmark/tables/table_01_dataset_splits.csv,verbatim copy,254c2ca7787374da2226cafa8d5eb34ea757bb1a83bda113220c75752fb4f3cb
real_image_qml_benchmark_2026,results/tables/table_01_dataset_splits.md,results/reference/benchmark/tables/table_01_dataset_splits.md,verbatim copy,78445b67167d95f96a1afc0366f5f983714ef58ffa72ef3b78292352feb8c4a0
real_image_qml_benchmark_2026,results/tables/table_02_feature_interface.csv,results/reference/benchmark/tables/table_02_feature_interface.csv,verbatim copy,15ec70efa9deae4f418d0e0e8941a3a1f4cb3b27483b78aa5fecd7a9019e50bc
real_image_qml_benchmark_2026,results/tables/table_02_feature_interface.md,results/reference/benchmark/tables/table_02_feature_interface.md,verbatim copy,aa7ffb8a39e49d58b2aac40751ac11ec44bf4485a55777b0af109d30bff3ef85
real_image_qml_benchmark_2026,results/tables/table_03_method_registry.csv,results/reference/benchmark/tables/table_03_method_registry.csv,verbatim copy,106c113d8e47bbd4fc6aabc0f4b69156669d011bcaf2ba747ebccbcc93b1a0ac
real_image_qml_benchmark_2026,results/tables/table_03_method_registry.md,results/reference/benchmark/tables/table_03_method_registry.md,verbatim copy,9b48f864a54e289d3fda8f1a96df87375313ccc2b82e5f5e8bb5868e1e82525e
real_image_qml_benchmark_2026,results/tables/table_05_exact_performance.csv,results/reference/benchmark/tables/table_05_exact_performance.csv,verbatim copy,126424de27c10bbc7240ee3dfd4774fe47c4ccce77402677752d977c6d6bf4a0
real_image_qml_benchmark_2026,results/tables/table_05_exact_performance.md,results/reference/benchmark/tables/table_05_exact_performance.md,verbatim copy,854a3d2cd277853a8fcfd1a70f745eb6a30502f1b79fd59f9a95e2c4912e2674
real_image_qml_benchmark_2026,results/tables/table_06_finite_shot_performance.csv,results/reference/benchmark/tables/table_06_finite_shot_performance.csv,verbatim copy,4c1d9b7f72ef54065d45e7705e26d0dd4b8f7290542f7adbe22649c11d58d653
real_image_qml_benchmark_2026,results/tables/table_06_finite_shot_performance.md,results/reference/benchmark/tables/table_06_finite_shot_performance.md,verbatim copy,4ec29aed9f57b55f880c44a924d0299997dfeaa9b68fff5c9c175543c6fe562a
real_image_qml_benchmark_2026,results/tables/table_07_uncertainty.csv,results/reference/benchmark/tables/table_07_uncertainty.csv,verbatim copy,fdbcdea71ab819995ffe2da257baec79632551410e7cf0b5ef3e2b0727c49ef0
real_image_qml_benchmark_2026,results/tables/table_07_uncertainty.md,results/reference/benchmark/tables/table_07_uncertainty.md,verbatim copy,aabeab6b8b459b487fdb0f827e5936786713e1ec962cf99541688c5f584f542b
real_image_qml_benchmark_2026,results/tables/table_08_primary_significance.csv,results/reference/benchmark/tables/table_08_primary_significance.csv,verbatim copy,e7c44c2eb6705b9b1d4b3d036d6c0262a0e38b466478082fe07529b1b78b5d48
real_image_qml_benchmark_2026,results/tables/table_08_primary_significance.md,results/reference/benchmark/tables/table_08_primary_significance.md,verbatim copy,0a03b84e1be3312a27c5163354ecd7edf10dac0b0b2056f29b0bb1775acf8b1f
real_image_qml_benchmark_2026,results/tables/table_09_uncertainty_significance.csv,results/reference/benchmark/tables/table_09_uncertainty_significance.csv,verbatim copy,6f7f5a547dc01900a9c8e40116c3e5253e6aeb9cabd92693459bc952b04c1fb9
real_image_qml_benchmark_2026,results/tables/table_09_uncertainty_significance.md,results/reference/benchmark/tables/table_09_uncertainty_significance.md,verbatim copy,688a280b59537f14dccbc84ca94e449eb39db6ea6f691287d4d8d4c397bb8f8c
real_image_qml_benchmark_2026,results/tables/table_10_resources.csv,results/reference/benchmark/tables/table_10_resources.csv,verbatim copy,b8d1a79188e70e6c3c9e748999872d3fddf7643d22ebf3e23f2cb8d169708d0a
real_image_qml_benchmark_2026,results/tables/table_10_resources.md,results/reference/benchmark/tables/table_10_resources.md,verbatim copy,d48360fdfd7f9f49dc67b802b2fd9398b8cba54ad194a95f1e8c91bd565b466d
real_image_qml_benchmark_2026,results/tables/table_11_selected_hyperparameters.csv,results/reference/benchmark/tables/table_11_selected_hyperparameters.csv,verbatim copy,48ffe0bad17a6ff5973b532a8842dc252b9dc0147c3eb1082f9c988827a56ff6
real_image_qml_benchmark_2026,results/tables/table_11_selected_hyperparameters.md,results/reference/benchmark/tables/table_11_selected_hyperparameters.md,verbatim copy,d7192541e19f0029f2018efd34aa5c69b2dbecbb6a5a0f9147ecb6619e755fe5
real_image_qml_benchmark_2026,results/tables/table_12_data_scaling.csv,results/reference/benchmark/tables/table_12_data_scaling.csv,verbatim copy,9a780b19962389950233d2bbb4882873f23ba4881698491e819e696b70b3e5d5
real_image_qml_benchmark_2026,results/tables/table_12_data_scaling.md,results/reference/benchmark/tables/table_12_data_scaling.md,verbatim copy,a10e29243d9db13f70796ca70427bd4033ead2dc629e6bef18fc6fbe8a6aff7e
real_image_qml_benchmark_2026,results/tables/table_13_ranking_stability.csv,results/reference/benchmark/tables/table_13_ranking_stability.csv,verbatim copy,1909c9f76d3e3c96e8e9baa612321d76a95b37efbc946f95088c95949a2e60fd
real_image_qml_benchmark_2026,results/tables/table_13_ranking_stability.md,results/reference/benchmark/tables/table_13_ranking_stability.md,verbatim copy,4ae47abff036ece8f7fa4526544b6a2dbe64f3e7616800b0050e1fa3fda987ad
real_image_qml_benchmark_2026,results/tables/table_14_scalability_boundaries.csv,results/reference/benchmark/tables/table_14_scalability_boundaries.csv,verbatim copy,ff67a2b5097c486f3121b7830dba2ae405e415b444302d8c8edfa3608757c243
real_image_qml_benchmark_2026,results/tables/table_14_scalability_boundaries.md,results/reference/benchmark/tables/table_14_scalability_boundaries.md,verbatim copy,f23964d188aef1c239c9e40ec189599210cf6704d1bcfbea725d368e5f5aa21d
real_image_qml_benchmark_2026,results/tables/table_15_failures_integrity.csv,results/reference/benchmark/tables/table_15_failures_integrity.csv,verbatim copy,fcf67020831f95c3b28ba78e59c903af2e7ddca180853c1c40c9791950a65519
real_image_qml_benchmark_2026,results/tables/table_15_failures_integrity.md,results/reference/benchmark/tables/table_15_failures_integrity.md,verbatim copy,f92d19f23377038ef32f09fcbfb384dbf72d285bd20ff28f21c053ce87f499e5
real_image_qml_benchmark_2026,results/statistics/bootstrap_intervals.csv,results/reference/benchmark/statistics/bootstrap_intervals.csv,verbatim copy,7b5cc5e1ca5d4e80e0a6b6198512a249c4730f8ec3fd6341fe4e1d76a18230a3
real_image_qml_benchmark_2026,results/statistics/data_scaling_intervals.csv,results/reference/benchmark/statistics/data_scaling_intervals.csv,verbatim copy,88fd057231a1ec7ac6110d24dbcc687a7ccf103dd13dd88f710a704e121e0a51
real_image_qml_benchmark_2026,results/statistics/holm_adjustments.csv,results/reference/benchmark/statistics/holm_adjustments.csv,verbatim copy,82af6fa61c3da8c99648e3b7659dee11668f0a496bd0adb9ec4d7be1b78063a4
real_image_qml_benchmark_2026,results/statistics/primary_tests.csv,results/reference/benchmark/statistics/primary_tests.csv,verbatim copy,e69dc814691bb56a0de7b92e7070df567ff58327225904a08a57cd4ff0b85141
real_image_qml_benchmark_2026,results/statistics/resampling_metadata.json,results/reference/benchmark/statistics/resampling_metadata.json,verbatim copy,715e55258cd80bd65f76cc74d2eb08035e2e1777bcdf5f7c32afcc9a127223d1
real_image_qml_benchmark_2026,results/statistics/uncertainty_tests.csv,results/reference/benchmark/statistics/uncertainty_tests.csv,verbatim copy,b5b924ba70ba8219da0b4dc970e3588b60cd6bacb70268a4f9b8bec57e411c05
real_image_qml_benchmark_2026,results/aggregates/calibration_metrics.csv,results/reference/benchmark/aggregates/calibration_metrics.csv,verbatim copy,c3e55b172120937df5599a97a902189353ccd177dc1675e9be7891c4f2260f3e
real_image_qml_benchmark_2026,results/aggregates/data_scaling_boundaries.csv,results/reference/benchmark/aggregates/data_scaling_boundaries.csv,verbatim copy,fae0b7d717c5d7cda4985ee8693180bbf78cc7a65ad312fd46576f032489fd35
real_image_qml_benchmark_2026,results/aggregates/data_scaling_performance.csv,results/reference/benchmark/aggregates/data_scaling_performance.csv,verbatim copy,24b4961d1f5e885198ac7bf16646d3259b9d0f58ad2455c69beabed339360615
real_image_qml_benchmark_2026,results/aggregates/exact_performance.csv,results/reference/benchmark/aggregates/exact_performance.csv,verbatim copy,6fa225a0b0e121188bcf97d34cc1f9596fd596f1ce469c76aefdf7247b99873a
real_image_qml_benchmark_2026,results/aggregates/finite_shot_performance.csv,results/reference/benchmark/aggregates/finite_shot_performance.csv,verbatim copy,e4e5bcb3305aa2c962e23473599739545a824dee01dcf6dcfe7986c11a527ba1
real_image_qml_benchmark_2026,results/aggregates/ranking_stability.csv,results/reference/benchmark/aggregates/ranking_stability.csv,verbatim copy,08f7d632cd9213a4dbc963ba94911e5e70f12ce120595e66e78a1aa245837054
real_image_qml_benchmark_2026,results/aggregates/reliability_bins.csv,results/reference/benchmark/aggregates/reliability_bins.csv,verbatim copy,f5830ce8743b499aad11186d5d9ac6d1a1b2d1a6e2fd96170cc6122695555e28
real_image_qml_benchmark_2026,results/aggregates/risk_coverage_curves.csv,results/reference/benchmark/aggregates/risk_coverage_curves.csv,verbatim copy,bd052a5f56036bfb7bf14a5f84bd60d4fbd6def9f8e4eef07ed3f0435cafe5dc
real_image_qml_benchmark_2026,results/aggregates/risk_coverage_metrics.csv,results/reference/benchmark/aggregates/risk_coverage_metrics.csv,verbatim copy,f113a9b53b612756d5b53e6219cb27d0b56a70b5f43484e8389619d395a3444e
real_image_qml_benchmark_2026,results/aggregates/uncertainty_metrics.csv,results/reference/benchmark/aggregates/uncertainty_metrics.csv,verbatim copy,e110f7f7f348be3378cb5c939e909e2cd55984d236b5c4a99275fdebcd68e40a
real_image_qml_benchmark_2026,results/resources/INITIAL_RESOURCE_ESTIMATE.md,results/reference/benchmark/resources/INITIAL_RESOURCE_ESTIMATE.md,verbatim copy,19e0c0ff0e754733bb5941a40ba2f84c4ed90393368533e12fa1f4ffc0de3d26
real_image_qml_benchmark_2026,results/resources/RESOURCE_PLAN.md,results/reference/benchmark/resources/RESOURCE_PLAN.md,verbatim copy,91d1cb0914501b649525df920c99bbf1a85a13fb4ca17fa9f0877268e2c1bc77
real_image_qml_benchmark_2026,results/resources/data_scaling_resources.csv,results/reference/benchmark/resources/data_scaling_resources.csv,verbatim copy,cd786f3a654c9958b87379311714ca0afca43259924e702399eff567d1880165
real_image_qml_benchmark_2026,results/resources/finite_shot_accounting.csv,results/reference/benchmark/resources/finite_shot_accounting.csv,verbatim copy,2eb5f0ebd49edc41966998e4389d914ba2e4dfe1f7dee1c2549e425d7b846966
real_image_qml_benchmark_2026,results/resources/resource_accounting.csv,results/reference/benchmark/resources/resource_accounting.csv,verbatim copy,dddb309e61dad89e4ec94792e74f92793a4e0a9b422fcd8a47eb553d65cf8d62
real_image_qml_benchmark_2026,figures/source_data/fig01_benchmark_pipeline.csv,results/reference/benchmark/figure_data/fig01_benchmark_pipeline.csv,verbatim copy,3d6a7770d7a85fc80da662648be013d1b9c1a02614a8d4ffcd1601c3aaa7ae8b
real_image_qml_benchmark_2026,figures/source_data/fig02_exact_performance.csv,results/reference/benchmark/figure_data/fig02_exact_performance.csv,verbatim copy,126424de27c10bbc7240ee3dfd4774fe47c4ccce77402677752d977c6d6bf4a0
real_image_qml_benchmark_2026,figures/source_data/fig03_finite_shot_curves.csv,results/reference/benchmark/figure_data/fig03_finite_shot_curves.csv,verbatim copy,1b0b24b83b3a7d18e8b0116f30313a8766a9649fea3e8bf751c4142d71ad0283
real_image_qml_benchmark_2026,figures/source_data/fig04_calibration.csv,results/reference/benchmark/figure_data/fig04_calibration.csv,verbatim copy,fcabb15379b4a525603bbabec04bae0e065ebdec109d49cb2b6dd1ec94f0c95f
real_image_qml_benchmark_2026,figures/source_data/fig05_risk_coverage.csv,results/reference/benchmark/figure_data/fig05_risk_coverage.csv,verbatim copy,e94526332c5f58bd5d778d0d4d80529292999726ecc84e2cb0c3ae1f6dbed07e
real_image_qml_benchmark_2026,figures/source_data/fig06_performance_resource_pareto.csv,results/reference/benchmark/figure_data/fig06_performance_resource_pareto.csv,verbatim copy,d7948b4ffbb7e6b94da39179828b1422b3c5f57e6c6511f0d7f1394acf014857
real_image_qml_benchmark_2026,figures/source_data/fig07_uncertainty_decomposition.csv,results/reference/benchmark/figure_data/fig07_uncertainty_decomposition.csv,verbatim copy,57ff356d281ed9af0f956319f13ec941b71bf149f19b015be108148ad548e2a3
real_image_qml_benchmark_2026,figures/source_data/fig08_method_ranking_heatmap.csv,results/reference/benchmark/figure_data/fig08_method_ranking_heatmap.csv,verbatim copy,9da458f037cc826ec6de6e30b86adac9936a34afb8e55ca7ec71623a03e5a522
real_image_qml_benchmark_2026,figures/source_data/fig09_circuit_measurement_resources.csv,results/reference/benchmark/figure_data/fig09_circuit_measurement_resources.csv,verbatim copy,0575592a937994bd41a75b4d104f9c0ca659168834093286e2fc5826c24bd74f
real_image_qml_benchmark_2026,figures/source_data/fig10_learning_curves.csv,results/reference/benchmark/figure_data/fig10_learning_curves.csv,verbatim copy,dfac75ae1978ccdbf988e3c25c26cded1e0739e3650529dc824e874006ae7728
real_image_qml_benchmark_2026,figures/source_data/fig11_data_scaling_cost.csv,results/reference/benchmark/figure_data/fig11_data_scaling_cost.csv,verbatim copy,9b5c188bbff39d1a02a912fdeced5b4d32ed6a07cf7fdbf98c52050f003c84bc
real_image_qml_benchmark_2026,figures/source_data/fig12_ranking_stability.csv,results/reference/benchmark/figure_data/fig12_ranking_stability.csv,verbatim copy,de821009580ec4e80c6d6e5eb1ffdd8b7ea88a3ea276a8780079f4184aa2d27c
real_image_qml_benchmark_2026,figures/source_data/fig2_finite_shot_performance.csv,results/reference/benchmark/figure_data/fig2_finite_shot_performance.csv,verbatim copy,89c53a6e8862be34317e5f4c21342f33eec4b565d210eb6c031f33bc7cc6c918
pdrqc_interface_width_sensitivity_2026,results/tables/table_01_width_sensitivity.csv,results/reference/width/tables/table_01_width_sensitivity.csv,verbatim copy,b75c99e9d138f72868fa6adc072f34edc71050643bb175b6e33b555431cd3c2c
pdrqc_interface_width_sensitivity_2026,results/tables/table_01_width_sensitivity.md,results/reference/width/tables/table_01_width_sensitivity.md,verbatim copy,84d8ccaaa4419dd5c710c756671ecf62a480cbed1cc87fa816088ca6178253f6
pdrqc_interface_width_sensitivity_2026,results/tables/table_02_pdrqc_width_effects.csv,results/reference/width/tables/table_02_pdrqc_width_effects.csv,verbatim copy,b77cd96a8a852bf3bd16c4405939c8de9099d547cd9030cecd1d3736998c95cc
pdrqc_interface_width_sensitivity_2026,results/tables/table_02_pdrqc_width_effects.md,results/reference/width/tables/table_02_pdrqc_width_effects.md,verbatim copy,24fffd716688b20676fa7d389e889a9533f1c81fc0c4313144de96ba81d5a3e8
pdrqc_interface_width_sensitivity_2026,results/tables/table_03_quantum_classical_gaps.csv,results/reference/width/tables/table_03_quantum_classical_gaps.csv,verbatim copy,402ff0fdfd5baaf38dd2249d6ed4b8c6a4bd9931792d19c80f7ad9d08dfc2d8e
pdrqc_interface_width_sensitivity_2026,results/tables/table_03_quantum_classical_gaps.md,results/reference/width/tables/table_03_quantum_classical_gaps.md,verbatim copy,73076c1b837faf5c0d3c48c3fa2a4546725412d2bf73a3e91ea062e029d189fb
pdrqc_interface_width_sensitivity_2026,results/tables/table_04_resource_scaling.csv,results/reference/width/tables/table_04_resource_scaling.csv,verbatim copy,af2a5ff5230eeec477c0c8977dec928ccdeca6d2cf1cb6eb1c6a712a2a66dcdb
pdrqc_interface_width_sensitivity_2026,results/tables/table_04_resource_scaling.md,results/reference/width/tables/table_04_resource_scaling.md,verbatim copy,38e1499fcb1d98fdd69db812c5a2a49b922c1588619e4c371b77a272ea28a16a
pdrqc_interface_width_sensitivity_2026,results/statistics/bootstrap_intervals.csv,results/reference/width/statistics/bootstrap_intervals.csv,verbatim copy,bed9c173eb1307839b7590cc02c77f359fabc3c13694a0949fbd8b057afcdd9d
pdrqc_interface_width_sensitivity_2026,results/statistics/exploratory_tests.csv,results/reference/width/statistics/exploratory_tests.csv,verbatim copy,4425aaf3ffcd82500af0ba482020591b22ad8b8a2df94e90d53aeae49f20ff69
pdrqc_interface_width_sensitivity_2026,results/aggregates/width_results.csv,results/reference/width/aggregates/width_results.csv,verbatim copy,d3134f6903fa298ea8fdecb4e8497885725a63b39bf15f2d3d2c65a7fdd74973
pdrqc_interface_width_sensitivity_2026,results/resources/PCA16_RESOURCE_ESTIMATE.md,results/reference/width/resources/PCA16_RESOURCE_ESTIMATE.md,verbatim copy,98c29fefd32b744c4b8c3bd1c8d1e4f8ef1a0c3e1c41b9b146625329da9ec6f5
pdrqc_interface_width_sensitivity_2026,results/resources/resource_accounting.csv,results/reference/width/resources/resource_accounting.csv,verbatim copy,af2a5ff5230eeec477c0c8977dec928ccdeca6d2cf1cb6eb1c6a712a2a66dcdb
pdrqc_interface_width_sensitivity_2026,figures/source_data/fig01_interface_width_sensitivity.csv,results/reference/width/figure_data/fig01_interface_width_sensitivity.csv,verbatim copy,e17280b5af83990a44ae8f31779e8feb096bfe60b8b618d57e85c052228dbc0f
real_image_qml_benchmark_2026,figures/png/fig2_finite_shot_performance.png,docs/figures/fig2_finite_shot_performance.png,verbatim copy,793ed2ab322408600a1c63bb935d5c58b0dc879457796309eb24406a11bb92cb
real_image_qml_benchmark_2026,figures/pdf/fig2_finite_shot_performance.pdf,docs/figures/fig2_finite_shot_performance.pdf,verbatim copy,b6b70b63d1b415806d27d72706cb86c1d6185df02bc465fb8ad20db6d81ab243
real_image_qml_benchmark_2026,figures/svg/fig2_finite_shot_performance.svg,docs/figures/fig2_finite_shot_performance.svg,verbatim copy,9b35d410343c152a7f82802993e68397c622e7f809439d336fc9e618ac502032
pdrqc_interface_width_sensitivity_2026,figures/png/fig01_interface_width_sensitivity.png,docs/figures/fig01_interface_width_sensitivity.png,verbatim copy,b6e867cf92ab648fec3a24500bef8610c0cabdb3b544c01dcfdad1d3a5f76731
pdrqc_interface_width_sensitivity_2026,figures/pdf/fig01_interface_width_sensitivity.pdf,docs/figures/fig01_interface_width_sensitivity.pdf,verbatim copy,d89913773adb2239b196cb13b1e463be450eb2d56b039225a026407bd67e7174
pdrqc_interface_width_sensitivity_2026,figures/svg/fig01_interface_width_sensitivity.svg,docs/figures/fig01_interface_width_sensitivity.svg,verbatim copy,567134d263d8c8df82ad8e5cc144ee7346d80cdef45e12a3d66ddb7109cd2771
real_image_qml_benchmark_2026,references/METHOD_PROVENANCE.md,docs/references/METHOD_PROVENANCE.md,verbatim copy,65dc1401d3583d8802b56a7dfe135d2a410054b892b89ceadabbdc98f703986c
real_image_qml_benchmark_2026,references/repositories.csv,docs/references/repositories.csv,verbatim copy,2e4356008e80be1968f115348c5836e175fe63179394173bbb5650883eb3984f
real_image_qml_benchmark_2026,references/source_versions.csv,docs/references/source_versions.csv,verbatim copy,83312834c0ea6695a219dc76624f469152ea1549e40fd77fd0b84f197ec3496a
real_image_qml_benchmark_2026,summary/RESULTS_SUMMARY.md,docs/published/RESULTS_SUMMARY.md,verbatim copy,e4e2132dc705bbd96b50a6d2fd447b1599cacd91d062624ce18aae4dd000c2e9
real_image_qml_benchmark_2026,summary/FINAL_EXPERIMENT_STATUS.md,docs/published/FINAL_EXPERIMENT_STATUS.md,verbatim copy,ad2d19ef7fd1dabe686c1e73efedc92ba385a1040a2d7109f0687cd98d305224
real_image_qml_benchmark_2026,summary/DATA_SCALING_SUMMARY.md,docs/published/DATA_SCALING_SUMMARY.md,verbatim copy,61b8eb46915460d9b8f9580637d24a72aaaa31ee6165545e424c906a2c0edc8d
real_image_qml_benchmark_2026,summary/UNCERTAINTY_SUMMARY.md,docs/published/UNCERTAINTY_SUMMARY.md,verbatim copy,bf7c12fe37a1720da0a4f848178d0693e362737508c1868361dea657b6fa5ff6
real_image_qml_benchmark_2026,summary/FAILURE_SUMMARY.md,docs/published/FAILURE_SUMMARY.md,verbatim copy,d6ed678a375d33b1a6bb5cf4d9f0fbc6069386dcdd83813f50652e494fafee9e
real_image_qml_benchmark_2026,summary/WHAT_WAS_RUN.md,docs/published/WHAT_WAS_RUN.md,verbatim copy,bac8538486c681056313800ab79c0fa4eb303e93d5872c5f779cb39b950ebcd0
pdrqc_interface_width_sensitivity_2026,summary/RESULTS_SUMMARY.md,docs/published/WIDTH_RESULTS_SUMMARY.md,verbatim copy,afb18343b862ef39688a0909974c8d5b19c16a006cdc9f7a1cc81c80d75250fa
real_image_qml_benchmark_2026,tests/unit/test_circuits.py,tests/test_circuits.py,namespace-only port,81efa57ad6ff4795c19319d20d5e19c3c23f7dbd9b9c74d76943d75fe37f1d04
real_image_qml_benchmark_2026,tests/unit/test_pdrqc.py,tests/test_pdrqc.py,namespace-only port,b2620b526204662f3717b93bbb995ed5ae8b625426284e09baab1541235e79ba
real_image_qml_benchmark_2026,tests/unit/test_training_resume.py,tests/test_training_resume.py,namespace-only port,c5add17785bbaefb8ce4c419907d5897d56f4e4ffadf9ebd0a6d63b5cb4b6863
