dataset,training_scale,method,reference_group,primary_metric,primary_metric_mean,primary_metric_sd,primary_metric_95%_CI,ci_95_lower,ci_95_upper,metric_macro_f1_mean,metric_auprc_mean,metric_nll_mean,metric_brier_mean,metric_ece_15_mean,metric_aurc_mean,status
breastmnist,D_100pct,C-CNN,full-image reference,AUROC,0.5987190197716513,0.0076148754741716,"[0.497283, 0.697788]",0.4972831384015594,0.697787872458925,0.470645778830734,0.8132386217957377,0.5732573080319624,0.3863585074312651,0.0880994489312214,0.1956592552156267,COMPLETED
breastmnist,D_100pct,C-LR,matched PCA8 input,AUROC,0.7604427736006683,,"[0.662698, 0.849206]",0.6626984126984127,0.8492063492063492,0.7111111111111111,0.8761800320991531,0.5116054800722123,0.314577529353338,0.0937091321500605,0.1310055368313095,COMPLETED
breastmnist,D_100pct,C-MLP,matched PCA8 input,AUROC,0.6881091617933723,0.0872171882143147,"[0.574760, 0.797623]",0.5747598162071846,0.7976225285435813,0.6073643016194145,0.8452086645939662,0.5915707423093193,0.405360697510543,0.1612111011887693,0.3266218249477887,COMPLETED
breastmnist,D_100pct,C-Poly,matched PCA8 input,AUROC,0.720342522974102,,"[0.623846, 0.809524]",0.6238460735171261,0.8095238095238095,0.6467924528301887,0.8681899029413586,0.5384451118605463,0.3498118463153217,0.0963511962774613,0.147899013306252,COMPLETED
breastmnist,D_100pct,C-RBF,matched PCA8 input,AUROC,0.7740183792815372,,"[0.677318, 0.862155]",0.6773182957393483,0.8621553884711779,0.7166003829724554,0.8774133957614656,0.4838990701150537,0.2984640524429998,0.1344950058963355,0.1437819691478664,COMPLETED
breastmnist,D_100pct,C-RFF,matched PCA8 input,AUROC,0.7846700083542189,0.0291209245014706,"[0.693190, 0.866889]",0.6931895711500976,0.8668894458368143,0.7022674101282679,0.894279898967865,0.4782212401438204,0.3070333462140866,0.0998777262418674,0.1151484759265683,COMPLETED
breastmnist,D_100pct,C-ResNet,full-image reference,AUROC,0.8178780284043442,,"[0.729741, 0.894110]",0.7297410192147035,0.8941102756892231,0.7688888888888888,0.8976960880849977,0.5100024461029783,0.288364577352683,0.1040264161195306,0.11779556596482,COMPLETED
breastmnist,D_100pct,C-Trig,matched PCA8 input,AUROC,0.7829991645781119,,"[0.684837, 0.870933]",0.6848370927318296,0.8709325396825396,0.724398416082851,0.8789254927697212,0.4648757036145249,0.2900835313081655,0.0869794754860589,0.1257875064816035,COMPLETED
breastmnist,D_100pct,PdrQC-Matched,matched PCA8 input,AUROC,0.7846700083542189,,"[0.695489, 0.863617]",0.6954887218045113,0.8636173767752715,0.6793522267206478,0.893969144400667,0.4819341559336186,0.3091279275940684,0.0993147855228829,0.1167834104493265,COMPLETED
breastmnist,D_100pct,QF-Product,matched PCA8 input,AUROC,0.702172096908939,,"[0.597118, 0.801587]",0.5971177944862155,0.8015873015873016,0.6789462852438772,0.8419568298478874,0.5152823068313854,0.3344470852553206,0.099005918559703,0.1631680193567875,COMPLETED
breastmnist,D_100pct,QF-Ring,matched PCA8 input,AUROC,0.6844193817878028,,"[0.581245, 0.785923]",0.5812447786131997,0.7859231411862991,0.6358543417366946,0.8256336902374085,0.5335712957806271,0.348764797345758,0.0881717292006126,0.1755910896703561,COMPLETED
breastmnist,D_100pct,QK-IQP,matched PCA8 input,AUROC,0.5465747702589808,,"[0.439850, 0.655394]",0.4398496240601504,0.6553936925647451,0.522977459374454,0.7424270145254799,0.5917130227537398,0.3996876430351062,0.1392155484524719,0.2859944403105127,COMPLETED
breastmnist,D_100pct,VQC-DR,matched PCA8 input,AUROC,0.7165831244778613,0.0132816316588009,"[0.626009, 0.802426]",0.6260094681147313,0.8024262043998885,0.6647015317897109,0.8568581166642941,0.5254957985433738,0.3423388192874943,0.1022879102833451,0.1499458930609478,COMPLETED
breastmnist,D_100pct,Yomo-Matched,matched PCA8 input,AUROC,0.4666527429685324,0.0130602878308765,"[0.366748, 0.569900]",0.3667484683932052,0.5699004455583402,0.4898545309561146,0.7004014424684607,0.693890999148285,0.5007431063134352,0.1351642105368988,0.566388443156154,COMPLETED
cifar10,D_5k,C-CNN,full-image reference,Accuracy,0.3532,0.0083192547743172,"[0.342599, 0.364301]",0.3425991550087929,0.3643008463084697,0.3368029833385595,,1.7277493346649413,0.7630925201417873,0.0282441692802639,0.5259966149632553,COMPLETED
cifar10,D_5k,C-LR,matched PCA8 input,Accuracy,0.7089,,"[0.700300, 0.717700]",0.7002999782562256,0.7177000045776367,0.7077354986601787,,0.78183625304331,0.3969307482722806,0.0132503168776078,0.1252904600708858,COMPLETED
cifar10,D_5k,C-MLP,matched PCA8 input,Accuracy,0.6754333333333333,0.0281098440645502,"[0.647800, 0.700833]",0.6478000283241272,0.7008333206176758,0.6724125084848346,,0.8780302919358388,0.4404326518804486,0.0160619010176777,0.1580448573912421,COMPLETED
cifar10,D_5k,C-Poly,matched PCA8 input,Accuracy,0.7075,,"[0.698700, 0.716400]",0.6987000107765198,0.7164000272750854,0.7099692005257185,,0.9685784763490428,0.4673024139269729,0.0890198350812984,0.2410837268711151,COMPLETED
cifar10,D_5k,C-RBF,matched PCA8 input,Accuracy,0.716,,"[0.707497, 0.724700]",0.7074974820017814,0.7246999740600586,0.7150516690892933,,0.9360341743759976,0.4546437484042024,0.1121892785379033,0.2095939416956179,COMPLETED
cifar10,D_5k,C-RFF,matched PCA8 input,Accuracy,0.7084666666666667,0.0008504900548115,"[0.699967, 0.717000]",0.6999667286872864,0.7170000076293945,0.7074535164676177,,0.7949468254908489,0.3970294533768348,0.0219673074671283,0.125669573094049,COMPLETED
cifar10,D_5k,C-ResNet,full-image reference,Accuracy,0.8471,,"[0.840200, 0.854100]",0.8402000069618225,0.8540999889373779,0.8469871238835927,,0.4371347383119167,0.2172155949994642,0.0121201050233793,0.0358572640785229,COMPLETED
cifar10,D_5k,C-Trig,matched PCA8 input,Accuracy,0.6981,,"[0.689400, 0.706900]",0.6894000172615051,0.7069000005722046,0.6970054733248865,,0.8369152942834502,0.4135161793129198,0.0136273294105412,0.1364331059853961,COMPLETED
cifar10,D_5k,PdrQC-Matched,matched PCA8 input,Accuracy,0.681,,"[0.672100, 0.689900]",0.6721000075340271,0.6898999810218811,0.6797346830501201,,0.8750287969943441,0.4332980012204956,0.0161291218863948,0.1516240615525735,COMPLETED
cifar10,D_5k,QF-Product,matched PCA8 input,Accuracy,0.4303,,"[0.420900, 0.439500]",0.4208999872207641,0.4395000040531158,0.4251256344731203,,1.6493002360269806,0.7138406670909464,0.025215239185301,0.4084453237038667,COMPLETED
cifar10,D_5k,QF-Ring,matched PCA8 input,Accuracy,0.3637,,"[0.354800, 0.372800]",0.3547999858856201,0.3727999925613403,0.3551190579448352,,1.849644280076262,0.7744236448730693,0.0320862854321827,0.4890467936336456,COMPLETED
cifar10,D_5k,QK-IQP,matched PCA8 input,Accuracy,0.1148,,"[0.108900, 0.121000]",0.1089000031352043,0.1209999993443489,0.1040466197968904,,2.301542756826165,0.8997882131482046,0.0110234382616199,0.8783714129828223,COMPLETED
cifar10,D_5k,VQC-DR,matched PCA8 input,Accuracy,0.4198333333333333,0.0174290944496073,"[0.403200, 0.438600]",0.4032000295817852,0.4386000037193298,0.4121084889013401,,1.5316074485732718,0.6966912161072454,0.038615794289774,0.4046711745810932,COMPLETED
cifar10,D_5k,Yomo-Matched,matched PCA8 input,Accuracy,0.2808666666666666,0.0148432925368104,"[0.266899, 0.296900]",0.2668991707265377,0.2969000041484833,0.2691753791641526,,2.063339103581399,0.837228276146852,0.0420758293895268,0.6468572903651423,COMPLETED
fashion_mnist,D_5k,C-CNN,full-image reference,Accuracy,0.7379333333333333,0.0064732784069073,"[0.728867, 0.747033]",0.7288666367530823,0.7470332995057106,0.7254766669864087,,0.7192774204713811,0.3546242503800698,0.0182951742169306,0.0879110268811237,COMPLETED
fashion_mnist,D_5k,C-LR,matched PCA8 input,Accuracy,0.7652,,"[0.757700, 0.773000]",0.7577000260353088,0.7730000019073486,0.7629565079925393,,0.6155551248465022,0.3163722618231231,0.0111391367565999,0.0708353082353595,COMPLETED
fashion_mnist,D_5k,C-MLP,matched PCA8 input,Accuracy,0.7454666666666666,0.0098439490720611,"[0.733333, 0.756133]",0.7333325162529946,0.7561333775520325,0.7380855853343412,,0.6916244011070841,0.3448021808020468,0.0177500794925751,0.0833855023242712,COMPLETED
fashion_mnist,D_5k,C-Poly,matched PCA8 input,Accuracy,0.7872,,"[0.779700, 0.794600]",0.779699981212616,0.7946000099182129,0.7860508905026022,,0.7620676954765492,0.3567462496192703,0.1034624392856982,0.1204599983640372,COMPLETED
fashion_mnist,D_5k,C-RBF,matched PCA8 input,Accuracy,0.7937,,"[0.786300, 0.801100]",0.786300003528595,0.8011000156402588,0.7921757118415812,,0.7325936799844254,0.3501850276413712,0.1123684677238743,0.1158427296240575,COMPLETED
fashion_mnist,D_5k,C-RFF,matched PCA8 input,Accuracy,0.7902333333333335,0.0020207259421636,"[0.782900, 0.797801]",0.7828999757766724,0.79780083745718,0.7890528911062256,,0.5792321208320076,0.2947811618982957,0.0170504644522296,0.0621428675206219,COMPLETED
fashion_mnist,D_5k,C-ResNet,full-image reference,Accuracy,0.8647,,"[0.858200, 0.871000]",0.8582000136375427,0.8709999918937683,0.864544660540011,,0.3864046158830702,0.1959785910425547,0.0085174673079854,0.0291123276115337,COMPLETED
fashion_mnist,D_5k,C-Trig,matched PCA8 input,Accuracy,0.787,,"[0.779498, 0.794500]",0.7794975072145462,0.7944999933242798,0.7856438442753846,,0.5864368372234781,0.2981832812263907,0.0110001647690388,0.0631262594098751,COMPLETED
fashion_mnist,D_5k,PdrQC-Matched,matched PCA8 input,Accuracy,0.7718,,"[0.764100, 0.779500]",0.7641000151634216,0.7795000076293945,0.769633944448594,,0.6185332672390845,0.3141498117193568,0.0130663905362447,0.0699198172433762,COMPLETED
fashion_mnist,D_5k,QF-Product,matched PCA8 input,Accuracy,0.5825,,"[0.573600, 0.591300]",0.5735999941825867,0.5913000106811523,0.5732171527203125,,1.2292573793361974,0.5441641824817529,0.0240589884233333,0.2045145459826938,COMPLETED
fashion_mnist,D_5k,QF-Ring,matched PCA8 input,Accuracy,0.5891,,"[0.580100, 0.597900]",0.5800999999046326,0.5978999733924866,0.5831342600500429,,1.23606719577207,0.5429132069899294,0.0255718534712991,0.2042138972716723,COMPLETED
fashion_mnist,D_5k,QK-IQP,matched PCA8 input,Accuracy,0.1347,,"[0.128100, 0.141400]",0.1280999928712844,0.1413999944925308,0.1332881063570618,,2.2927111745402646,0.8979346032606919,0.0303991784935176,0.8229576194347538,COMPLETED
fashion_mnist,D_5k,VQC-DR,matched PCA8 input,Accuracy,0.5195666666666666,0.0209538381527904,"[0.499732, 0.540800]",0.4997324667870998,0.5407999753952026,0.5145143646508663,,1.3801811196191895,0.6129386815873882,0.038558510833304,0.2741459740009715,COMPLETED
fashion_mnist,D_5k,Yomo-Matched,matched PCA8 input,Accuracy,0.3083666666666666,0.0266335002080712,"[0.281699, 0.331001]",0.281699151545763,0.3310008339583873,0.2908294707543943,,2.002327810355487,0.8227195952030758,0.0515065250812374,0.5831606160427086,COMPLETED
mnist,D_5k,C-CNN,full-image reference,Accuracy,0.9072,0.0077595102938265,"[0.898200, 0.915567]",0.8981999754905701,0.915566623210907,0.9068485021563562,,0.3114277216189871,0.1386124255344146,0.011174062750038,0.0143652388309211,COMPLETED
mnist,D_5k,C-LR,matched PCA8 input,Accuracy,0.8031,,"[0.795800, 0.810500]",0.795799970626831,0.8105000257492065,0.7992136964991757,,0.5378259250241738,0.2725385263430381,0.0101818455623979,0.0551425926897859,COMPLETED
mnist,D_5k,C-MLP,matched PCA8 input,Accuracy,0.7752,0.0184073354943077,"[0.757199, 0.793002]",0.7571991696953774,0.7930016487836837,0.7701289970163302,,0.617577627903477,0.3060925461451348,0.0147853989291548,0.0686077065885097,COMPLETED
mnist,D_5k,C-Poly,matched PCA8 input,Accuracy,0.8247,,"[0.817600, 0.831900]",0.8176000118255615,0.8319000005722046,0.8232803096909661,,0.6708752650462726,0.3021274576058019,0.0685319293878217,0.106543262181261,COMPLETED
mnist,D_5k,C-RBF,matched PCA8 input,Accuracy,0.8443,,"[0.837500, 0.851100]",0.8374999761581421,0.8511000275611877,0.8410626627962084,,0.6061309813867002,0.2739926669480457,0.1211285872633674,0.0694827015836222,COMPLETED
mnist,D_5k,C-RFF,matched PCA8 input,Accuracy,0.8369,0.0015099668870541,"[0.830033, 0.843633]",0.8300334215164185,0.8436334133148193,0.833638498110815,,0.4684097271478739,0.2323315415062681,0.0104855572100933,0.0400757530324048,COMPLETED
mnist,D_5k,C-ResNet,full-image reference,Accuracy,0.9637,,"[0.960000, 0.967300]",0.959999978542328,0.9672999978065492,0.9632109317675328,,0.1175306933089545,0.0550588253789934,0.0030333835525656,0.0023345640528893,COMPLETED
mnist,D_5k,C-Trig,matched PCA8 input,Accuracy,0.8297,,"[0.822700, 0.836700]",0.822700023651123,0.8367000222206116,0.825984997882445,,0.4943621517433775,0.2416954930656663,0.0073274582823721,0.0429392659881178,COMPLETED
mnist,D_5k,PdrQC-Matched,matched PCA8 input,Accuracy,0.7934,,"[0.786000, 0.800900]",0.7860000133514404,0.8008999824523926,0.7888744587710689,,0.5754843035058,0.2820162546482505,0.0120000701487019,0.0574017253813271,COMPLETED
mnist,D_5k,QF-Product,matched PCA8 input,Accuracy,0.4969,,"[0.487700, 0.506100]",0.4876999855041504,0.5060999989509583,0.4873407519193593,,1.4437265263969272,0.6272999982077437,0.027640115889177,0.2815985370199995,COMPLETED
mnist,D_5k,QF-Ring,matched PCA8 input,Accuracy,0.4221,,"[0.413100, 0.431300]",0.413100004196167,0.431300014257431,0.4104420138726203,,1.6857718133874695,0.7119610459314802,0.0303865243760549,0.3799672844792423,COMPLETED
mnist,D_5k,QK-IQP,matched PCA8 input,Accuracy,0.1085,,"[0.102500, 0.114503]",0.1024999991059303,0.1145025011152028,0.1079493438765812,,2.3016303387524166,0.8998066404720859,0.0109139617135382,0.8837917756391143,COMPLETED
mnist,D_5k,VQC-DR,matched PCA8 input,Accuracy,0.4132666666666666,0.0084671915847778,"[0.402732, 0.424434]",0.4027324937283992,0.4244341842830181,0.4017946139582363,,1.6217215777898966,0.6967056315072716,0.0372675553600896,0.3635932022682921,COMPLETED
mnist,D_5k,Yomo-Matched,matched PCA8 input,Accuracy,0.2381999999999999,0.0104842739376649,"[0.227000, 0.249833]",0.2269999980926513,0.249833345413208,0.2229395004368439,,2.1345740856991093,0.8591885609253604,0.0373465248138461,0.6613793739903963,COMPLETED
