dataset,training_scale,method,runs,primary_metric,primary_metric_mean,primary_metric_sd,statevector_evaluations,kernel_entries,status,ci_95_lower,ci_95_upper,rank,primary_metric_95%_CI
breastmnist,D_100pct,C-CNN,3,auroc,0.5987190197716513,0.0076148754741716,0.0,0.0,COMPLETED,0.4983274157616263,0.6970220690615427,12.0,"[0.498327, 0.697022]"
breastmnist,D_100pct,C-LR,1,auroc,0.7604427736006683,,0.0,0.0,COMPLETED,0.6626984126984127,0.8492063492063492,6.0,"[0.662698, 0.849206]"
breastmnist,D_100pct,C-MLP,3,auroc,0.6881091617933723,0.0872171882143147,0.0,0.0,COMPLETED,0.5751844890002785,0.7976190476190476,10.0,"[0.575184, 0.797619]"
breastmnist,D_100pct,C-Poly,1,auroc,0.720342522974102,,0.0,0.0,COMPLETED,0.6238460735171261,0.8095238095238095,7.0,"[0.623846, 0.809524]"
breastmnist,D_100pct,C-RBF,1,auroc,0.7740183792815372,,0.0,0.0,COMPLETED,0.6773182957393483,0.8621553884711779,5.0,"[0.677318, 0.862155]"
breastmnist,D_100pct,C-RFF,3,auroc,0.7846700083542189,0.0291209245014706,0.0,0.0,COMPLETED,0.6909600389863547,0.8648739905318852,2.5,"[0.690960, 0.864874]"
breastmnist,D_100pct,C-ResNet,1,auroc,0.8178780284043442,,0.0,0.0,COMPLETED,0.7297410192147035,0.8941102756892231,1.0,"[0.729741, 0.894110]"
breastmnist,D_100pct,C-Trig,1,auroc,0.7829991645781119,,0.0,0.0,COMPLETED,0.6848370927318296,0.8709325396825396,4.0,"[0.684837, 0.870933]"
breastmnist,D_100pct,PdrQC-Matched,1,auroc,0.7846700083542189,,702.0,0.0,COMPLETED,0.6954887218045113,0.8636173767752715,2.5,"[0.695489, 0.863617]"
breastmnist,D_100pct,QF-Product,1,auroc,0.702172096908939,,702.0,0.0,COMPLETED,0.5971177944862155,0.8015873015873016,9.0,"[0.597118, 0.801587]"
breastmnist,D_100pct,QF-Ring,1,auroc,0.6844193817878028,,702.0,0.0,COMPLETED,0.5812447786131997,0.7859231411862991,11.0,"[0.581245, 0.785923]"
breastmnist,D_100pct,QK-IQP,1,auroc,0.5465747702589808,,0.0,383292.0,COMPLETED,0.4398496240601504,0.6553936925647451,13.0,"[0.439850, 0.655394]"
breastmnist,D_100pct,VQC-DR,3,auroc,0.7165831244778613,0.0132816316588009,468.0,0.0,COMPLETED,0.6264933166248956,0.8008928571428572,8.0,"[0.626493, 0.800893]"
breastmnist,D_100pct,Yomo-Matched,3,auroc,0.4666527429685324,0.0130602878308765,468.0,0.0,COMPLETED,0.3664699944305207,0.5694113756613756,14.0,"[0.366470, 0.569411]"
breastmnist,D_25pct,C-CNN,3,auroc,0.5895989974937342,0.0031536484692024,0.0,0.0,COMPLETED,0.4878811612364244,0.6888767056530214,11.0,"[0.487881, 0.688877]"
breastmnist,D_25pct,C-LR,1,auroc,0.7631578947368421,,0.0,0.0,COMPLETED,0.6683375104427736,0.850046992481203,3.0,"[0.668338, 0.850047]"
breastmnist,D_25pct,C-MLP,3,auroc,0.5776942355889724,0.1533859669393742,0.0,0.0,COMPLETED,0.418405388471178,0.7433166248955723,12.0,"[0.418405, 0.743317]"
breastmnist,D_25pct,C-Poly,1,auroc,0.7723475355054302,,0.0,0.0,COMPLETED,0.6881787802840434,0.8500417710944027,2.0,"[0.688179, 0.850042]"
breastmnist,D_25pct,C-RBF,1,auroc,0.7447786131996659,,0.0,0.0,COMPLETED,0.6455722639933166,0.8368838763575606,6.0,"[0.645572, 0.836884]"
breastmnist,D_25pct,C-RFF,3,auroc,0.7726260094681147,0.0058042785706195,0.0,0.0,COMPLETED,0.6789856585909219,0.858885059871902,1.0,"[0.678986, 0.858885]"
breastmnist,D_25pct,C-ResNet,1,auroc,0.751044277360067,,0.0,0.0,COMPLETED,0.6478696741854637,0.8441990392648286,4.0,"[0.647870, 0.844199]"
breastmnist,D_25pct,C-Trig,1,auroc,0.7326649958228906,,0.0,0.0,COMPLETED,0.6303258145363408,0.824984335839599,7.0,"[0.630326, 0.824984]"
breastmnist,D_25pct,PdrQC-Matched,1,auroc,0.7508354218880534,,293.0,0.0,COMPLETED,0.6518379281537177,0.841687552213868,5.0,"[0.651838, 0.841688]"
breastmnist,D_25pct,QF-Product,1,auroc,0.6353383458646616,,293.0,0.0,COMPLETED,0.5321585213032581,0.7368421052631579,10.0,"[0.532159, 0.736842]"
breastmnist,D_25pct,QF-Ring,1,auroc,0.6739766081871346,,293.0,0.0,COMPLETED,0.5710108604845447,0.7750678780284043,9.0,"[0.571011, 0.775068]"
breastmnist,D_25pct,QK-IQP,1,auroc,0.4832915622389306,,0.0,40141.0,COMPLETED,0.3809419381787802,0.5895989974937343,13.0,"[0.380942, 0.589599]"
breastmnist,D_25pct,VQC-DR,3,auroc,0.7256335282651071,0.0290371705905691,468.0,0.0,COMPLETED,0.6301169590643275,0.814397103870788,8.0,"[0.630117, 0.814397]"
breastmnist,D_25pct,Yomo-Matched,3,auroc,0.4759120022277917,0.0077736145097231,468.0,0.0,COMPLETED,0.3805329295460875,0.56906328320802,14.0,"[0.380533, 0.569063]"
breastmnist,D_50pct,C-CNN,3,auroc,0.5987190197716513,0.0057929947264591,0.0,0.0,COMPLETED,0.4971439014202172,0.6975076580339739,12.0,"[0.497144, 0.697508]"
breastmnist,D_50pct,C-LR,1,auroc,0.7677527151211362,,0.0,0.0,COMPLETED,0.6706349206349206,0.8556860902255639,3.5,"[0.670635, 0.855686]"
breastmnist,D_50pct,C-MLP,3,auroc,0.6528125870231133,0.0892928183461491,0.0,0.0,COMPLETED,0.5416301169590644,0.7669172932330827,11.0,"[0.541630, 0.766917]"
breastmnist,D_50pct,C-Poly,1,auroc,0.7568922305764411,,0.0,0.0,COMPLETED,0.6587301587301587,0.8462823725981621,5.0,"[0.658730, 0.846282]"
breastmnist,D_50pct,C-RBF,1,auroc,0.7965747702589807,,0.0,0.0,COMPLETED,0.7078111946532999,0.8761487050960736,2.0,"[0.707811, 0.876149]"
breastmnist,D_50pct,C-RFF,3,auroc,0.7677527151211362,0.0192135683076138,0.0,0.0,COMPLETED,0.671329365079365,0.8538011695906432,3.5,"[0.671329, 0.853801]"
breastmnist,D_50pct,C-ResNet,1,auroc,0.8034670008354219,,0.0,0.0,COMPLETED,0.7136591478696742,0.8830409356725146,1.0,"[0.713659, 0.883041]"
breastmnist,D_50pct,C-Trig,1,auroc,0.7562656641604011,,0.0,0.0,COMPLETED,0.6637374686716792,0.8419016290726816,6.0,"[0.663737, 0.841902]"
breastmnist,D_50pct,PdrQC-Matched,1,auroc,0.7385129490392649,,430.0,0.0,COMPLETED,0.6426482873851295,0.8279083124477861,7.0,"[0.642648, 0.827908]"
breastmnist,D_50pct,QF-Product,1,auroc,0.6952798663324979,,430.0,0.0,COMPLETED,0.5904344193817878,0.7961570593149541,9.0,"[0.590434, 0.796157]"
breastmnist,D_50pct,QF-Ring,1,auroc,0.7132414369256473,,430.0,0.0,COMPLETED,0.608390768588137,0.8147451963241437,8.0,"[0.608391, 0.814745]"
breastmnist,D_50pct,QK-IQP,1,auroc,0.5530492898913951,,0.0,117820.0,COMPLETED,0.4527986633249791,0.6507936507936508,13.0,"[0.452799, 0.650794]"
breastmnist,D_50pct,VQC-DR,3,auroc,0.6592871066555277,0.0338044910175295,468.0,0.0,COMPLETED,0.5692686577554998,0.7492376775271511,10.0,"[0.569269, 0.749238]"
breastmnist,D_50pct,Yomo-Matched,3,auroc,0.5190058479532164,0.0224254764012196,468.0,0.0,COMPLETED,0.4278038847117795,0.6125034809245334,14.0,"[0.427804, 0.612503]"
cifar10,D_10k,C-CNN,3,accuracy,0.3983333333333332,0.0213645344749969,0.0,0.0,COMPLETED,0.3754000067710876,0.4169332981109619,11.0,"[0.375400, 0.416933]"
cifar10,D_10k,C-LR,1,accuracy,0.715,,0.0,0.0,COMPLETED,0.7064999938011169,0.7236999869346619,5.0,"[0.706500, 0.723700]"
cifar10,D_10k,C-MLP,3,accuracy,0.7050000000000001,0.001044030650891,0.0,0.0,COMPLETED,0.6967333555221558,0.7135000228881836,7.0,"[0.696733, 0.713500]"
cifar10,D_10k,C-Poly,1,accuracy,0.7152,,0.0,0.0,COMPLETED,0.70660001039505,0.7240024775266647,4.0,"[0.706600, 0.724002]"
cifar10,D_10k,C-RBF,1,accuracy,0.7237,,0.0,0.0,COMPLETED,0.7149999737739563,0.7322999835014343,2.0,"[0.715000, 0.732300]"
cifar10,D_10k,C-RFF,3,accuracy,0.7172999999999999,0.0021794494717703,0.0,0.0,COMPLETED,0.7087000012397766,0.7260000109672546,3.0,"[0.708700, 0.726000]"
cifar10,D_10k,C-ResNet,1,accuracy,0.8596,,0.0,0.0,COMPLETED,0.8529000282287598,0.8662999868392944,1.0,"[0.852900, 0.866300]"
cifar10,D_10k,C-Trig,1,accuracy,0.7076,,0.0,0.0,COMPLETED,0.6988999843597412,0.7164000272750854,6.0,"[0.698900, 0.716400]"
cifar10,D_10k,PdrQC-Matched,1,accuracy,0.685,,20000.0,0.0,COMPLETED,0.6761999726295471,0.6938999891281128,8.0,"[0.676200, 0.693900]"
cifar10,D_10k,QF-Product,1,accuracy,0.4449,,20000.0,0.0,COMPLETED,0.4354999959468841,0.4544999897480011,9.0,"[0.435500, 0.454500]"
cifar10,D_10k,QF-Ring,1,accuracy,0.3744,,20000.0,0.0,COMPLETED,0.3653999865055084,0.3837999999523163,12.0,"[0.365400, 0.383800]"
cifar10,D_10k,QK-IQP,1,accuracy,0.1185,,0.0,200000000.0,COMPLETED,0.1120000034570694,0.1247000023722648,14.0,"[0.112000, 0.124700]"
cifar10,D_10k,VQC-DR,3,accuracy,0.4312999999999999,0.0255869107162236,30000.0,0.0,COMPLETED,0.4049000144004822,0.4539333581924438,10.0,"[0.404900, 0.453933]"
cifar10,D_10k,Yomo-Matched,3,accuracy,0.2831666666666666,0.0171779897931432,30000.0,0.0,COMPLETED,0.2677658505737781,0.3019008331000805,13.0,"[0.267766, 0.301901]"
cifar10,D_1k,C-CNN,3,accuracy,0.2594666666666667,0.0099470263563204,0.0,0.0,COMPLETED,0.2488999962806701,0.2708008274435997,12.0,"[0.248900, 0.270801]"
cifar10,D_1k,C-LR,1,accuracy,0.6961,,0.0,0.0,COMPLETED,0.6873999834060669,0.704800009727478,2.0,"[0.687400, 0.704800]"
cifar10,D_1k,C-MLP,3,accuracy,0.4737,0.0988168001910606,0.0,0.0,COMPLETED,0.3955999910831451,0.5823025077581405,8.0,"[0.395600, 0.582303]"
cifar10,D_1k,C-Poly,1,accuracy,0.6612,,0.0,0.0,COMPLETED,0.6521000266075134,0.6700999736785889,6.0,"[0.652100, 0.670100]"
cifar10,D_1k,C-RBF,1,accuracy,0.693,,0.0,0.0,COMPLETED,0.6841999888420105,0.7017999887466431,3.0,"[0.684200, 0.701800]"
cifar10,D_1k,C-RFF,3,accuracy,0.6848666666666667,0.0004932882862316,0.0,0.0,COMPLETED,0.6761000156402588,0.6934333443641663,4.0,"[0.676100, 0.693433]"
cifar10,D_1k,C-ResNet,1,accuracy,0.8163,,0.0,0.0,COMPLETED,0.808899998664856,0.8237000107765198,1.0,"[0.808900, 0.823700]"
cifar10,D_1k,C-Trig,1,accuracy,0.6685,,0.0,0.0,COMPLETED,0.6593999862670898,0.6773024767637252,5.0,"[0.659400, 0.677302]"
cifar10,D_1k,PdrQC-Matched,1,accuracy,0.6587,,11000.0,0.0,COMPLETED,0.6499000191688538,0.667900025844574,7.0,"[0.649900, 0.667900]"
cifar10,D_1k,QF-Product,1,accuracy,0.3926,,11000.0,0.0,COMPLETED,0.3833000063896179,0.4020000100135803,9.0,"[0.383300, 0.402000]"
cifar10,D_1k,QF-Ring,1,accuracy,0.3331,,11000.0,0.0,COMPLETED,0.3244000077247619,0.3422000110149383,11.0,"[0.324400, 0.342200]"
cifar10,D_1k,QK-IQP,1,accuracy,0.1081,,0.0,11000000.0,COMPLETED,0.1021975014358759,0.1142999976873397,14.0,"[0.102198, 0.114300]"
cifar10,D_1k,VQC-DR,3,accuracy,0.3652666666666667,0.0219777918211392,30000.0,0.0,COMPLETED,0.3432325132191181,0.3862000107765198,10.0,"[0.343233, 0.386200]"
cifar10,D_1k,Yomo-Matched,3,accuracy,0.2213666666666666,0.0074298945708087,30000.0,0.0,COMPLETED,0.2116000056266784,0.2307333208620548,13.0,"[0.211600, 0.230733]"
cifar10,D_5k,C-CNN,3,accuracy,0.3532,0.0083192547743172,0.0,0.0,COMPLETED,0.3426666855812073,0.364300012588501,12.0,"[0.342667, 0.364300]"
cifar10,D_5k,C-LR,1,accuracy,0.7089,,0.0,0.0,COMPLETED,0.7002999782562256,0.7177000045776367,3.0,"[0.700300, 0.717700]"
cifar10,D_5k,C-MLP,3,accuracy,0.6754333333333333,0.0281098440645502,0.0,0.0,COMPLETED,0.647097472846508,0.701200008392334,8.0,"[0.647097, 0.701200]"
cifar10,D_5k,C-Poly,1,accuracy,0.7075,,0.0,0.0,COMPLETED,0.6987000107765198,0.7164000272750854,5.0,"[0.698700, 0.716400]"
cifar10,D_5k,C-RBF,1,accuracy,0.716,,0.0,0.0,COMPLETED,0.7074974820017814,0.7246999740600586,2.0,"[0.707497, 0.724700]"
cifar10,D_5k,C-RFF,3,accuracy,0.7084666666666667,0.0008504900548115,0.0,0.0,COMPLETED,0.6998999714851379,0.7170000076293945,4.0,"[0.699900, 0.717000]"
cifar10,D_5k,C-ResNet,1,accuracy,0.8471,,0.0,0.0,COMPLETED,0.8402000069618225,0.8540999889373779,1.0,"[0.840200, 0.854100]"
cifar10,D_5k,C-Trig,1,accuracy,0.6981,,0.0,0.0,COMPLETED,0.6894000172615051,0.7069000005722046,6.0,"[0.689400, 0.706900]"
cifar10,D_5k,PdrQC-Matched,1,accuracy,0.681,,15000.0,0.0,COMPLETED,0.6721000075340271,0.6898999810218811,7.0,"[0.672100, 0.689900]"
cifar10,D_5k,QF-Product,1,accuracy,0.4303,,15000.0,0.0,COMPLETED,0.4208999872207641,0.4395000040531158,9.0,"[0.420900, 0.439500]"
cifar10,D_5k,QF-Ring,1,accuracy,0.3637,,15000.0,0.0,COMPLETED,0.3547999858856201,0.3727999925613403,11.0,"[0.354800, 0.372800]"
cifar10,D_5k,QK-IQP,1,accuracy,0.1148,,0.0,75000000.0,COMPLETED,0.1089000031352043,0.1209999993443489,14.0,"[0.108900, 0.121000]"
cifar10,D_5k,VQC-DR,3,accuracy,0.4198333333333333,0.0174290944496073,30000.0,0.0,COMPLETED,0.403400032967329,0.4388341881334781,10.0,"[0.403400, 0.438834]"
cifar10,D_5k,Yomo-Matched,3,accuracy,0.2808666666666666,0.0148432925368104,30000.0,0.0,COMPLETED,0.2668666839599609,0.2967999875545501,13.0,"[0.266867, 0.296800]"
cifar10,D_full,C-CNN,3,accuracy,0.5724666666666667,0.0054003086331554,0.0,0.0,COMPLETED,0.5626991420984269,0.582466721534729,7.0,"[0.562699, 0.582467]"
cifar10,D_full,C-LR,1,accuracy,0.7157,,0.0,0.0,COMPLETED,0.7071999907493591,0.7245000004768372,3.0,"[0.707200, 0.724500]"
cifar10,D_full,C-MLP,3,accuracy,0.7093666666666666,0.0012055427546683,0.0,0.0,COMPLETED,0.7010334119200706,0.7179666757583618,5.0,"[0.701033, 0.717967]"
cifar10,D_full,C-RFF,3,accuracy,0.7246333333333332,0.0018339392937972,0.0,0.0,COMPLETED,0.7160667166113853,0.7333667278289795,2.0,"[0.716067, 0.733367]"
cifar10,D_full,C-ResNet,1,accuracy,0.8748,,0.0,0.0,COMPLETED,0.868399977684021,0.8812000155448914,1.0,"[0.868400, 0.881200]"
cifar10,D_full,C-Trig,1,accuracy,0.7127,,0.0,0.0,COMPLETED,0.7039999961853027,0.7213000059127808,4.0,"[0.704000, 0.721300]"
cifar10,D_full,PdrQC-Matched,1,accuracy,0.6923,,55000.0,0.0,COMPLETED,0.6837999820709229,0.701200008392334,6.0,"[0.683800, 0.701200]"
cifar10,D_full,QF-Product,1,accuracy,0.4422,,55000.0,0.0,COMPLETED,0.4329000115394592,0.4514999985694885,9.0,"[0.432900, 0.451500]"
cifar10,D_full,QF-Ring,1,accuracy,0.378,,55000.0,0.0,COMPLETED,0.3689999878406524,0.387499988079071,10.0,"[0.369000, 0.387500]"
cifar10,D_full,VQC-DR,3,accuracy,0.4458333333333333,0.0039463062898529,30000.0,0.0,COMPLETED,0.4368333518505096,0.4547666907310486,8.0,"[0.436833, 0.454767]"
cifar10,D_full,Yomo-Matched,3,accuracy,0.2897333333333333,0.002059935274064,30000.0,0.0,COMPLETED,0.2815666787326336,0.2980333566665649,11.0,"[0.281567, 0.298033]"
fashion_mnist,D_10k,C-CNN,3,accuracy,0.7659666666666666,0.0135119700019402,0.0,0.0,COMPLETED,0.7510975047945976,0.77920001745224,8.0,"[0.751098, 0.779200]"
fashion_mnist,D_10k,C-LR,1,accuracy,0.7707,,0.0,0.0,COMPLETED,0.7633000016212463,0.7782024711370468,7.0,"[0.763300, 0.778202]"
fashion_mnist,D_10k,C-MLP,3,accuracy,0.7637666666666666,0.0040278199231511,0.0,0.0,COMPLETED,0.7559332847595215,0.7717000246047974,9.0,"[0.755933, 0.771700]"
fashion_mnist,D_10k,C-Poly,1,accuracy,0.7929,,0.0,0.0,COMPLETED,0.7854999899864197,0.8004000186920166,5.0,"[0.785500, 0.800400]"
fashion_mnist,D_10k,C-RBF,1,accuracy,0.7964,,0.0,0.0,COMPLETED,0.7890999913215637,0.803600013256073,3.0,"[0.789100, 0.803600]"
fashion_mnist,D_10k,C-RFF,3,accuracy,0.7968666666666667,0.0006350852961085,0.0,0.0,COMPLETED,0.7897000297904014,0.8039666414260864,2.0,"[0.789700, 0.803967]"
fashion_mnist,D_10k,C-ResNet,1,accuracy,0.8756,,0.0,0.0,COMPLETED,0.8694974824786186,0.8817999958992004,1.0,"[0.869497, 0.881800]"
fashion_mnist,D_10k,C-Trig,1,accuracy,0.7932,,0.0,0.0,COMPLETED,0.785797481238842,0.800599992275238,4.0,"[0.785797, 0.800600]"
fashion_mnist,D_10k,PdrQC-Matched,1,accuracy,0.7807,,20000.0,0.0,COMPLETED,0.7731000185012817,0.7882000207901001,6.0,"[0.773100, 0.788200]"
fashion_mnist,D_10k,QF-Product,1,accuracy,0.5876,,20000.0,0.0,COMPLETED,0.578499972820282,0.5967000126838684,11.0,"[0.578500, 0.596700]"
fashion_mnist,D_10k,QF-Ring,1,accuracy,0.5984,,20000.0,0.0,COMPLETED,0.5893999934196472,0.6074000000953674,10.0,"[0.589400, 0.607400]"
fashion_mnist,D_10k,QK-IQP,1,accuracy,0.138,,0.0,200000000.0,COMPLETED,0.131400004029274,0.1448000073432922,14.0,"[0.131400, 0.144800]"
fashion_mnist,D_10k,VQC-DR,3,accuracy,0.5188333333333334,0.0085885582802548,30000.0,0.0,COMPLETED,0.507399144768715,0.5301008224487305,12.0,"[0.507399, 0.530101]"
fashion_mnist,D_10k,Yomo-Matched,3,accuracy,0.3133666666666666,0.0245320878307031,30000.0,0.0,COMPLETED,0.288100004196167,0.3345000147819519,13.0,"[0.288100, 0.334500]"
fashion_mnist,D_1k,C-CNN,3,accuracy,0.5903333333333333,0.0301887948307535,0.0,0.0,COMPLETED,0.5609999895095825,0.6179999709129333,8.0,"[0.561000, 0.618000]"
fashion_mnist,D_1k,C-LR,1,accuracy,0.7577,,0.0,0.0,COMPLETED,0.7502999901771545,0.7652999758720398,6.0,"[0.750300, 0.765300]"
fashion_mnist,D_1k,C-MLP,3,accuracy,0.2923333333333333,0.2325321769848924,0.0,0.0,COMPLETED,0.0829000025987625,0.5405024856328964,12.0,"[0.082900, 0.540502]"
fashion_mnist,D_1k,C-Poly,1,accuracy,0.7493,,0.0,0.0,COMPLETED,0.7415000200271606,0.757099986076355,7.0,"[0.741500, 0.757100]"
fashion_mnist,D_1k,C-RBF,1,accuracy,0.7737,,0.0,0.0,COMPLETED,0.7660999894142151,0.7813000082969666,2.0,"[0.766100, 0.781300]"
fashion_mnist,D_1k,C-RFF,3,accuracy,0.7719666666666667,0.0006658328118479,0.0,0.0,COMPLETED,0.7645333409309387,0.7793333530426025,4.0,"[0.764533, 0.779333]"
fashion_mnist,D_1k,C-ResNet,1,accuracy,0.8308,,0.0,0.0,COMPLETED,0.8238000273704529,0.8378999829292297,1.0,"[0.823800, 0.837900]"
fashion_mnist,D_1k,C-Trig,1,accuracy,0.7734,,0.0,0.0,COMPLETED,0.7659000158309937,0.781000018119812,3.0,"[0.765900, 0.781000]"
fashion_mnist,D_1k,PdrQC-Matched,1,accuracy,0.7581,,11000.0,0.0,COMPLETED,0.7502999901771545,0.7657999992370605,5.0,"[0.750300, 0.765800]"
fashion_mnist,D_1k,QF-Product,1,accuracy,0.5546,,11000.0,0.0,COMPLETED,0.545199990272522,0.5637999773025513,10.0,"[0.545200, 0.563800]"
fashion_mnist,D_1k,QF-Ring,1,accuracy,0.5844,,11000.0,0.0,COMPLETED,0.5752000212669373,0.5936024755239486,9.0,"[0.575200, 0.593602]"
fashion_mnist,D_1k,QK-IQP,1,accuracy,0.1162,,0.0,11000000.0,COMPLETED,0.1098999977111816,0.1224000006914138,14.0,"[0.109900, 0.122400]"
fashion_mnist,D_1k,VQC-DR,3,accuracy,0.4967666666666666,0.0248115564472149,30000.0,0.0,COMPLETED,0.4715000092983246,0.5192008584737777,11.0,"[0.471500, 0.519201]"
fashion_mnist,D_1k,Yomo-Matched,3,accuracy,0.2800666666666667,0.0124263161610081,30000.0,0.0,COMPLETED,0.2662658408284187,0.2931000001728535,13.0,"[0.266266, 0.293100]"
fashion_mnist,D_5k,C-CNN,3,accuracy,0.7379333333333333,0.0064732784069073,0.0,0.0,COMPLETED,0.7290666699409485,0.7470675095915794,9.0,"[0.729067, 0.747068]"
fashion_mnist,D_5k,C-LR,1,accuracy,0.7652,,0.0,0.0,COMPLETED,0.7577000260353088,0.7730000019073486,7.0,"[0.757700, 0.773000]"
fashion_mnist,D_5k,C-MLP,3,accuracy,0.7454666666666666,0.0098439490720611,0.0,0.0,COMPLETED,0.7336999773979187,0.7562000155448914,8.0,"[0.733700, 0.756200]"
fashion_mnist,D_5k,C-Poly,1,accuracy,0.7872,,0.0,0.0,COMPLETED,0.779699981212616,0.7946000099182129,4.0,"[0.779700, 0.794600]"
fashion_mnist,D_5k,C-RBF,1,accuracy,0.7937,,0.0,0.0,COMPLETED,0.786300003528595,0.8011000156402588,2.0,"[0.786300, 0.801100]"
fashion_mnist,D_5k,C-RFF,3,accuracy,0.7902333333333335,0.0020207259421636,0.0,0.0,COMPLETED,0.7828667163848877,0.7978000044822693,3.0,"[0.782867, 0.797800]"
fashion_mnist,D_5k,C-ResNet,1,accuracy,0.8647,,0.0,0.0,COMPLETED,0.8582000136375427,0.8709999918937683,1.0,"[0.858200, 0.871000]"
fashion_mnist,D_5k,C-Trig,1,accuracy,0.787,,0.0,0.0,COMPLETED,0.7794975072145462,0.7944999933242798,5.0,"[0.779498, 0.794500]"
fashion_mnist,D_5k,PdrQC-Matched,1,accuracy,0.7718,,15000.0,0.0,COMPLETED,0.7641000151634216,0.7795000076293945,6.0,"[0.764100, 0.779500]"
fashion_mnist,D_5k,QF-Product,1,accuracy,0.5825,,15000.0,0.0,COMPLETED,0.5735999941825867,0.5913000106811523,11.0,"[0.573600, 0.591300]"
fashion_mnist,D_5k,QF-Ring,1,accuracy,0.5891,,15000.0,0.0,COMPLETED,0.5800999999046326,0.5978999733924866,10.0,"[0.580100, 0.597900]"
fashion_mnist,D_5k,QK-IQP,1,accuracy,0.1347,,0.0,75000000.0,COMPLETED,0.1280999928712844,0.1413999944925308,14.0,"[0.128100, 0.141400]"
fashion_mnist,D_5k,VQC-DR,3,accuracy,0.5195666666666666,0.0209538381527904,30000.0,0.0,COMPLETED,0.4996983431279659,0.5411999821662903,12.0,"[0.499698, 0.541200]"
fashion_mnist,D_5k,Yomo-Matched,3,accuracy,0.3083666666666666,0.0266335002080712,30000.0,0.0,COMPLETED,0.2821975082159042,0.3309666812419891,13.0,"[0.282198, 0.330967]"
fashion_mnist,D_full,C-CNN,3,accuracy,0.8665666666666666,0.0024006943440041,0.0,0.0,COMPLETED,0.8600999712944031,0.8729008421301842,2.0,"[0.860100, 0.872901]"
fashion_mnist,D_full,C-LR,1,accuracy,0.7716,,0.0,0.0,COMPLETED,0.7641000151634216,0.77920001745224,7.0,"[0.764100, 0.779200]"
fashion_mnist,D_full,C-MLP,3,accuracy,0.7730666666666667,0.0022052966542697,0.0,0.0,COMPLETED,0.765633401274681,0.7805333733558655,6.0,"[0.765633, 0.780533]"
fashion_mnist,D_full,C-RFF,3,accuracy,0.8040666666666668,0.0001154700538379,0.0,0.0,COMPLETED,0.7969666719436646,0.811033308506012,3.0,"[0.796967, 0.811033]"
fashion_mnist,D_full,C-ResNet,1,accuracy,0.8951,,0.0,0.0,COMPLETED,0.8894000053405762,0.9009000062942504,1.0,"[0.889400, 0.900900]"
fashion_mnist,D_full,C-Trig,1,accuracy,0.7992,,0.0,0.0,COMPLETED,0.7919999957084656,0.8065999746322632,4.0,"[0.792000, 0.806600]"
fashion_mnist,D_full,PdrQC-Matched,1,accuracy,0.786,,65000.0,0.0,COMPLETED,0.7785999774932861,0.79339998960495,5.0,"[0.778600, 0.793400]"
fashion_mnist,D_full,QF-Product,1,accuracy,0.5891,,65000.0,0.0,COMPLETED,0.5800999999046326,0.5979999899864197,9.0,"[0.580100, 0.598000]"
fashion_mnist,D_full,QF-Ring,1,accuracy,0.5984,,65000.0,0.0,COMPLETED,0.5893999934196472,0.6075999736785889,8.0,"[0.589400, 0.607600]"
fashion_mnist,D_full,VQC-DR,3,accuracy,0.5556666666666666,0.0067300321940784,30000.0,0.0,COMPLETED,0.5456658616662026,0.5649999976158142,10.0,"[0.545666, 0.565000]"
fashion_mnist,D_full,Yomo-Matched,3,accuracy,0.3133333333333333,0.0132084568869089,30000.0,0.0,COMPLETED,0.2987000048160553,0.3269000053405761,11.0,"[0.298700, 0.326900]"
mnist,D_10k,C-CNN,3,accuracy,0.9411333333333332,0.0030369941279714,0.0,0.0,COMPLETED,0.9361000061035156,0.9462333917617798,2.0,"[0.936100, 0.946233]"
mnist,D_10k,C-LR,1,accuracy,0.8053,,0.0,0.0,COMPLETED,0.7979000210762024,0.8126999735832214,7.0,"[0.797900, 0.812700]"
mnist,D_10k,C-MLP,3,accuracy,0.8013666666666667,0.0045829393770083,0.0,0.0,COMPLETED,0.7931324869394303,0.8093666449189186,9.0,"[0.793132, 0.809367]"
mnist,D_10k,C-Poly,1,accuracy,0.8328,,0.0,0.0,COMPLETED,0.8258000016212463,0.8399999737739563,6.0,"[0.825800, 0.840000]"
mnist,D_10k,C-RBF,1,accuracy,0.8547,,0.0,0.0,COMPLETED,0.8479999899864197,0.8611999750137329,3.0,"[0.848000, 0.861200]"
mnist,D_10k,C-RFF,3,accuracy,0.8486666666666668,0.0017243356208503,0.0,0.0,COMPLETED,0.8421000242233276,0.8553000092506409,4.0,"[0.842100, 0.855300]"
mnist,D_10k,C-ResNet,1,accuracy,0.9699,,0.0,0.0,COMPLETED,0.9664999842643738,0.973200023174286,1.0,"[0.966500, 0.973200]"
mnist,D_10k,C-Trig,1,accuracy,0.8363,,0.0,0.0,COMPLETED,0.829200029373169,0.8431000113487244,5.0,"[0.829200, 0.843100]"
mnist,D_10k,PdrQC-Matched,1,accuracy,0.8039,,20000.0,0.0,COMPLETED,0.796500027179718,0.8112000226974487,8.0,"[0.796500, 0.811200]"
mnist,D_10k,QF-Product,1,accuracy,0.5084,,20000.0,0.0,COMPLETED,0.4991999864578247,0.5177000164985657,10.0,"[0.499200, 0.517700]"
mnist,D_10k,QF-Ring,1,accuracy,0.4231,,20000.0,0.0,COMPLETED,0.4144000113010406,0.4320999979972839,11.0,"[0.414400, 0.432100]"
mnist,D_10k,QK-IQP,1,accuracy,0.1098,,0.0,200000000.0,COMPLETED,0.1039000004529953,0.1156999990344047,14.0,"[0.103900, 0.115700]"
mnist,D_10k,VQC-DR,3,accuracy,0.4204333333333334,0.0147554509701782,30000.0,0.0,COMPLETED,0.4054991617798805,0.4365000128746032,12.0,"[0.405499, 0.436500]"
mnist,D_10k,Yomo-Matched,3,accuracy,0.2412666666666666,0.0059197409853247,30000.0,0.0,COMPLETED,0.2333333492279052,0.2499008320271968,13.0,"[0.233333, 0.249901]"
mnist,D_1k,C-CNN,3,accuracy,0.5559333333333333,0.0625077061915835,0.0,0.0,COMPLETED,0.5102324515581131,0.6256999969482422,9.0,"[0.510232, 0.625700]"
mnist,D_1k,C-LR,1,accuracy,0.7908,,0.0,0.0,COMPLETED,0.78329998254776,0.7980999946594238,5.0,"[0.783300, 0.798100]"
mnist,D_1k,C-MLP,3,accuracy,0.6149666666666667,0.0848142873184307,0.0,0.0,COMPLETED,0.5270000100135803,0.6909000277519226,8.0,"[0.527000, 0.690900]"
mnist,D_1k,C-Poly,1,accuracy,0.7821,,0.0,0.0,COMPLETED,0.7742999792098999,0.7897999882698059,6.0,"[0.774300, 0.789800]"
mnist,D_1k,C-RBF,1,accuracy,0.8193,,0.0,0.0,COMPLETED,0.8123000264167786,0.826200008392334,2.0,"[0.812300, 0.826200]"
mnist,D_1k,C-RFF,3,accuracy,0.8087666666666666,0.0010503967504392,0.0,0.0,COMPLETED,0.801800012588501,0.8157666921615601,3.0,"[0.801800, 0.815767]"
mnist,D_1k,C-ResNet,1,accuracy,0.9355,,0.0,0.0,COMPLETED,0.930899977684021,0.9401999711990356,1.0,"[0.930900, 0.940200]"
mnist,D_1k,C-Trig,1,accuracy,0.8025,,0.0,0.0,COMPLETED,0.795199990272522,0.8098000288009644,4.0,"[0.795200, 0.809800]"
mnist,D_1k,PdrQC-Matched,1,accuracy,0.7565,,11000.0,0.0,COMPLETED,0.7486000061035156,0.76419997215271,7.0,"[0.748600, 0.764200]"
mnist,D_1k,QF-Product,1,accuracy,0.4511,,11000.0,0.0,COMPLETED,0.4419000148773193,0.4605000019073486,10.0,"[0.441900, 0.460500]"
mnist,D_1k,QF-Ring,1,accuracy,0.4054,,11000.0,0.0,COMPLETED,0.396297488361597,0.4146000146865845,12.0,"[0.396297, 0.414600]"
mnist,D_1k,QK-IQP,1,accuracy,0.1129,,0.0,11000000.0,COMPLETED,0.1068999990820884,0.1190999969840049,14.0,"[0.106900, 0.119100]"
mnist,D_1k,VQC-DR,3,accuracy,0.4198333333333333,0.0209218386699958,30000.0,0.0,COMPLETED,0.401766687631607,0.4422332942485809,11.0,"[0.401767, 0.442233]"
mnist,D_1k,Yomo-Matched,3,accuracy,0.1794,0.0139774818905266,30000.0,0.0,COMPLETED,0.164565847441554,0.1929008353501558,13.0,"[0.164566, 0.192901]"
mnist,D_5k,C-CNN,3,accuracy,0.9072,0.0077595102938265,0.0,0.0,COMPLETED,0.8981665968894958,0.9155334234237672,2.0,"[0.898167, 0.915533]"
mnist,D_5k,C-LR,1,accuracy,0.8031,,0.0,0.0,COMPLETED,0.795799970626831,0.8105000257492065,7.0,"[0.795800, 0.810500]"
mnist,D_5k,C-MLP,3,accuracy,0.7752,0.0184073354943077,0.0,0.0,COMPLETED,0.7572000026702881,0.7935000061988831,9.0,"[0.757200, 0.793500]"
mnist,D_5k,C-Poly,1,accuracy,0.8247,,0.0,0.0,COMPLETED,0.8176000118255615,0.8319000005722046,6.0,"[0.817600, 0.831900]"
mnist,D_5k,C-RBF,1,accuracy,0.8443,,0.0,0.0,COMPLETED,0.8374999761581421,0.8511000275611877,3.0,"[0.837500, 0.851100]"
mnist,D_5k,C-RFF,3,accuracy,0.8369,0.0015099668870541,0.0,0.0,COMPLETED,0.8300334185361862,0.8437008246779442,4.0,"[0.830033, 0.843701]"
mnist,D_5k,C-ResNet,1,accuracy,0.9637,,0.0,0.0,COMPLETED,0.959999978542328,0.9672999978065492,1.0,"[0.960000, 0.967300]"
mnist,D_5k,C-Trig,1,accuracy,0.8297,,0.0,0.0,COMPLETED,0.822700023651123,0.8367000222206116,5.0,"[0.822700, 0.836700]"
mnist,D_5k,PdrQC-Matched,1,accuracy,0.7934,,15000.0,0.0,COMPLETED,0.7860000133514404,0.8008999824523926,8.0,"[0.786000, 0.800900]"
mnist,D_5k,QF-Product,1,accuracy,0.4969,,15000.0,0.0,COMPLETED,0.4876999855041504,0.5060999989509583,10.0,"[0.487700, 0.506100]"
mnist,D_5k,QF-Ring,1,accuracy,0.4221,,15000.0,0.0,COMPLETED,0.413100004196167,0.431300014257431,11.0,"[0.413100, 0.431300]"
mnist,D_5k,QK-IQP,1,accuracy,0.1085,,0.0,75000000.0,COMPLETED,0.1024999991059303,0.1145025011152028,14.0,"[0.102500, 0.114503]"
mnist,D_5k,VQC-DR,3,accuracy,0.4132666666666666,0.0084671915847778,30000.0,0.0,COMPLETED,0.402932496368885,0.4246332943439483,12.0,"[0.402932, 0.424633]"
mnist,D_5k,Yomo-Matched,3,accuracy,0.2381999999999999,0.0104842739376649,30000.0,0.0,COMPLETED,0.2270666509866714,0.2498341780155897,13.0,"[0.227067, 0.249834]"
mnist,D_full,C-CNN,3,accuracy,0.9757666666666666,0.0066063101148321,0.0,0.0,COMPLETED,0.969033420085907,0.982200026512146,2.0,"[0.969033, 0.982200]"
mnist,D_full,C-LR,1,accuracy,0.8056,,0.0,0.0,COMPLETED,0.79830002784729,0.8126999735832214,6.0,"[0.798300, 0.812700]"
mnist,D_full,C-MLP,3,accuracy,0.8135333333333333,0.0059197409853247,0.0,0.0,COMPLETED,0.8046658650040627,0.8220999836921692,5.0,"[0.804666, 0.822100]"
mnist,D_full,C-RFF,3,accuracy,0.8596,0.0006557438524301,0.0,0.0,COMPLETED,0.8532999753952026,0.8659333020448685,3.0,"[0.853300, 0.865933]"
mnist,D_full,C-ResNet,1,accuracy,0.9782,,0.0,0.0,COMPLETED,0.9753999710083008,0.9810025066137312,1.0,"[0.975400, 0.981003]"
mnist,D_full,C-Trig,1,accuracy,0.8411,,0.0,0.0,COMPLETED,0.8341000080108643,0.8479999899864197,4.0,"[0.834100, 0.848000]"
mnist,D_full,PdrQC-Matched,1,accuracy,0.8048,,65000.0,0.0,COMPLETED,0.7973999977111816,0.8119000196456909,7.0,"[0.797400, 0.811900]"
mnist,D_full,QF-Product,1,accuracy,0.5195,,65000.0,0.0,COMPLETED,0.5099999904632568,0.5286999940872192,8.0,"[0.510000, 0.528700]"
mnist,D_full,QF-Ring,1,accuracy,0.4393,,65000.0,0.0,COMPLETED,0.430400013923645,0.4483000040054321,10.0,"[0.430400, 0.448300]"
mnist,D_full,VQC-DR,3,accuracy,0.4620666666666667,0.0247762655243548,30000.0,0.0,COMPLETED,0.4361000061035156,0.4824666976928711,9.0,"[0.436100, 0.482467]"
mnist,D_full,Yomo-Matched,3,accuracy,0.2625333333333333,0.0020132891827388,30000.0,0.0,COMPLETED,0.2552999854087829,0.2694341823458671,11.0,"[0.255300, 0.269434]"
