dataset,method,budget_definition,nominal_budget,runs,offline_shot_draws,real_qpu_shots,kernel_entries,actual_state_preparations_per_image,measurement_settings,measurement_groups,qubits,quantum_trainable_parameters,training_scale,depth,one_qubit_gates,two_qubit_gates,non_Clifford_gates,quantum_parameters,observables,total_parameters,status,circuit_executions,statevector_evaluations,train_time_median,train_time_IQR,inference_time_median,inference_time_IQR,peak_memory
breastmnist,PdrQC-Matched,total_state_preparations_per_image,8,15,18720,0,0.0,8.0,7,7,8.0,0.0,D_100pct,3,24,0,24,0,28,29,COMPLETED,18720,unknown_not_instrumented,unknown_not_instrumented,unknown_not_instrumented,unknown_not_instrumented,unknown_not_instrumented,unknown_not_instrumented
breastmnist,PdrQC-Matched,total_state_preparations_per_image,32,15,74880,0,0.0,32.0,7,7,8.0,0.0,D_100pct,3,24,0,24,0,28,29,COMPLETED,74880,unknown_not_instrumented,unknown_not_instrumented,unknown_not_instrumented,unknown_not_instrumented,unknown_not_instrumented,unknown_not_instrumented
breastmnist,PdrQC-Matched,total_state_preparations_per_image,128,15,299520,0,0.0,128.0,7,7,8.0,0.0,D_100pct,3,24,0,24,0,28,29,COMPLETED,299520,unknown_not_instrumented,unknown_not_instrumented,unknown_not_instrumented,unknown_not_instrumented,unknown_not_instrumented,unknown_not_instrumented
breastmnist,PdrQC-Matched,total_state_preparations_per_image,512,15,1198080,0,0.0,512.0,7,7,8.0,0.0,D_100pct,3,24,0,24,0,28,29,COMPLETED,1198080,unknown_not_instrumented,unknown_not_instrumented,unknown_not_instrumented,unknown_not_instrumented,unknown_not_instrumented,unknown_not_instrumented
breastmnist,QF-Product,total_state_preparations_per_image,1,15,2340,0,0.0,1.0,1,1,8.0,0.0,D_100pct,4,32,0,32,0,48,49,COMPLETED,2340,unknown_not_instrumented,unknown_not_instrumented,unknown_not_instrumented,unknown_not_instrumented,unknown_not_instrumented,unknown_not_instrumented
breastmnist,QF-Product,total_state_preparations_per_image,8,15,18720,0,0.0,8.0,3,3,8.0,0.0,D_100pct,4,32,0,32,0,48,49,COMPLETED,18720,unknown_not_instrumented,unknown_not_instrumented,unknown_not_instrumented,unknown_not_instrumented,unknown_not_instrumented,unknown_not_instrumented
breastmnist,QF-Product,total_state_preparations_per_image,32,15,74880,0,0.0,32.0,3,3,8.0,0.0,D_100pct,4,32,0,32,0,48,49,COMPLETED,74880,unknown_not_instrumented,unknown_not_instrumented,unknown_not_instrumented,unknown_not_instrumented,unknown_not_instrumented,unknown_not_instrumented
breastmnist,QF-Product,total_state_preparations_per_image,128,15,299520,0,0.0,128.0,3,3,8.0,0.0,D_100pct,4,32,0,32,0,48,49,COMPLETED,299520,unknown_not_instrumented,unknown_not_instrumented,unknown_not_instrumented,unknown_not_instrumented,unknown_not_instrumented,unknown_not_instrumented
breastmnist,QF-Product,total_state_preparations_per_image,512,15,1198080,0,0.0,512.0,3,3,8.0,0.0,D_100pct,4,32,0,32,0,48,49,COMPLETED,1198080,unknown_not_instrumented,unknown_not_instrumented,unknown_not_instrumented,unknown_not_instrumented,unknown_not_instrumented,unknown_not_instrumented
breastmnist,QF-Ring,total_state_preparations_per_image,1,15,2340,0,0.0,1.0,1,1,8.0,0.0,D_100pct,8,32,16,32,0,48,49,COMPLETED,2340,unknown_not_instrumented,unknown_not_instrumented,unknown_not_instrumented,unknown_not_instrumented,unknown_not_instrumented,unknown_not_instrumented
breastmnist,QF-Ring,total_state_preparations_per_image,8,15,18720,0,0.0,8.0,3,3,8.0,0.0,D_100pct,8,32,16,32,0,48,49,COMPLETED,18720,unknown_not_instrumented,unknown_not_instrumented,unknown_not_instrumented,unknown_not_instrumented,unknown_not_instrumented,unknown_not_instrumented
breastmnist,QF-Ring,total_state_preparations_per_image,32,15,74880,0,0.0,32.0,3,3,8.0,0.0,D_100pct,8,32,16,32,0,48,49,COMPLETED,74880,unknown_not_instrumented,unknown_not_instrumented,unknown_not_instrumented,unknown_not_instrumented,unknown_not_instrumented,unknown_not_instrumented
breastmnist,QF-Ring,total_state_preparations_per_image,128,15,299520,0,0.0,128.0,3,3,8.0,0.0,D_100pct,8,32,16,32,0,48,49,COMPLETED,299520,unknown_not_instrumented,unknown_not_instrumented,unknown_not_instrumented,unknown_not_instrumented,unknown_not_instrumented,unknown_not_instrumented
breastmnist,QF-Ring,total_state_preparations_per_image,512,15,1198080,0,0.0,512.0,3,3,8.0,0.0,D_100pct,8,32,16,32,0,48,49,COMPLETED,1198080,unknown_not_instrumented,unknown_not_instrumented,unknown_not_instrumented,unknown_not_instrumented,unknown_not_instrumented,unknown_not_instrumented
breastmnist,QK-IQP,shots_per_kernel_entry,32,5,68140800,0,2129400.0,17318.4,1,1,8.0,0.0,D_100pct,8,32,16,32,0,1,not_applicable_kernel,COMPLETED,68140800,unknown_not_instrumented,unknown_not_instrumented,unknown_not_instrumented,unknown_not_instrumented,unknown_not_instrumented,unknown_not_instrumented
breastmnist,QK-IQP,shots_per_kernel_entry,128,5,272563200,0,2129400.0,69888.0,1,1,8.0,0.0,D_100pct,8,32,16,32,0,1,not_applicable_kernel,COMPLETED,272563200,unknown_not_instrumented,unknown_not_instrumented,unknown_not_instrumented,unknown_not_instrumented,unknown_not_instrumented,unknown_not_instrumented
breastmnist,QK-IQP,shots_per_kernel_entry,512,5,1090252800,0,2129400.0,279552.0,1,1,8.0,0.0,D_100pct,8,32,16,32,0,1,not_applicable_kernel,COMPLETED,1090252800,unknown_not_instrumented,unknown_not_instrumented,unknown_not_instrumented,unknown_not_instrumented,unknown_not_instrumented,unknown_not_instrumented
breastmnist,VQC-DR,total_state_preparations_per_image,1,15,2340,0,0.0,1.0,1,1,8.0,48.0,D_100pct,14,80,16,80,48,8,66,COMPLETED,2340,unknown_not_instrumented,unknown_not_instrumented,unknown_not_instrumented,unknown_not_instrumented,unknown_not_instrumented,unknown_not_instrumented
breastmnist,VQC-DR,total_state_preparations_per_image,8,15,18720,0,0.0,8.0,1,1,8.0,48.0,D_100pct,14,80,16,80,48,8,66,COMPLETED,18720,unknown_not_instrumented,unknown_not_instrumented,unknown_not_instrumented,unknown_not_instrumented,unknown_not_instrumented,unknown_not_instrumented
breastmnist,VQC-DR,total_state_preparations_per_image,32,15,74880,0,0.0,32.0,1,1,8.0,48.0,D_100pct,14,80,16,80,48,8,66,COMPLETED,74880,unknown_not_instrumented,unknown_not_instrumented,unknown_not_instrumented,unknown_not_instrumented,unknown_not_instrumented,unknown_not_instrumented
breastmnist,VQC-DR,total_state_preparations_per_image,128,15,299520,0,0.0,128.0,1,1,8.0,48.0,D_100pct,14,80,16,80,48,8,66,COMPLETED,299520,unknown_not_instrumented,unknown_not_instrumented,unknown_not_instrumented,unknown_not_instrumented,unknown_not_instrumented,unknown_not_instrumented
breastmnist,VQC-DR,total_state_preparations_per_image,512,15,1198080,0,0.0,512.0,1,1,8.0,48.0,D_100pct,14,80,16,80,48,8,66,COMPLETED,1198080,unknown_not_instrumented,unknown_not_instrumented,unknown_not_instrumented,unknown_not_instrumented,unknown_not_instrumented,unknown_not_instrumented
breastmnist,Yomo-Matched,total_state_preparations_per_image,1,15,2340,0,0.0,1.0,1,1,8.0,48.0,D_100pct,14,80,16,80,48,256,48,COMPLETED,2340,unknown_not_instrumented,unknown_not_instrumented,unknown_not_instrumented,unknown_not_instrumented,unknown_not_instrumented,unknown_not_instrumented
breastmnist,Yomo-Matched,total_state_preparations_per_image,8,15,18720,0,0.0,8.0,1,1,8.0,48.0,D_100pct,14,80,16,80,48,256,48,COMPLETED,18720,unknown_not_instrumented,unknown_not_instrumented,unknown_not_instrumented,unknown_not_instrumented,unknown_not_instrumented,unknown_not_instrumented
breastmnist,Yomo-Matched,total_state_preparations_per_image,32,15,74880,0,0.0,32.0,1,1,8.0,48.0,D_100pct,14,80,16,80,48,256,48,COMPLETED,74880,unknown_not_instrumented,unknown_not_instrumented,unknown_not_instrumented,unknown_not_instrumented,unknown_not_instrumented,unknown_not_instrumented
breastmnist,Yomo-Matched,total_state_preparations_per_image,128,15,299520,0,0.0,128.0,1,1,8.0,48.0,D_100pct,14,80,16,80,48,256,48,COMPLETED,299520,unknown_not_instrumented,unknown_not_instrumented,unknown_not_instrumented,unknown_not_instrumented,unknown_not_instrumented,unknown_not_instrumented
breastmnist,Yomo-Matched,total_state_preparations_per_image,512,15,1198080,0,0.0,512.0,1,1,8.0,48.0,D_100pct,14,80,16,80,48,256,48,COMPLETED,1198080,unknown_not_instrumented,unknown_not_instrumented,unknown_not_instrumented,unknown_not_instrumented,unknown_not_instrumented,unknown_not_instrumented
cifar10,PdrQC-Matched,total_state_preparations_per_image,8,15,1200000,0,0.0,8.0,7,7,8.0,0.0,D_5k,1,8,0,8,0,60,610,COMPLETED,1200000,unknown_not_instrumented,unknown_not_instrumented,unknown_not_instrumented,unknown_not_instrumented,unknown_not_instrumented,unknown_not_instrumented
cifar10,PdrQC-Matched,total_state_preparations_per_image,32,15,4800000,0,0.0,32.0,7,7,8.0,0.0,D_5k,1,8,0,8,0,60,610,COMPLETED,4800000,unknown_not_instrumented,unknown_not_instrumented,unknown_not_instrumented,unknown_not_instrumented,unknown_not_instrumented,unknown_not_instrumented
cifar10,PdrQC-Matched,total_state_preparations_per_image,128,15,19200000,0,0.0,128.0,7,7,8.0,0.0,D_5k,1,8,0,8,0,60,610,COMPLETED,19200000,unknown_not_instrumented,unknown_not_instrumented,unknown_not_instrumented,unknown_not_instrumented,unknown_not_instrumented,unknown_not_instrumented
cifar10,PdrQC-Matched,total_state_preparations_per_image,512,15,76800000,0,0.0,512.0,7,7,8.0,0.0,D_5k,1,8,0,8,0,60,610,COMPLETED,76800000,unknown_not_instrumented,unknown_not_instrumented,unknown_not_instrumented,unknown_not_instrumented,unknown_not_instrumented,unknown_not_instrumented
cifar10,QF-Product,total_state_preparations_per_image,1,15,150000,0,0.0,1.0,1,1,8.0,0.0,D_5k,4,32,0,32,0,48,490,COMPLETED,150000,unknown_not_instrumented,unknown_not_instrumented,unknown_not_instrumented,unknown_not_instrumented,unknown_not_instrumented,unknown_not_instrumented
cifar10,QF-Product,total_state_preparations_per_image,8,15,1200000,0,0.0,8.0,3,3,8.0,0.0,D_5k,4,32,0,32,0,48,490,COMPLETED,1200000,unknown_not_instrumented,unknown_not_instrumented,unknown_not_instrumented,unknown_not_instrumented,unknown_not_instrumented,unknown_not_instrumented
cifar10,QF-Product,total_state_preparations_per_image,32,15,4800000,0,0.0,32.0,3,3,8.0,0.0,D_5k,4,32,0,32,0,48,490,COMPLETED,4800000,unknown_not_instrumented,unknown_not_instrumented,unknown_not_instrumented,unknown_not_instrumented,unknown_not_instrumented,unknown_not_instrumented
cifar10,QF-Product,total_state_preparations_per_image,128,15,19200000,0,0.0,128.0,3,3,8.0,0.0,D_5k,4,32,0,32,0,48,490,COMPLETED,19200000,unknown_not_instrumented,unknown_not_instrumented,unknown_not_instrumented,unknown_not_instrumented,unknown_not_instrumented,unknown_not_instrumented
cifar10,QF-Product,total_state_preparations_per_image,512,15,76800000,0,0.0,512.0,3,3,8.0,0.0,D_5k,4,32,0,32,0,48,490,COMPLETED,76800000,unknown_not_instrumented,unknown_not_instrumented,unknown_not_instrumented,unknown_not_instrumented,unknown_not_instrumented,unknown_not_instrumented
cifar10,QF-Ring,total_state_preparations_per_image,1,15,150000,0,0.0,1.0,1,1,8.0,0.0,D_5k,8,32,16,32,0,48,490,COMPLETED,150000,unknown_not_instrumented,unknown_not_instrumented,unknown_not_instrumented,unknown_not_instrumented,unknown_not_instrumented,unknown_not_instrumented
cifar10,QF-Ring,total_state_preparations_per_image,8,15,1200000,0,0.0,8.0,3,3,8.0,0.0,D_5k,8,32,16,32,0,48,490,COMPLETED,1200000,unknown_not_instrumented,unknown_not_instrumented,unknown_not_instrumented,unknown_not_instrumented,unknown_not_instrumented,unknown_not_instrumented
cifar10,QF-Ring,total_state_preparations_per_image,32,15,4800000,0,0.0,32.0,3,3,8.0,0.0,D_5k,8,32,16,32,0,48,490,COMPLETED,4800000,unknown_not_instrumented,unknown_not_instrumented,unknown_not_instrumented,unknown_not_instrumented,unknown_not_instrumented,unknown_not_instrumented
cifar10,QF-Ring,total_state_preparations_per_image,128,15,19200000,0,0.0,128.0,3,3,8.0,0.0,D_5k,8,32,16,32,0,48,490,COMPLETED,19200000,unknown_not_instrumented,unknown_not_instrumented,unknown_not_instrumented,unknown_not_instrumented,unknown_not_instrumented,unknown_not_instrumented
cifar10,QF-Ring,total_state_preparations_per_image,512,15,76800000,0,0.0,512.0,3,3,8.0,0.0,D_5k,8,32,16,32,0,48,490,COMPLETED,76800000,unknown_not_instrumented,unknown_not_instrumented,unknown_not_instrumented,unknown_not_instrumented,unknown_not_instrumented,unknown_not_instrumented
cifar10,QK-IQP,shots_per_kernel_entry,32,5,16000000000,0,500000000.0,160000.0,1,1,8.0,0.0,D_5k,8,32,16,32,0,1,not_applicable_kernel,COMPLETED,16000000000,unknown_not_instrumented,unknown_not_instrumented,unknown_not_instrumented,unknown_not_instrumented,unknown_not_instrumented,unknown_not_instrumented
cifar10,QK-IQP,shots_per_kernel_entry,128,5,64000000000,0,500000000.0,640000.0,1,1,8.0,0.0,D_5k,8,32,16,32,0,1,not_applicable_kernel,COMPLETED,64000000000,unknown_not_instrumented,unknown_not_instrumented,unknown_not_instrumented,unknown_not_instrumented,unknown_not_instrumented,unknown_not_instrumented
cifar10,QK-IQP,shots_per_kernel_entry,512,5,256000000000,0,500000000.0,2560000.0,1,1,8.0,0.0,D_5k,8,32,16,32,0,1,not_applicable_kernel,COMPLETED,256000000000,unknown_not_instrumented,unknown_not_instrumented,unknown_not_instrumented,unknown_not_instrumented,unknown_not_instrumented,unknown_not_instrumented
cifar10,VQC-DR,total_state_preparations_per_image,1,15,150000,0,0.0,1.0,1,1,8.0,48.0,D_5k,14,80,16,80,48,8,138,COMPLETED,150000,unknown_not_instrumented,unknown_not_instrumented,unknown_not_instrumented,unknown_not_instrumented,unknown_not_instrumented,unknown_not_instrumented
cifar10,VQC-DR,total_state_preparations_per_image,8,15,1200000,0,0.0,8.0,1,1,8.0,48.0,D_5k,14,80,16,80,48,8,138,COMPLETED,1200000,unknown_not_instrumented,unknown_not_instrumented,unknown_not_instrumented,unknown_not_instrumented,unknown_not_instrumented,unknown_not_instrumented
cifar10,VQC-DR,total_state_preparations_per_image,32,15,4800000,0,0.0,32.0,1,1,8.0,48.0,D_5k,14,80,16,80,48,8,138,COMPLETED,4800000,unknown_not_instrumented,unknown_not_instrumented,unknown_not_instrumented,unknown_not_instrumented,unknown_not_instrumented,unknown_not_instrumented
cifar10,VQC-DR,total_state_preparations_per_image,128,15,19200000,0,0.0,128.0,1,1,8.0,48.0,D_5k,14,80,16,80,48,8,138,COMPLETED,19200000,unknown_not_instrumented,unknown_not_instrumented,unknown_not_instrumented,unknown_not_instrumented,unknown_not_instrumented,unknown_not_instrumented
cifar10,VQC-DR,total_state_preparations_per_image,512,15,76800000,0,0.0,512.0,1,1,8.0,48.0,D_5k,14,80,16,80,48,8,138,COMPLETED,76800000,unknown_not_instrumented,unknown_not_instrumented,unknown_not_instrumented,unknown_not_instrumented,unknown_not_instrumented,unknown_not_instrumented
cifar10,Yomo-Matched,total_state_preparations_per_image,1,15,150000,0,0.0,1.0,1,1,8.0,48.0,D_5k,14,80,16,80,48,256,48,COMPLETED,150000,unknown_not_instrumented,unknown_not_instrumented,unknown_not_instrumented,unknown_not_instrumented,unknown_not_instrumented,unknown_not_instrumented
cifar10,Yomo-Matched,total_state_preparations_per_image,8,15,1200000,0,0.0,8.0,1,1,8.0,48.0,D_5k,14,80,16,80,48,256,48,COMPLETED,1200000,unknown_not_instrumented,unknown_not_instrumented,unknown_not_instrumented,unknown_not_instrumented,unknown_not_instrumented,unknown_not_instrumented
cifar10,Yomo-Matched,total_state_preparations_per_image,32,15,4800000,0,0.0,32.0,1,1,8.0,48.0,D_5k,14,80,16,80,48,256,48,COMPLETED,4800000,unknown_not_instrumented,unknown_not_instrumented,unknown_not_instrumented,unknown_not_instrumented,unknown_not_instrumented,unknown_not_instrumented
cifar10,Yomo-Matched,total_state_preparations_per_image,128,15,19200000,0,0.0,128.0,1,1,8.0,48.0,D_5k,14,80,16,80,48,256,48,COMPLETED,19200000,unknown_not_instrumented,unknown_not_instrumented,unknown_not_instrumented,unknown_not_instrumented,unknown_not_instrumented,unknown_not_instrumented
cifar10,Yomo-Matched,total_state_preparations_per_image,512,15,76800000,0,0.0,512.0,1,1,8.0,48.0,D_5k,14,80,16,80,48,256,48,COMPLETED,76800000,unknown_not_instrumented,unknown_not_instrumented,unknown_not_instrumented,unknown_not_instrumented,unknown_not_instrumented,unknown_not_instrumented
fashion_mnist,PdrQC-Matched,total_state_preparations_per_image,8,15,1200000,0,0.0,8.0,6,6,8.0,0.0,D_5k,1,8,0,8,0,60,610,COMPLETED,1200000,unknown_not_instrumented,unknown_not_instrumented,unknown_not_instrumented,unknown_not_instrumented,unknown_not_instrumented,unknown_not_instrumented
fashion_mnist,PdrQC-Matched,total_state_preparations_per_image,32,15,4800000,0,0.0,32.0,6,6,8.0,0.0,D_5k,1,8,0,8,0,60,610,COMPLETED,4800000,unknown_not_instrumented,unknown_not_instrumented,unknown_not_instrumented,unknown_not_instrumented,unknown_not_instrumented,unknown_not_instrumented
fashion_mnist,PdrQC-Matched,total_state_preparations_per_image,128,15,19200000,0,0.0,128.0,6,6,8.0,0.0,D_5k,1,8,0,8,0,60,610,COMPLETED,19200000,unknown_not_instrumented,unknown_not_instrumented,unknown_not_instrumented,unknown_not_instrumented,unknown_not_instrumented,unknown_not_instrumented
fashion_mnist,PdrQC-Matched,total_state_preparations_per_image,512,15,76800000,0,0.0,512.0,6,6,8.0,0.0,D_5k,1,8,0,8,0,60,610,COMPLETED,76800000,unknown_not_instrumented,unknown_not_instrumented,unknown_not_instrumented,unknown_not_instrumented,unknown_not_instrumented,unknown_not_instrumented
fashion_mnist,QF-Product,total_state_preparations_per_image,1,15,150000,0,0.0,1.0,1,1,8.0,0.0,D_5k,4,32,0,32,0,48,490,COMPLETED,150000,unknown_not_instrumented,unknown_not_instrumented,unknown_not_instrumented,unknown_not_instrumented,unknown_not_instrumented,unknown_not_instrumented
fashion_mnist,QF-Product,total_state_preparations_per_image,8,15,1200000,0,0.0,8.0,3,3,8.0,0.0,D_5k,4,32,0,32,0,48,490,COMPLETED,1200000,unknown_not_instrumented,unknown_not_instrumented,unknown_not_instrumented,unknown_not_instrumented,unknown_not_instrumented,unknown_not_instrumented
fashion_mnist,QF-Product,total_state_preparations_per_image,32,15,4800000,0,0.0,32.0,3,3,8.0,0.0,D_5k,4,32,0,32,0,48,490,COMPLETED,4800000,unknown_not_instrumented,unknown_not_instrumented,unknown_not_instrumented,unknown_not_instrumented,unknown_not_instrumented,unknown_not_instrumented
fashion_mnist,QF-Product,total_state_preparations_per_image,128,15,19200000,0,0.0,128.0,3,3,8.0,0.0,D_5k,4,32,0,32,0,48,490,COMPLETED,19200000,unknown_not_instrumented,unknown_not_instrumented,unknown_not_instrumented,unknown_not_instrumented,unknown_not_instrumented,unknown_not_instrumented
fashion_mnist,QF-Product,total_state_preparations_per_image,512,15,76800000,0,0.0,512.0,3,3,8.0,0.0,D_5k,4,32,0,32,0,48,490,COMPLETED,76800000,unknown_not_instrumented,unknown_not_instrumented,unknown_not_instrumented,unknown_not_instrumented,unknown_not_instrumented,unknown_not_instrumented
fashion_mnist,QF-Ring,total_state_preparations_per_image,1,15,150000,0,0.0,1.0,1,1,8.0,0.0,D_5k,8,32,16,32,0,48,490,COMPLETED,150000,unknown_not_instrumented,unknown_not_instrumented,unknown_not_instrumented,unknown_not_instrumented,unknown_not_instrumented,unknown_not_instrumented
fashion_mnist,QF-Ring,total_state_preparations_per_image,8,15,1200000,0,0.0,8.0,3,3,8.0,0.0,D_5k,8,32,16,32,0,48,490,COMPLETED,1200000,unknown_not_instrumented,unknown_not_instrumented,unknown_not_instrumented,unknown_not_instrumented,unknown_not_instrumented,unknown_not_instrumented
fashion_mnist,QF-Ring,total_state_preparations_per_image,32,15,4800000,0,0.0,32.0,3,3,8.0,0.0,D_5k,8,32,16,32,0,48,490,COMPLETED,4800000,unknown_not_instrumented,unknown_not_instrumented,unknown_not_instrumented,unknown_not_instrumented,unknown_not_instrumented,unknown_not_instrumented
fashion_mnist,QF-Ring,total_state_preparations_per_image,128,15,19200000,0,0.0,128.0,3,3,8.0,0.0,D_5k,8,32,16,32,0,48,490,COMPLETED,19200000,unknown_not_instrumented,unknown_not_instrumented,unknown_not_instrumented,unknown_not_instrumented,unknown_not_instrumented,unknown_not_instrumented
fashion_mnist,QF-Ring,total_state_preparations_per_image,512,15,76800000,0,0.0,512.0,3,3,8.0,0.0,D_5k,8,32,16,32,0,48,490,COMPLETED,76800000,unknown_not_instrumented,unknown_not_instrumented,unknown_not_instrumented,unknown_not_instrumented,unknown_not_instrumented,unknown_not_instrumented
fashion_mnist,QK-IQP,shots_per_kernel_entry,32,5,16000000000,0,500000000.0,159980.8,1,1,8.0,0.0,D_5k,8,32,16,32,0,1,not_applicable_kernel,COMPLETED,16000000000,unknown_not_instrumented,unknown_not_instrumented,unknown_not_instrumented,unknown_not_instrumented,unknown_not_instrumented,unknown_not_instrumented
fashion_mnist,QK-IQP,shots_per_kernel_entry,128,5,64000000000,0,500000000.0,639923.2,1,1,8.0,0.0,D_5k,8,32,16,32,0,1,not_applicable_kernel,COMPLETED,64000000000,unknown_not_instrumented,unknown_not_instrumented,unknown_not_instrumented,unknown_not_instrumented,unknown_not_instrumented,unknown_not_instrumented
fashion_mnist,QK-IQP,shots_per_kernel_entry,512,5,256000000000,0,500000000.0,2559897.6,1,1,8.0,0.0,D_5k,8,32,16,32,0,1,not_applicable_kernel,COMPLETED,256000000000,unknown_not_instrumented,unknown_not_instrumented,unknown_not_instrumented,unknown_not_instrumented,unknown_not_instrumented,unknown_not_instrumented
fashion_mnist,VQC-DR,total_state_preparations_per_image,1,15,150000,0,0.0,1.0,1,1,8.0,48.0,D_5k,14,80,16,80,48,8,138,COMPLETED,150000,unknown_not_instrumented,unknown_not_instrumented,unknown_not_instrumented,unknown_not_instrumented,unknown_not_instrumented,unknown_not_instrumented
fashion_mnist,VQC-DR,total_state_preparations_per_image,8,15,1200000,0,0.0,8.0,1,1,8.0,48.0,D_5k,14,80,16,80,48,8,138,COMPLETED,1200000,unknown_not_instrumented,unknown_not_instrumented,unknown_not_instrumented,unknown_not_instrumented,unknown_not_instrumented,unknown_not_instrumented
fashion_mnist,VQC-DR,total_state_preparations_per_image,32,15,4800000,0,0.0,32.0,1,1,8.0,48.0,D_5k,14,80,16,80,48,8,138,COMPLETED,4800000,unknown_not_instrumented,unknown_not_instrumented,unknown_not_instrumented,unknown_not_instrumented,unknown_not_instrumented,unknown_not_instrumented
fashion_mnist,VQC-DR,total_state_preparations_per_image,128,15,19200000,0,0.0,128.0,1,1,8.0,48.0,D_5k,14,80,16,80,48,8,138,COMPLETED,19200000,unknown_not_instrumented,unknown_not_instrumented,unknown_not_instrumented,unknown_not_instrumented,unknown_not_instrumented,unknown_not_instrumented
fashion_mnist,VQC-DR,total_state_preparations_per_image,512,15,76800000,0,0.0,512.0,1,1,8.0,48.0,D_5k,14,80,16,80,48,8,138,COMPLETED,76800000,unknown_not_instrumented,unknown_not_instrumented,unknown_not_instrumented,unknown_not_instrumented,unknown_not_instrumented,unknown_not_instrumented
fashion_mnist,Yomo-Matched,total_state_preparations_per_image,1,15,150000,0,0.0,1.0,1,1,8.0,48.0,D_5k,14,80,16,80,48,256,48,COMPLETED,150000,unknown_not_instrumented,unknown_not_instrumented,unknown_not_instrumented,unknown_not_instrumented,unknown_not_instrumented,unknown_not_instrumented
fashion_mnist,Yomo-Matched,total_state_preparations_per_image,8,15,1200000,0,0.0,8.0,1,1,8.0,48.0,D_5k,14,80,16,80,48,256,48,COMPLETED,1200000,unknown_not_instrumented,unknown_not_instrumented,unknown_not_instrumented,unknown_not_instrumented,unknown_not_instrumented,unknown_not_instrumented
fashion_mnist,Yomo-Matched,total_state_preparations_per_image,32,15,4800000,0,0.0,32.0,1,1,8.0,48.0,D_5k,14,80,16,80,48,256,48,COMPLETED,4800000,unknown_not_instrumented,unknown_not_instrumented,unknown_not_instrumented,unknown_not_instrumented,unknown_not_instrumented,unknown_not_instrumented
fashion_mnist,Yomo-Matched,total_state_preparations_per_image,128,15,19200000,0,0.0,128.0,1,1,8.0,48.0,D_5k,14,80,16,80,48,256,48,COMPLETED,19200000,unknown_not_instrumented,unknown_not_instrumented,unknown_not_instrumented,unknown_not_instrumented,unknown_not_instrumented,unknown_not_instrumented
fashion_mnist,Yomo-Matched,total_state_preparations_per_image,512,15,76800000,0,0.0,512.0,1,1,8.0,48.0,D_5k,14,80,16,80,48,256,48,COMPLETED,76800000,unknown_not_instrumented,unknown_not_instrumented,unknown_not_instrumented,unknown_not_instrumented,unknown_not_instrumented,unknown_not_instrumented
mnist,PdrQC-Matched,total_state_preparations_per_image,8,15,1200000,0,0.0,8.0,6,6,8.0,0.0,D_5k,1,8,0,8,0,60,610,COMPLETED,1200000,unknown_not_instrumented,unknown_not_instrumented,unknown_not_instrumented,unknown_not_instrumented,unknown_not_instrumented,unknown_not_instrumented
mnist,PdrQC-Matched,total_state_preparations_per_image,32,15,4800000,0,0.0,32.0,6,6,8.0,0.0,D_5k,1,8,0,8,0,60,610,COMPLETED,4800000,unknown_not_instrumented,unknown_not_instrumented,unknown_not_instrumented,unknown_not_instrumented,unknown_not_instrumented,unknown_not_instrumented
mnist,PdrQC-Matched,total_state_preparations_per_image,128,15,19200000,0,0.0,128.0,6,6,8.0,0.0,D_5k,1,8,0,8,0,60,610,COMPLETED,19200000,unknown_not_instrumented,unknown_not_instrumented,unknown_not_instrumented,unknown_not_instrumented,unknown_not_instrumented,unknown_not_instrumented
mnist,PdrQC-Matched,total_state_preparations_per_image,512,15,76800000,0,0.0,512.0,6,6,8.0,0.0,D_5k,1,8,0,8,0,60,610,COMPLETED,76800000,unknown_not_instrumented,unknown_not_instrumented,unknown_not_instrumented,unknown_not_instrumented,unknown_not_instrumented,unknown_not_instrumented
mnist,QF-Product,total_state_preparations_per_image,1,15,150000,0,0.0,1.0,1,1,8.0,0.0,D_5k,4,32,0,32,0,48,490,COMPLETED,150000,unknown_not_instrumented,unknown_not_instrumented,unknown_not_instrumented,unknown_not_instrumented,unknown_not_instrumented,unknown_not_instrumented
mnist,QF-Product,total_state_preparations_per_image,8,15,1200000,0,0.0,8.0,3,3,8.0,0.0,D_5k,4,32,0,32,0,48,490,COMPLETED,1200000,unknown_not_instrumented,unknown_not_instrumented,unknown_not_instrumented,unknown_not_instrumented,unknown_not_instrumented,unknown_not_instrumented
mnist,QF-Product,total_state_preparations_per_image,32,15,4800000,0,0.0,32.0,3,3,8.0,0.0,D_5k,4,32,0,32,0,48,490,COMPLETED,4800000,unknown_not_instrumented,unknown_not_instrumented,unknown_not_instrumented,unknown_not_instrumented,unknown_not_instrumented,unknown_not_instrumented
mnist,QF-Product,total_state_preparations_per_image,128,15,19200000,0,0.0,128.0,3,3,8.0,0.0,D_5k,4,32,0,32,0,48,490,COMPLETED,19200000,unknown_not_instrumented,unknown_not_instrumented,unknown_not_instrumented,unknown_not_instrumented,unknown_not_instrumented,unknown_not_instrumented
mnist,QF-Product,total_state_preparations_per_image,512,15,76800000,0,0.0,512.0,3,3,8.0,0.0,D_5k,4,32,0,32,0,48,490,COMPLETED,76800000,unknown_not_instrumented,unknown_not_instrumented,unknown_not_instrumented,unknown_not_instrumented,unknown_not_instrumented,unknown_not_instrumented
mnist,QF-Ring,total_state_preparations_per_image,1,15,150000,0,0.0,1.0,1,1,8.0,0.0,D_5k,8,32,16,32,0,48,490,COMPLETED,150000,unknown_not_instrumented,unknown_not_instrumented,unknown_not_instrumented,unknown_not_instrumented,unknown_not_instrumented,unknown_not_instrumented
mnist,QF-Ring,total_state_preparations_per_image,8,15,1200000,0,0.0,8.0,3,3,8.0,0.0,D_5k,8,32,16,32,0,48,490,COMPLETED,1200000,unknown_not_instrumented,unknown_not_instrumented,unknown_not_instrumented,unknown_not_instrumented,unknown_not_instrumented,unknown_not_instrumented
mnist,QF-Ring,total_state_preparations_per_image,32,15,4800000,0,0.0,32.0,3,3,8.0,0.0,D_5k,8,32,16,32,0,48,490,COMPLETED,4800000,unknown_not_instrumented,unknown_not_instrumented,unknown_not_instrumented,unknown_not_instrumented,unknown_not_instrumented,unknown_not_instrumented
mnist,QF-Ring,total_state_preparations_per_image,128,15,19200000,0,0.0,128.0,3,3,8.0,0.0,D_5k,8,32,16,32,0,48,490,COMPLETED,19200000,unknown_not_instrumented,unknown_not_instrumented,unknown_not_instrumented,unknown_not_instrumented,unknown_not_instrumented,unknown_not_instrumented
mnist,QF-Ring,total_state_preparations_per_image,512,15,76800000,0,0.0,512.0,3,3,8.0,0.0,D_5k,8,32,16,32,0,48,490,COMPLETED,76800000,unknown_not_instrumented,unknown_not_instrumented,unknown_not_instrumented,unknown_not_instrumented,unknown_not_instrumented,unknown_not_instrumented
mnist,QK-IQP,shots_per_kernel_entry,32,5,16000000000,0,500000000.0,160000.0,1,1,8.0,0.0,D_5k,8,32,16,32,0,1,not_applicable_kernel,COMPLETED,16000000000,unknown_not_instrumented,unknown_not_instrumented,unknown_not_instrumented,unknown_not_instrumented,unknown_not_instrumented,unknown_not_instrumented
mnist,QK-IQP,shots_per_kernel_entry,128,5,64000000000,0,500000000.0,640000.0,1,1,8.0,0.0,D_5k,8,32,16,32,0,1,not_applicable_kernel,COMPLETED,64000000000,unknown_not_instrumented,unknown_not_instrumented,unknown_not_instrumented,unknown_not_instrumented,unknown_not_instrumented,unknown_not_instrumented
mnist,QK-IQP,shots_per_kernel_entry,512,5,256000000000,0,500000000.0,2560000.0,1,1,8.0,0.0,D_5k,8,32,16,32,0,1,not_applicable_kernel,COMPLETED,256000000000,unknown_not_instrumented,unknown_not_instrumented,unknown_not_instrumented,unknown_not_instrumented,unknown_not_instrumented,unknown_not_instrumented
mnist,VQC-DR,total_state_preparations_per_image,1,15,150000,0,0.0,1.0,1,1,8.0,48.0,D_5k,14,80,16,80,48,8,138,COMPLETED,150000,unknown_not_instrumented,unknown_not_instrumented,unknown_not_instrumented,unknown_not_instrumented,unknown_not_instrumented,unknown_not_instrumented
mnist,VQC-DR,total_state_preparations_per_image,8,15,1200000,0,0.0,8.0,1,1,8.0,48.0,D_5k,14,80,16,80,48,8,138,COMPLETED,1200000,unknown_not_instrumented,unknown_not_instrumented,unknown_not_instrumented,unknown_not_instrumented,unknown_not_instrumented,unknown_not_instrumented
mnist,VQC-DR,total_state_preparations_per_image,32,15,4800000,0,0.0,32.0,1,1,8.0,48.0,D_5k,14,80,16,80,48,8,138,COMPLETED,4800000,unknown_not_instrumented,unknown_not_instrumented,unknown_not_instrumented,unknown_not_instrumented,unknown_not_instrumented,unknown_not_instrumented
mnist,VQC-DR,total_state_preparations_per_image,128,15,19200000,0,0.0,128.0,1,1,8.0,48.0,D_5k,14,80,16,80,48,8,138,COMPLETED,19200000,unknown_not_instrumented,unknown_not_instrumented,unknown_not_instrumented,unknown_not_instrumented,unknown_not_instrumented,unknown_not_instrumented
mnist,VQC-DR,total_state_preparations_per_image,512,15,76800000,0,0.0,512.0,1,1,8.0,48.0,D_5k,14,80,16,80,48,8,138,COMPLETED,76800000,unknown_not_instrumented,unknown_not_instrumented,unknown_not_instrumented,unknown_not_instrumented,unknown_not_instrumented,unknown_not_instrumented
mnist,Yomo-Matched,total_state_preparations_per_image,1,15,150000,0,0.0,1.0,1,1,8.0,48.0,D_5k,14,80,16,80,48,256,48,COMPLETED,150000,unknown_not_instrumented,unknown_not_instrumented,unknown_not_instrumented,unknown_not_instrumented,unknown_not_instrumented,unknown_not_instrumented
mnist,Yomo-Matched,total_state_preparations_per_image,8,15,1200000,0,0.0,8.0,1,1,8.0,48.0,D_5k,14,80,16,80,48,256,48,COMPLETED,1200000,unknown_not_instrumented,unknown_not_instrumented,unknown_not_instrumented,unknown_not_instrumented,unknown_not_instrumented,unknown_not_instrumented
mnist,Yomo-Matched,total_state_preparations_per_image,32,15,4800000,0,0.0,32.0,1,1,8.0,48.0,D_5k,14,80,16,80,48,256,48,COMPLETED,4800000,unknown_not_instrumented,unknown_not_instrumented,unknown_not_instrumented,unknown_not_instrumented,unknown_not_instrumented,unknown_not_instrumented
mnist,Yomo-Matched,total_state_preparations_per_image,128,15,19200000,0,0.0,128.0,1,1,8.0,48.0,D_5k,14,80,16,80,48,256,48,COMPLETED,19200000,unknown_not_instrumented,unknown_not_instrumented,unknown_not_instrumented,unknown_not_instrumented,unknown_not_instrumented,unknown_not_instrumented
mnist,Yomo-Matched,total_state_preparations_per_image,512,15,76800000,0,0.0,512.0,1,1,8.0,48.0,D_5k,14,80,16,80,48,256,48,COMPLETED,76800000,unknown_not_instrumented,unknown_not_instrumented,unknown_not_instrumented,unknown_not_instrumented,unknown_not_instrumented,unknown_not_instrumented
