contrast,dataset,metric,method_A,method_B,setting,effect_A_minus_B,ci_95_lower,ci_95_upper,raw_p,permutations,status,holm_p,interpretation
H1_fashion_mnist,fashion_mnist,accuracy,PdrQC-Matched,C-RBF,exact,-0.0219,-0.0275999903678894,-0.0159000158309936,9.999000099990002e-05,10000,ESTIMATED,0.0011998800119988,Statistically detectable paired difference.
H2_fashion_mnist,fashion_mnist,accuracy,QF-Ring,QF-Product,finite_shot_total_128,-0.0241133333333333,-0.0315399765968322,-0.0165329813957214,9.999000099990002e-05,10000,ESTIMATED,0.0011998800119988,Statistically detectable paired difference.
H3_fashion_mnist,fashion_mnist,accuracy,Yomo-Matched,VQC-DR,finite_shot_total_8,-0.0670133333333333,-0.073040160536766,-0.0609200149774551,9.999000099990002e-05,10000,ESTIMATED,0.0011998800119988,Statistically detectable paired difference.
H4_fashion_mnist,fashion_mnist,accuracy,PdrQC-Matched,QF-Ring,finite_shot_total_128,0.2181266666666666,0.2100064292550087,0.2261732831597328,9.999000099990002e-05,10000,ESTIMATED,0.0011998800119988,Statistically detectable paired difference.
H1_cifar10,cifar10,accuracy,PdrQC-Matched,C-RBF,exact,-0.035,-0.0414000153541564,-0.0286999940872192,9.999000099990002e-05,10000,ESTIMATED,0.0011998800119988,Statistically detectable paired difference.
H2_cifar10,cifar10,accuracy,QF-Ring,QF-Product,finite_shot_total_128,-0.0893866666666666,-0.0976799733936786,-0.0810531787574291,9.999000099990002e-05,10000,ESTIMATED,0.0011998800119988,Statistically detectable paired difference.
H3_cifar10,cifar10,accuracy,Yomo-Matched,VQC-DR,finite_shot_total_8,-0.0582066666666666,-0.0682473439723253,-0.0484198305755853,9.999000099990002e-05,10000,ESTIMATED,0.0011998800119988,Statistically detectable paired difference.
H4_cifar10,cifar10,accuracy,PdrQC-Matched,QF-Ring,finite_shot_total_128,0.3387,0.3297130115330219,0.3477469757199287,9.999000099990002e-05,10000,ESTIMATED,0.0011998800119988,Statistically detectable paired difference.
H1_breastmnist,breastmnist,auroc,PdrQC-Matched,C-RBF,exact,0.0106516290726816,-0.1021459899749373,0.1223945279866332,0.8619138086191381,10000,ESTIMATED,0.8619138086191381,No statistically detectable difference was observed.
H2_breastmnist,breastmnist,auroc,QF-Ring,QF-Product,finite_shot_total_128,-0.0489557226399334,-0.1584659565580617,0.0577008493455858,0.3485651434856514,10000,ESTIMATED,0.6971302869713029,No statistically detectable difference was observed.
H3_breastmnist,breastmnist,auroc,Yomo-Matched,VQC-DR,finite_shot_total_8,-0.1189919242550822,-0.1991160192147033,-0.0388883667502088,0.0191980801919808,10000,ESTIMATED,0.0767923207679232,No statistically detectable difference was observed.
H4_breastmnist,breastmnist,auroc,PdrQC-Matched,QF-Ring,finite_shot_total_128,0.1063074352548038,-0.0034913673071567,0.211571985519354,0.0432956704329567,10000,ESTIMATED,0.1298870112988701,No statistically detectable difference was observed.
